Age,Attrition,BusinessTravel,DailyRate,Department,DistanceFromHome,Education,EducationField,EmployeeCount,EmployeeNumber,EnvironmentSatisfaction,Gender,HourlyRate,JobInvolvement,JobLevel,JobRole,JobSatisfaction,MaritalStatus,MonthlyIncome,MonthlyRate,NumCompaniesWorked,Over18,OverTime,PercentSalaryHike,PerformanceRating,RelationshipSatisfaction,StandardHours,StockOptionLevel,TotalWorkingYears,TrainingTimesLastYear,WorkLifeBalance,YearsAtCompany,YearsInCurrentRole,YearsSinceLastPromotion,YearsWithCurrManager
21,Yes,Travel_Rarely,157,Research & Development,23,2,Medical,1,1,2,Female,68,1,1,Human Resources,3,Married,3494,13700,0,Y,Yes,20,3,1,80,3,5,4,2,4,2,1,3
51,No,Travel_Rarely,969,Research & Development,16,4,Technical Degree,1,2,3,Male,89,3,3,Sales Representative,3,Married,10333,16607,4,Y,No,15,3,3,80,0,22,2,2,16,11,6,14
46,No,Travel_Frequently,1374,Sales,4,1,Life Sciences,1,3,2,Female,61,3,3,Laboratory Technician,4,Single,8085,3501,2,Y,No,11,3,1,80,3,15,6,3,11,9,2,3
36,No,Travel_Rarely,273,Research & Development,14,5,Life Sciences,1,4,3,Female,81,4,2,Sales Executive,2,Single,5187,14677,2,Y,Yes,25,3,3,80,0,12,5,2,6,5,0,2
36,No,Travel_Rarely,686,Sales,6,3,Marketing,1,5,4,Male,32,3,2,Laboratory Technician,4,Single,3952,3459,0,Y,Yes,12,3,1,80,0,12,3,2,6,2,3,2
54,No,Travel_Rarely,200,Research & Development,22,3,Medical,1,6,1,Female,55,2,4,Research Scientist,3,Single,13350,19357,4,Y,No,15,4,4,80,0,24,4,1,12,10,6,8
21,No,Travel_Frequently,252,Research & Development,7,1,Medical,1,7,2,Male,62,3,1,Sales Executive,1,Married,3850,15151,0,Y,No,18,3,2,80,0,4,6,1,1,0,0,1
47,No,Travel_Rarely,1458,Sales,25,3,Marketing,1,8,1,Female,35,1,3,Sales Executive,1,Divorced,10395,17959,2,Y,No,16,3,3,80,0,17,2,4,13,5,1,7
26,Yes,Travel_Rarely,451,Sales,24,1,Technical Degree,1,9,4,Male,48,2,2,Sales Executive,2,Single,5148,10437,0,Y,No,13,3,3,80,1,5,6,1,0,0,0,0
22,No,Travel_Rarely,341,Research & Development,17,5,Medical,1,10,1,Male,77,1,1,Sales Executive,2,Single,2041,7077,0,Y,Yes,14,3,4,80,1,1,0,1,1,0,0,1
40,No,Travel_Rarely,1352,Sales,7,4,Other,1,11,3,Male,78,1,4,Manager,1,Married,14084,18965,1,Y,No,21,3,2,80,1,7,5,4,7,2,2,1
59,No,Travel_Rarely,479,Research & Development,10,3,Medical,1,12,1,Male,31,2,4,Laboratory Technician,1,Married,12062,3476,0,Y,No,11,3,2,80,3,24,4,4,20,13,9,5
49,No,Travel_Rarely,490,Research & Development,11,5,Medical,1,13,2,Male,48,1,4,Laboratory Technician,3,Single,15483,14131,0,Y,No,11,3,3,80,2,12,4,1,7,2,1,3
50,No,Travel_Frequently,1277,Research & Development,13,5,Life Sciences,1,14,4,Male,61,1,3,Manufacturing Director,4,Single,7023,8810,3,Y,No,15,3,1,80,0,19,4,4,14,9,3,7
48,No,Travel_Rarely,1161,Sales,26,1,Life Sciences,1,15,4,Female,49,4,4,Human Resources,1,Divorced,14377,10943,2,Y,No,25,3,3,80,0,16,3,3,7,2,1,2
51,No,Travel_Rarely,877,Research & Development,9,1,Life Sciences,1,16,1,Female,33,4,5,Manager,1,Single,19359,12834,3,Y,No,13,3,2,80,3,20,1,2,15,10,3,12
40,No,Travel_Rarely,1286,Research & Development,22,2,Marketing,1,17,3,Male,32,3,5,Healthcare Representative,3,Married,19753,13516,0,Y,No,20,3,4,80,1,10,1,1,9,4,3,6
23,No,Travel_Rarely,418,Sales,4,1,Medical,1,18,1,Male,69,4,2,Manager,1,Divorced,5807,7281,2,Y,No,16,3,3,80,3,1,6,4,0,0,0,0
54,No,Travel_Rarely,1215,Research & Development,7,3,Life Sciences,1,19,3,Female,56,1,5,Manager,4,Single,19003,5231,4,Y,No,18,3,4,80,3,19,2,3,9,6,5,7
37,No,Travel_Rarely,1030,Sales,6,3,Medical,1,20,3,Male,69,4,4,Manager,3,Married,14514,14108,0,Y,Yes,14,3,4,80,3,9,1,2,5,4,2,3
39,No,Non-Travel,899,Research & Development,22,3,Life Sciences,1,21,4,Male,80,2,3,Laboratory Technician,2,Single,9502,9150,3,Y,No,24,3,1,80,0,7,0,2,7,6,1,5
33,No,Travel_Frequently,621,Research & Development,29,1,Life Sciences,1,22,4,Male,67,2,3,Manufacturing Director,3,Single,10656,3008,0,Y,No,17,3,3,80,3,15,2,2,10,5,3,7
25,Yes,Travel_Frequently,269,Research & Development,8,5,Human Resources,1,23,2,Male,69,4,2,Laboratory Technician,1,Single,4177,23437,1,Y,No,11,3,3,80,3,2,5,2,2,2,0,1
57,No,Travel_Rarely,914,Research & Development,6,5,Life Sciences,1,24,1,Male,80,2,5,Laboratory Technician,2,Divorced,16793,13976,5,Y,No,15,4,2,80,3,16,2,4,6,4,1,4
51,No,Travel_Rarely,1223,Research & Development,10,3,Life Sciences,1,25,2,Male,42,3,4,Research Scientist,3,Single,12144,4309,1,Y,No,15,3,1,80,2,16,3,1,4,3,1,3
45,No,Travel_Rarely,237,Sales,6,1,Medical,1,26,1,Female,46,2,2,Research Scientist,4,Single,3324,10848,3,Y,No,24,3,2,80,0,18,4,2,18,4,2,12
35,No,Travel_Rarely,326,Sales,8,2,Life Sciences,1,27,1,Male,81,3,3,Laboratory Technician,4,Divorced,7060,5053,1,Y,No,11,3,1,80,1,2,4,3,1,0,0,1
53,Yes,Travel_Rarely,1331,Research & Development,10,4,Marketing,1,28,3,Female,47,1,3,Manufacturing Director,3,Single,6908,25980,3,Y,No,15,3,4,80,1,21,0,1,8,2,1,2
41,No,Travel_Rarely,1308,Research & Development,10,4,Other,1,29,4,Male,92,1,2,Laboratory Technician,2,Divorced,5000,14137,2,Y,No,13,3,1,80,1,9,2,3,9,7,1,7
37,No,Travel_Rarely,933,Research & Development,3,2,Medical,1,30,3,Male,59,3,3,Sales Executive,4,Married,9526,23928,2,Y,No,13,3,1,80,1,11,4,3,11,3,4,5
37,No,Travel_Rarely,742,Research & Development,8,5,Medical,1,31,3,Male,35,4,2,Research Scientist,1,Married,6252,10608,1,Y,Yes,25,3,1,80,3,8,4,3,3,1,2,2
27,No,Travel_Frequently,108,Sales,29,5,Life Sciences,1,32,3,Male,79,1,2,Research Scientist,2,Married,4753,25781,3,Y,No,22,3,1,80,1,13,2,3,9,5,3,6
21,No,Travel_Rarely,1375,Sales,3,3,Medical,1,33,4,Male,60,3,1,Manager,2,Married,2357,25345,1,Y,Yes,25,3,1,80,1,3,1,2,2,2,1,1
41,No,Travel_Rarely,883,Sales,13,2,Life Sciences,1,34,1,Male,38,1,3,Research Scientist,3,Single,10913,18502,4,Y,No,23,4,3,80,1,9,1,3,6,4,2,2
56,No,Travel_Rarely,213,Human Resources,12,3,Life Sciences,1,35,3,Male,45,3,4,Sales Executive,3,Divorced,14714,12515,1,Y,Yes,23,3,1,80,2,18,0,4,4,3,1,3
20,No,Travel_Rarely,607,Research & Development,29,1,Technical Degree,1,36,4,Male,92,4,2,Sales Executive,2,Divorced,5707,26300,0,Y,No,19,3,3,80,1,3,0,2,3,1,1,1
54,No,Travel_Frequently,1268,Research & Development,13,3,Medical,1,37,1,Female,62,2,4,Laboratory Technician,4,Divorced,14146,16352,3,Y,No,18,3,2,80,3,18,6,2,8,7,1,3
53,No,Travel_Rarely,1367,Sales,29,1,Medical,1,38,3,Male,47,4,4,Sales Executive,2,Married,13653,6813,1,Y,No,16,3,2,80,3,19,2,3,14,3,1,3
29,No,Travel_Frequently,991,Sales,13,1,Life Sciences,1,39,1,Male,68,2,1,Laboratory Technician,3,Married,5404,3848,0,Y,Yes,12,3,3,80,1,6,2,1,4,2,2,2
45,No,Travel_Frequently,295,Research & Development,8,3,Technical Degree,1,40,4,Female,39,4,3,Manufacturing Director,1,Married,8272,15353,1,Y,No,23,3,1,80,1,9,3,2,9,5,3,2
25,No,Travel_Rarely,326,Research & Development,13,3,Life Sciences,1,41,3,Female,57,3,2,Human Resources,1,Single,5679,8265,0,Y,Yes,16,3,3,80,3,3,3,1,0,0,0,0
50,Yes,Travel_Rarely,568,Research & Development,4,5,Life Sciences,1,42,4,Male,72,2,5,Healthcare Representative,1,Married,17021,20602,4,Y,Yes,21,3,3,80,3,18,0,2,14,9,2,11
48,No,Travel_Rarely,1167,Research & Development,14,3,Technical Degree,1,43,2,Male,97,2,3,Sales Executive,1,Married,7736,15777,1,Y,No,25,3,3,80,3,13,6,1,9,6,4,4
33,No,Travel_Rarely,1170,Research & Development,8,5,Medical,1,44,3,Male,49,4,2,Laboratory Technician,4,Married,4839,14106,1,Y,No,16,3,1,80,0,11,3,1,7,2,1,5
20,No,Travel_Rarely,1148,Research & Development,8,5,Human Resources,1,45,4,Female,88,2,1,Sales Representative,3,Married,3584,9114,1,Y,No,13,3,1,80,0,3,3,2,3,1,1,1
59,No,Non-Travel,416,Human Resources,23,2,Life Sciences,1,46,1,Female,59,2,4,Research Scientist,4,Married,13070,7417,1,Y,No,16,3,1,80,2,19,3,3,14,4,7,4
37,No,Travel_Rarely,538,Research & Development,10,5,Medical,1,47,4,Female,93,3,2,Human Resources,2,Married,5558,7101,0,Y,No,25,3,4,80,1,14,6,2,9,2,2,6
56,No,Travel_Frequently,539,Research & Development,2,3,Other,1,48,3,Male,34,1,4,Laboratory Technician,1,Married,13272,18377,2,Y,Yes,11,3,2,80,1,13,6,4,10,8,4,4
47,No,Travel_Rarely,1120,Research & Development,17,3,Medical,1,49,3,Male,39,1,4,Sales Executive,2,Divorced,12679,21621,2,Y,No,14,4,1,80,0,12,0,4,11,7,5,9
51,No,Non-Travel,1179,Sales,19,1,Medical,1,50,3,Female,63,2,3,Research Scientist,1,Married,7130,26281,7,Y,Yes,11,3,1,80,3,21,4,1,21,6,10,7
50,No,Travel_Rarely,143,Research & Development,29,2,Life Sciences,1,51,4,Male,85,2,4,Human Resources,2,Single,13792,18950,2,Y,No,22,3,2,80,0,22,1,3,9,2,0,7
26,No,Travel_Rarely,1097,Sales,14,3,Marketing,1,52,1,Female,51,3,2,Human Resources,1,Single,5624,15124,2,Y,No,13,4,2,80,2,13,0,1,12,9,2,6
33,No,Travel_Rarely,644,Research & Development,9,2,Technical Degree,1,53,2,Female,38,2,3,Research Director,1,Married,8268,19277,2,Y,No,15,3,4,80,3,8,3,1,7,5,4,5
38,No,Travel_Rarely,604,Research & Development,17,3,Medical,1,54,2,Female,42,2,2,Research Scientist,3,Married,4501,8273,0,Y,Yes,14,3,4,80,0,12,3,4,12,10,4,3
39,No,Travel_Frequently,811,Research & Development,5,1,Human Resources,1,55,4,Female,50,4,3,Sales Representative,4,Divorced,8335,23931,4,Y,Yes,11,3,4,80,2,14,3,3,11,3,3,7
19,No,Travel_Rarely,754,Research & Development,8,2,Medical,1,56,1,Male,57,4,1,Research Scientist,1,Single,2613,3103,2,Y,No,24,3,1,80,3,6,0,2,3,2,0,1
41,Yes,Travel_Rarely,1470,Research & Development,18,4,Medical,1,57,1,Male,70,2,2,Laboratory Technician,4,Single,4250,24646,1,Y,Yes,16,4,3,80,1,13,4,1,4,1,0,3
24,No,Travel_Rarely,873,Sales,10,4,Life Sciences,1,58,4,Female,84,2,2,Manager,4,Married,5600,4687,0,Y,Yes,23,3,2,80,1,7,3,2,7,5,4,2
49,No,Travel_Rarely,1255,Sales,3,5,Medical,1,59,2,Male,39,3,4,Human Resources,1,Married,16172,25652,0,Y,No,18,3,1,80,2,17,0,4,14,7,4,6
47,No,Travel_Rarely,1342,Sales,10,5,Technical Degree,1,60,4,Male,84,4,4,Laboratory Technician,1,Divorced,13821,21450,4,Y,Yes,11,3,2,80,3,16,2,3,13,9,6,8
57,No,Travel_Rarely,1474,Research & Development,13,5,Medical,1,61,1,Male,100,3,5,Laboratory Technician,1,Divorced,17247,12547,3,Y,Yes,13,3,3,80,2,16,0,1,11,2,2,5
50,No,Travel_Rarely,1026,Research & Development,10,1,Life Sciences,1,62,3,Male,55,1,5,Research Scientist,3,Married,19999,14179,2,Y,No,11,3,1,80,0,15,6,2,11,8,2,8
33,No,Travel_Rarely,1425,Sales,3,4,Medical,1,63,4,Female,44,3,1,Laboratory Technician,3,Divorced,4509,9421,1,Y,No,14,4,4,80,2,6,5,1,5,2,2,3
59,No,Travel_Rarely,929,Research & Development,1,2,Marketing,1,64,4,Male,99,3,5,Sales Executive,4,Single,19999,7290,1,Y,No,19,3,3,80,0,16,3,1,13,10,6,3
35,No,Non-Travel,617,Research & Development,20,2,Human Resources,1,65,2,Female,94,4,3,Research Director,3,Married,8449,9900,1,Y,No,12,3,4,80,3,3,0,1,3,1,1,2
32,No,Travel_Rarely,1234,Research & Development,19,2,Life Sciences,1,66,3,Male,38,4,2,Sales Executive,1,Divorced,4560,23514,0,Y,Yes,16,3,1,80,1,6,5,4,4,3,1,2
56,No,Travel_Rarely,1334,Research & Development,7,3,Life Sciences,1,67,4,Female,89,3,5,Manager,4,Married,17928,8414,6,Y,No,11,3,1,80,2,18,2,1,7,2,2,4
33,No,Travel_Rarely,527,Sales,7,1,Life Sciences,1,68,4,Male,90,3,1,Research Scientist,4,Divorced,4369,12954,0,Y,No,23,3,4,80,2,9,4,1,1,1,0,0
21,No,Travel_Rarely,1446,Research & Development,9,3,Life Sciences,1,69,2,Female,51,1,2,Laboratory Technician,3,Single,7427,19164,0,Y,No,16,3,4,80,1,5,5,4,1,1,0,0
38,No,Travel_Rarely,722,Research & Development,21,1,Other,1,70,1,Male,99,4,3,Research Scientist,4,Single,7396,21912,4,Y,Yes,25,3,3,80,3,11,2,4,11,5,4,8
52,No,Travel_Rarely,423,Sales,13,3,Medical,1,71,2,Male,43,2,3,Laboratory Technician,2,Married,5476,9670,1,Y,No,15,3,1,80,3,16,6,3,14,5,1,11
26,No,Travel_Rarely,1061,Human Resources,28,4,Medical,1,72,2,Male,70,3,1,Manufacturing Director,3,Divorced,2979,22299,0,Y,No,18,3,2,80,2,2,1,4,1,0,0,1
37,No,Travel_Rarely,441,Research & Development,13,1,Life Sciences,1,73,3,Male,79,3,2,Healthcare Representative,3,Single,4415,6453,4,Y,No,18,4,4,80,3,13,2,1,7,3,1,4
23,Yes,Travel_Rarely,666,Research & Development,6,1,Medical,1,74,3,Male,34,1,1,Human Resources,2,Divorced,2151,19973,0,Y,No,13,3,4,80,0,3,1,1,3,2,1,1
47,No,Non-Travel,847,Research & Development,7,5,Other,1,75,2,Male,95,2,3,Research Scientist,4,Single,8214,4825,0,Y,No,22,4,3,80,0,13,2,2,8,2,4,4
38,No,Travel_Rarely,771,Research & Development,17,4,Medical,1,76,4,Female,95,3,2,Manufacturing Director,3,Married,5992,26315,1,Y,No,24,3,2,80,1,10,5,4,10,2,5,3
32,No,Travel_Rarely,264,Research & Development,29,2,Life Sciences,1,77,1,Male,56,2,3,Human Resources,4,Married,7563,4579,0,Y,Yes,23,3,4,80,0,5,3,1,1,0,0,1
27,No,Travel_Rarely,326,Research & Development,14,5,Life Sciences,1,78,4,Male,61,3,3,Research Scientist,2,Single,8663,24431,0,Y,Yes,17,3,2,80,1,4,6,3,4,2,1,1
42,Yes,Travel_Rarely,213,Research & Development,24,2,Other,1,79,3,Male,56,3,3,Research Director,2,Married,8349,21037,1,Y,Yes,22,4,1,80,0,10,6,1,4,1,1,3
46,No,Travel_Rarely,954,Sales,16,5,Other,1,80,4,Female,42,1,3,Human Resources,4,Married,5734,5218,1,Y,No,17,3,2,80,1,13,2,4,9,6,2,3
58,No,Travel_Rarely,1487,Sales,15,1,Life Sciences,1,81,3,Female,92,2,5,Research Director,1,Married,19654,21389,1,Y,No,13,3,2,80,0,22,5,1,18,4,2,3
36,No,Travel_Rarely,996,Sales,29,4,Medical,1,82,4,Male,93,2,3,Manufacturing Director,3,Single,7959,10655,0,Y,No,21,3,3,80,1,11,3,3,6,5,2,4
24,No,Travel_Rarely,882,Research & Development,5,1,Life Sciences,1,83,1,Male,70,2,1,Manager,4,Single,1483,26562,2,Y,Yes,17,3,3,80,1,10,2,3,5,4,0,1
53,No,Travel_Rarely,1298,Research & Development,9,1,Medical,1,84,1,Male,60,1,4,Laboratory Technician,4,Divorced,13129,25859,2,Y,No,16,3,3,80,1,21,2,2,5,2,1,1
45,No,Non-Travel,136,Research & Development,8,3,Life Sciences,1,85,3,Male,78,1,3,Manufacturing Director,4,Married,8744,25209,5,Y,No,12,3,1,80,3,20,0,4,10,8,3,5
48,No,Travel_Rarely,221,Research & Development,12,1,Marketing,1,86,1,Male,65,2,4,Human Resources,3,Divorced,14055,18420,4,Y,No,14,3,3,80,2,17,3,3,10,6,4,8
22,No,Travel_Frequently,1485,Sales,3,3,Human Resources,1,87,1,Male,83,4,1,Research Scientist,1,Married,3773,24428,0,Y,No,17,4,1,80,0,5,4,2,2,1,0,1
31,No,Travel_Rarely,1358,Research & Development,11,2,Life Sciences,1,88,2,Male,70,4,2,Sales Representative,2,Divorced,6024,13145,1,Y,No,22,4,4,80,2,6,6,3,0,0,0,0
51,No,Non-Travel,877,Research & Development,7,1,Medical,1,89,2,Male,42,4,3,Laboratory Technician,4,Single,7094,3559,4,Y,Yes,16,4,2,80,3,19,2,2,7,5,2,2
53,No,Travel_Rarely,222,Research & Development,7,5,Life Sciences,1,90,3,Male,94,4,5,Sales Executive,3,Married,15455,23565,3,Y,No,13,3,4,80,0,15,0,3,12,4,6,6
36,No,Travel_Rarely,367,Research & Development,25,5,Life Sciences,1,91,3,Female,60,4,3,Healthcare Representative,2,Married,8645,3283,0,Y,No,16,3,4,80,0,4,3,3,0,0,0,0
52,No,Travel_Frequently,1143,Research & Development,6,5,Life Sciences,1,92,3,Male,65,3,5,Sales Representative,4,Single,19757,18005,4,Y,No,11,3,1,80,3,22,2,2,21,6,4,12
54,Yes,Travel_Rarely,424,Research & Development,29,1,Life Sciences,1,93,4,Female,77,1,4,Manufacturing Director,2,Single,13757,15560,3,Y,No,17,4,1,80,0,13,6,3,4,2,2,2
34,No,Travel_Rarely,924,Human Resources,13,2,Other,1,94,1,Female,93,2,3,Sales Representative,2,Married,9293,11323,3,Y,No,18,3,4,80,3,10,4,4,4,3,0,3
56,No,Non-Travel,1160,Research & Development,1,2,Life Sciences,1,95,4,Male,59,3,5,Research Scientist,2,Divorced,17798,20506,2,Y,No,21,3,2,80,1,16,6,3,7,2,1,4
30,No,Travel_Rarely,669,Sales,24,2,Technical Degree,1,96,2,Male,42,2,2,Human Resources,2,Married,5085,8849,2,Y,No,11,3,1,80,3,11,2,2,0,0,0,0
28,Yes,Travel_Rarely,759,Sales,1,3,Life Sciences,1,97,3,Female,37,2,2,Healthcare Representative,3,Single,4395,25277,5,Y,No,20,3,3,80,2,10,3,2,9,7,2,4
47,No,Travel_Rarely,1392,Research & Development,4,3,Medical,1,98,4,Male,73,1,3,Sales Representative,4,Divorced,9337,23290,2,Y,Yes,22,3,4,80,3,16,0,4,13,5,5,5
45,No,Travel_Frequently,1471,Sales,15,3,Medical,1,99,2,Male,59,2,5,Research Scientist,4,Single,17908,24976,2,Y,No,23,3,3,80,3,18,0,4,18,5,6,7
24,Yes,Travel_Frequently,739,Sales,10,2,Human Resources,1,100,1,Female,67,2,1,Laboratory Technician,2,Single,5472,23182,0,Y,Yes,25,3,2,80,2,4,2,2,3,1,1,2
53,No,Travel_Rarely,387,Human Resources,19,5,Life Sciences,1,101,4,Female,90,4,4,Human Resources,2,Divorced,13398,22685,3,Y,No,21,3,2,80,0,25,2,3,6,5,2,2
26,No,Travel_Rarely,136,Sales,7,5,Life Sciences,1,102,3,Female,53,4,1,Sales Executive,4,Married,3958,24964,1,Y,Yes,25,3,2,80,3,8,4,1,2,1,0,0
52,No,Travel_Rarely,353,Human Resources,7,2,Marketing,1,103,1,Male,75,1,4,Laboratory Technician,3,Divorced,13413,24970,3,Y,No,16,3,3,80,0,14,1,3,11,7,4,5
18,No,Travel_Rarely,829,Research & Development,8,2,Marketing,1,104,2,Male,45,3,1,Sales Representative,1,Divorced,4605,21633,0,Y,No,13,4,2,80,1,2,6,1,2,2,1,0
52,No,Travel_Frequently,1470,Research & Development,16,3,Medical,1,105,4,Female,79,4,5,Manager,3,Married,19999,21960,3,Y,No,11,4,2,80,1,16,5,2,5,3,2,2
51,No,Travel_Rarely,845,Research & Development,19,2,Life Sciences,1,106,3,Male,34,2,4,Research Director,4,Single,13611,6695,2,Y,No,24,3,1,80,1,15,6,4,11,8,3,6
51,No,Travel_Rarely,1475,Research & Development,4,5,Life Sciences,1,107,4,Female,44,4,3,Manager,2,Married,8830,6438,3,Y,No,12,3,1,80,0,11,2,1,11,7,3,8
46,No,Travel_Rarely,1141,Research & Development,26,3,Technical Degree,1,108,3,Female,48,1,4,Human Resources,3,Divorced,15529,11769,3,Y,No,12,3,4,80,3,15,3,4,9,7,3,3
38,No,Travel_Rarely,214,Sales,29,1,Medical,1,109,1,Male,43,2,2,Laboratory Technician,4,Divorced,5865,11204,0,Y,No,22,3,4,80,1,6,3,2,3,2,1,2
48,No,Travel_Frequently,602,Research & Development,11,1,Medical,1,110,1,Female,78,4,4,Healthcare Representative,1,Married,12895,10264,0,Y,No,16,3,1,80,3,6,5,2,3,1,1,0
29,No,Travel_Rarely,914,Research & Development,14,1,Life Sciences,1,111,4,Female,58,3,3,Research Director,4,Married,8584,9512,1,Y,No,18,3,1,80,0,5,5,2,2,0,0,2
51,No,Travel_Rarely,205,Sales,7,2,Life Sciences,1,112,3,Male,49,2,4,Manager,1,Single,13102,8516,1,Y,No,12,3,2,80,1,14,3,4,13,4,1,7
41,No,Travel_Frequently,128,Research & Development,23,2,Human Resources,1,113,3,Male,49,4,2,Sales Executive,1,Married,5681,16239,0,Y,No,17,3,3,80,2,9,6,3,7,4,3,3
37,No,Non-Travel,590,Research & Development,1,5,Marketing,1,114,3,Male,81,2,3,Research Scientist,2,Divorced,7555,21886,0,Y,No,23,4,4,80,3,0,3,1,0,0,0,0
39,No,Travel_Rarely,1350,Research & Development,29,5,Life Sciences,1,115,2,Male,68,4,3,Manufacturing Director,1,Single,8947,22280,0,Y,No,19,3,3,80,2,8,1,1,6,4,2,3
42,No,Non-Travel,943,Research & Development,29,1,Human Resources,1,116,2,Female,92,2,3,Manager,3,Married,6353,5198,2,Y,No,14,3,3,80,2,12,1,1,6,4,2,3
19,No,Travel_Rarely,832,Sales,4,5,Medical,1,117,4,Female,65,2,1,Manufacturing Director,3,Divorced,1654,15572,1,Y,No,13,3,3,80,3,0,2,1,0,0,0,0
24,Yes,Travel_Frequently,863,Research & Development,6,3,Life Sciences,1,118,4,Male,79,2,1,Sales Representative,2,Married,2048,14028,1,Y,Yes,20,3,3,80,1,6,2,1,1,1,0,1
28,No,Travel_Rarely,863,Sales,10,2,Life Sciences,1,119,4,Female,95,2,2,Sales Representative,4,Married,5308,22009,0,Y,No,21,3,4,80,3,11,1,4,9,6,2,7
22,No,Travel_Rarely,1285,Sales,21,3,Marketing,1,120,4,Male,87,3,1,Research Scientist,2,Single,1186,23652,1,Y,Yes,22,3,4,80,3,5,3,2,3,1,1,2
36,No,Travel_Rarely,548,Sales,3,3,Life Sciences,1,121,4,Male,83,4,2,Healthcare Representative,4,Single,4440,10346,1,Y,Yes,12,3,2,80,3,13,1,4,9,5,2,7
46,No,Travel_Rarely,479,Research & Development,8,1,Medical,1,122,3,Female,70,3,4,Manufacturing Director,3,Single,14934,21743,2,Y,No,16,3,1,80,2,18,6,3,7,3,2,2
46,No,Travel_Rarely,497,Research & Development,17,5,Medical,1,123,2,Male,91,1,4,Research Scientist,3,Single,15077,16928,1,Y,No,11,3,4,80,0,11,2,1,2,1,1,1
38,No,Travel_Rarely,897,Research & Development,4,1,Life Sciences,1,124,1,Female,97,3,2,Laboratory Technician,4,Single,2460,8752,1,Y,No,22,3,2,80,3,12,4,1,12,4,2,6
54,No,Travel_Rarely,476,Sales,11,1,Human Resources,1,125,2,Male,38,2,5,Manufacturing Director,2,Single,18296,16059,3,Y,Yes,14,4,2,80,1,21,5,4,19,8,2,7
42,No,Travel_Rarely,1464,Sales,12,2,Life Sciences,1,126,2,Male,84,1,4,Sales Representative,1,Single,15530,2979,2,Y,Yes,15,3,1,80,3,11,6,1,11,4,3,9
21,No,Travel_Rarely,1065,Research & Development,5,1,Life Sciences,1,127,1,Male,30,2,1,Laboratory Technician,4,Single,3463,3442,1,Y,Yes,19,4,4,80,0,0,4,1,0,0,0,0
50,No,Travel_Rarely,540,Sales,12,1,Medical,1,128,2,Male,52,4,3,Sales Executive,3,Divorced,8989,12401,1,Y,No,13,3,1,80,0,18,1,2,14,12,6,11
42,No,Non-Travel,465,Research & Development,13,2,Medical,1,129,4,Male,87,2,2,Laboratory Technician,1,Single,6177,25961,0,Y,No,22,3,4,80,1,7,3,2,7,3,4,4
45,No,Non-Travel,711,Research & Development,7,2,Medical,1,130,2,Male,81,3,4,Sales Representative,4,Married,12849,16875,2,Y,No,17,3,1,80,3,10,0,1,4,3,2,2
42,No,Travel_Rarely,1303,Research & Development,3,1,Medical,1,131,2,Male,73,1,3,Manufacturing Director,3,Divorced,8757,18819,2,Y,No,19,3,1,80,0,10,1,3,2,0,1,1
41,No,Travel_Rarely,1490,Research & Development,2,5,Technical Degree,1,132,3,Male,77,4,4,Research Scientist,3,Single,14566,23381,0,Y,No,21,4,3,80,0,13,6,3,7,6,1,2
21,Yes,Travel_Rarely,845,Sales,16,5,Marketing,1,133,4,Female,41,4,1,Human Resources,1,Married,3128,13254,1,Y,No,20,3,1,80,1,4,0,2,4,3,1,3
42,No,Travel_Rarely,303,Sales,16,4,Marketing,1,134,4,Male,83,1,3,Sales Executive,4,Divorced,8028,15250,3,Y,No,11,3,2,80,3,16,2,3,8,7,2,1
52,No,Travel_Frequently,161,Research & Development,9,3,Life Sciences,1,135,4,Male,37,3,4,Research Scientist,3,Married,13942,9046,1,Y,No,12,4,1,80,0,14,0,3,6,3,3,4
31,No,Travel_Rarely,903,Research & Development,10,5,Life Sciences,1,136,1,Female,52,4,2,Laboratory Technician,3,Single,4132,8714,1,Y,Yes,23,4,3,80,3,4,3,1,2,1,0,1
43,Yes,Travel_Rarely,972,Research & Development,8,2,Medical,1,137,1,Male,36,4,3,Manager,1,Married,9237,24950,1,Y,Yes,24,3,1,80,1,15,5,2,13,6,2,3
19,No,Travel_Rarely,619,Sales,26,3,Life Sciences,1,138,3,Male,66,3,2,Sales Representative,3,Married,3778,19297,0,Y,No,14,3,3,80,2,0,0,1,0,0,0,0
32,No,Travel_Rarely,1344,Research & Development,8,1,Marketing,1,139,4,Female,91,3,2,Sales Executive,4,Married,4520,5379,0,Y,No,11,3,2,80,2,6,0,4,5,4,1,2
36,No,Travel_Frequently,166,Research & Development,29,4,Life Sciences,1,140,3,Male,92,3,3,Sales Representative,4,Single,9318,12097,0,Y,No,21,3,2,80,3,3,6,3,3,1,1,1
60,No,Travel_Rarely,530,Research & Development,6,1,Life Sciences,1,141,4,Female,30,1,5,Manager,2,Single,19348,21331,3,Y,Yes,25,3,2,80,0,21,1,4,12,3,6,9
27,Yes,Travel_Rarely,1164,Sales,23,4,Life Sciences,1,142,3,Male,99,1,1,Human Resources,1,Divorced,2419,22646,2,Y,No,12,3,3,80,2,11,0,4,5,4,1,1
29,No,Travel_Rarely,442,Human Resources,4,4,Life Sciences,1,143,2,Male,44,2,2,Human Resources,2,Married,3445,18507,2,Y,No,12,3,4,80,1,3,0,1,1,0,0,0
35,No,Non-Travel,379,Sales,15,2,Life Sciences,1,144,4,Male,55,2,3,Sales Representative,3,Single,8445,2684,3,Y,No,16,4,1,80,1,13,6,2,12,8,1,4
60,No,Travel_Rarely,1122,Research & Development,3,4,Medical,1,145,4,Male,49,4,5,Sales Executive,2,Married,18244,11426,0,Y,Yes,20,3,1,80,2,20,6,4,8,3,1,2
54,No,Travel_Frequently,1348,Research & Development,7,2,Medical,1,146,2,Female,64,4,5,Research Scientist,3,Divorced,19577,12529,1,Y,Yes,17,3,4,80,2,12,1,3,12,5,2,4
19,No,Travel_Frequently,359,Research & Development,23,2,Life Sciences,1,147,3,Male,30,2,1,Human Resources,4,Single,2380,6631,1,Y,No,18,4,4,80,1,0,1,3,0,0,0,0
28,No,Travel_Rarely,685,Research & Development,3,3,Life Sciences,1,148,3,Male,53,2,3,Manufacturing Director,1,Single,6399,12607,0,Y,Yes,18,3,2,80,2,3,1,4,3,2,1,2
53,No,Travel_Frequently,1463,Research & Development,29,2,Marketing,1,149,1,Male,51,3,4,Manufacturing Director,1,Married,12340,11253,1,Y,No,25,3,1,80,2,16,3,3,8,6,3,6
20,No,Travel_Rarely,304,Sales,20,4,Life Sciences,1,150,2,Male,80,3,1,Human Resources,2,Married,2488,16726,1,Y,No,15,4,4,80,1,4,5,4,0,0,0,0
54,No,Travel_Rarely,295,Sales,20,2,Medical,1,151,1,Female,90,4,4,Research Director,1,Married,14131,9886,4,Y,No,12,4,3,80,1,24,5,4,18,6,3,6
30,No,Travel_Rarely,445,Research & Development,20,3,Medical,1,152,2,Male,32,3,2,Manager,4,Divorced,4103,11025,1,Y,No,18,3,3,80,1,2,2,2,2,1,1,0
57,No,Travel_Rarely,772,Research & Development,29,5,Medical,1,153,3,Female,59,3,4,Research Director,1,Single,13090,23732,1,Y,Yes,18,3,2,80,1,17,4,4,14,11,5,7
30,No,Travel_Rarely,1265,Sales,15,2,Technical Degree,1,154,3,Female,97,4,3,Sales Executive,1,Married,9451,12110,0,Y,No,15,3,3,80,1,4,1,4,4,1,0,1
36,No,Travel_Rarely,709,Sales,7,3,Medical,1,155,4,Male,95,4,4,Manager,2,Married,15332,6848,2,Y,No,25,3,2,80,0,5,6,1,4,1,1,1
46,No,Travel_Rarely,624,Research & Development,17,5,Other,1,156,1,Female,69,2,4,Human Resources,2,Married,14332,20396,5,Y,Yes,13,3,2,80,3,14,4,3,7,4,0,4
23,No,Travel_Rarely,1288,Sales,11,2,Technical Degree,1,157,4,Female,83,2,3,Sales Executive,3,Married,8158,8634,0,Y,No,13,3,4,80,2,4,6,1,1,1,0,0
41,No,Travel_Rarely,460,Sales,28,1,Life Sciences,1,158,1,Female,49,4,2,Research Scientist,1,Divorced,4754,6359,2,Y,No,13,3,2,80,2,6,1,3,5,2,1,3
39,No,Travel_Rarely,613,Research & Development,11,2,Life Sciences,1,159,2,Male,87,1,2,Sales Representative,4,Single,6147,21118,1,Y,No,25,3,4,80,2,11,6,4,6,1,1,3
51,No,Travel_Rarely,449,Research & Development,21,5,Life Sciences,1,160,1,Male,32,2,4,Laboratory Technician,1,Married,13620,8030,4,Y,Yes,24,4,2,80,3,12,2,3,1,1,1,1
60,No,Non-Travel,255,Human Resources,5,4,Life Sciences,1,161,1,Female,66,1,5,Sales Executive,4,Single,19999,2268,2,Y,No,25,3,3,80,3,20,4,4,15,13,7,6
46,No,Non-Travel,916,Human Resources,11,5,Medical,1,162,1,Male,69,4,3,Research Scientist,3,Married,9667,4643,3,Y,No,12,3,3,80,1,19,0,2,4,3,1,3
35,No,Travel_Rarely,1455,Sales,11,2,Life Sciences,1,163,1,Male,42,4,1,Research Scientist,4,Married,3492,20598,2,Y,No,11,3,3,80,1,11,1,1,10,7,4,4
35,No,Travel_Rarely,460,Research & Development,28,5,Life Sciences,1,164,2,Female,71,2,3,Research Scientist,1,Married,7903,8511,2,Y,Yes,16,3,3,80,3,10,3,4,4,3,2,1
35,No,Travel_Rarely,202,Research & Development,20,2,Life Sciences,1,165,2,Female,96,1,4,Research Director,3,Single,13496,11916,2,Y,No,18,3,2,80,2,7,3,1,2,1,1,1
53,No,Travel_Frequently,1408,Research & Development,5,4,Medical,1,166,1,Male,79,1,5,Healthcare Representative,2,Divorced,17028,14680,3,Y,No,14,4,4,80,3,17,0,1,6,5,2,1
31,No,Travel_Rarely,250,Sales,12,5,Medical,1,167,2,Male,40,3,3,Manager,3,Divorced,8437,8996,0,Y,No,20,3,3,80,0,9,0,3,3,2,1,1
25,Yes,Travel_Frequently,170,Sales,9,2,Other,1,168,1,Male,67,2,2,Sales Executive,1,Divorced,5400,6804,0,Y,No,20,3,1,80,1,6,5,2,1,0,1,1
32,No,Travel_Rarely,1131,Sales,20,5,Life Sciences,1,169,3,Male,80,4,2,Laboratory Technician,3,Divorced,3847,3841,1,Y,Yes,21,3,3,80,1,7,1,2,3,2,1,2
18,Yes,Travel_Rarely,319,Research & Development,22,4,Life Sciences,1,170,3,Female,66,4,1,Research Scientist,4,Single,5837,3926,1,Y,Yes,16,3,4,80,1,2,5,1,0,0,0,0
22,No,Travel_Rarely,1493,Human Resources,26,4,Other,1,171,1,Female,40,2,3,Research Director,4,Married,9167,24878,0,Y,Yes,11,3,3,80,2,0,1,1,0,0,0,0
21,No,Travel_Rarely,701,Research & Development,21,4,Medical,1,172,3,Male,51,3,1,Human Resources,4,Single,1991,26908,1,Y,No,15,3,4,80,3,0,1,3,0,0,0,0
51,No,Travel_Frequently,1038,Research & Development,6,1,Medical,1,173,4,Female,62,1,4,Laboratory Technician,3,Divorced,16465,18033,5,Y,Yes,13,4,2,80,0,19,0,3,10,8,2,8
49,No,Travel_Rarely,392,Human Resources,11,4,Medical,1,174,4,Male,43,1,5,Human Resources,1,Single,18405,13430,2,Y,No,25,3,1,80,3,18,3,2,18,7,6,7
47,No,Travel_Rarely,397,Research & Development,23,2,Life Sciences,1,175,1,Male,60,2,4,Sales Executive,2,Single,14996,22285,0,Y,No,23,3,2,80,3,15,3,2,12,9,5,5
37,No,Travel_Rarely,1189,Sales,29,2,Technical Degree,1,176,4,Male,47,1,2,Research Scientist,1,Married,5605,22803,2,Y,No,25,3,1,80,1,15,4,2,13,3,2,3
48,No,Travel_Rarely,814,Research & Development,4,1,Medical,1,177,2,Male,39,1,4,Sales Representative,1,Single,13446,13109,2,Y,Yes,22,3,1,80,1,17,5,4,11,7,2,8
24,No,Travel_Rarely,1382,Research & Development,17,1,Medical,1,178,4,Female,56,3,1,Research Scientist,2,Married,2596,20493,1,Y,Yes,12,3,3,80,3,3,4,4,3,3,1,1
56,No,Travel_Rarely,1389,Sales,11,5,Medical,1,179,1,Female,31,1,5,Human Resources,3,Single,19999,4507,1,Y,No,17,3,1,80,0,14,1,2,13,10,2,3
39,No,Travel_Rarely,940,Research & Development,14,2,Life Sciences,1,180,3,Female,84,1,4,Sales Executive,1,Married,15051,6214,2,Y,No,21,4,1,80,3,16,2,1,4,3,2,2
58,No,Travel_Rarely,1192,Research & Development,20,2,Life Sciences,1,181,4,Male,32,3,4,Sales Representative,4,Divorced,13853,23167,3,Y,No,11,3,2,80,3,22,0,3,19,13,5,12
24,Yes,Travel_Rarely,1295,Sales,12,3,Marketing,1,182,2,Female,38,1,2,Sales Executive,3,Married,3040,14852,1,Y,No,24,4,1,80,1,10,4,1,4,2,1,2
39,No,Travel_Rarely,915,Research & Development,13,4,Medical,1,183,3,Female,51,1,3,Sales Executive,3,Single,8865,22397,3,Y,No,23,3,1,80,2,19,2,3,11,7,1,9
47,No,Travel_Rarely,1220,Sales,5,3,Life Sciences,1,184,1,Female,75,3,5,Laboratory Technician,3,Single,17504,16236,1,Y,No,25,3,3,80,2,10,1,3,9,4,5,7
39,Yes,Travel_Rarely,139,Sales,11,3,Life Sciences,1,185,3,Female,61,1,3,Human Resources,2,Single,9146,5001,1,Y,Yes,15,3,2,80,3,6,6,4,6,4,3,3
37,Yes,Travel_Frequently,323,Sales,10,5,Human Resources,1,186,4,Male,32,2,3,Manufacturing Director,3,Single,7643,6024,0,Y,No,15,4,3,80,3,0,3,2,0,0,0,0
25,No,Travel_Rarely,764,Research & Development,10,3,Life Sciences,1,187,2,Female,53,3,2,Healthcare Representative,3,Married,4769,15362,1,Y,No,20,3,2,80,3,8,0,3,6,3,2,4
34,No,Travel_Rarely,211,Research & Development,10,4,Life Sciences,1,188,4,Male,33,1,2,Sales Executive,4,Married,4734,4880,1,Y,Yes,22,3,1,80,0,11,0,1,7,3,3,3
28,Yes,Travel_Frequently,747,Sales,29,5,Medical,1,189,3,Female,60,3,1,Sales Executive,3,Single,4225,23150,4,Y,Yes,15,3,3,80,3,6,2,4,0,0,0,0
30,No,Travel_Rarely,980,Sales,20,4,Marketing,1,190,3,Male,49,2,2,Sales Executive,4,Single,3380,8649,0,Y,No,15,3,4,80,3,3,6,2,3,1,1,2
47,No,Travel_Rarely,615,Sales,4,1,Medical,1,191,2,Male,93,2,3,Sales Representative,2,Divorced,9385,19411,0,Y,Yes,16,3,3,80,2,14,0,4,3,1,1,2
45,No,Travel_Rarely,1474,Sales,2,2,Technical Degree,1,192,3,Female,55,3,2,Research Scientist,2,Single,5911,8600,1,Y,No,20,3,1,80,0,14,2,1,12,6,4,6
44,Yes,Travel_Rarely,1320,Research & Development,10,4,Life Sciences,1,193,4,Male,71,1,3,Research Scientist,4,Single,8413,21378,3,Y,Yes,12,3,3,80,2,16,2,2,6,2,3,4
33,No,Travel_Rarely,1264,Research & Development,25,3,Human Resources,1,194,1,Male,43,3,1,Healthcare Representative,3,Married,2462,9007,1,Y,No,18,3,1,80,1,9,4,2,6,5,0,5
59,No,Travel_Frequently,1097,Research & Development,5,2,Technical Degree,1,195,4,Male,64,2,4,Manufacturing Director,2,Single,14584,14962,4,Y,Yes,14,3,1,80,1,22,4,4,13,3,7,5
21,No,Non-Travel,962,Research & Development,22,2,Medical,1,196,1,Female,92,1,1,Laboratory Technician,2,Divorced,2472,8381,0,Y,No,21,3,1,80,1,2,3,4,0,0,0,0
32,No,Travel_Rarely,1026,Research & Development,6,1,Medical,1,197,4,Female,31,4,2,Sales Executive,3,Single,4961,23892,1,Y,Yes,22,3,4,80,1,12,5,3,9,3,1,5
23,No,Travel_Rarely,256,Sales,9,2,Life Sciences,1,198,3,Male,51,2,1,Laboratory Technician,3,Married,3077,15712,3,Y,No,24,3,4,80,2,6,0,2,4,3,1,3
32,Yes,Travel_Frequently,1411,Sales,10,4,Medical,1,199,4,Female,55,1,2,Manager,2,Married,7564,15101,2,Y,No,16,3,3,80,0,4,2,3,0,0,0,0
59,No,Travel_Rarely,1191,Research & Development,12,1,Life Sciences,1,200,1,Male,63,2,4,Research Scientist,1,Divorced,12185,9425,4,Y,No,12,4,4,80,0,25,0,2,14,12,7,4
33,No,Travel_Rarely,506,Research & Development,3,5,Life Sciences,1,201,1,Male,59,3,2,Manager,4,Married,6101,6651,1,Y,No,14,3,2,80,1,13,2,3,3,2,0,1
57,No,Travel_Rarely,1056,Research & Development,4,2,Other,1,202,2,Male,100,2,5,Sales Executive,2,Married,18828,21311,2,Y,No,14,3,1,80,1,21,1,2,11,8,2,2
39,No,Travel_Rarely,679,Research & Development,8,5,Life Sciences,1,203,4,Male,40,2,2,Human Resources,1,Married,5235,3420,4,Y,No,11,3,4,80,3,12,6,3,5,2,2,1
48,No,Travel_Rarely,1406,Research & Development,2,2,Medical,1,204,4,Male,48,1,4,Human Resources,2,Married,12168,3398,4,Y,No,19,3,3,80,1,21,4,4,18,11,5,6
37,No,Travel_Rarely,849,Research & Development,8,5,Life Sciences,1,205,4,Female,63,1,3,Sales Executive,4,Married,6393,18419,0,Y,No,20,3,3,80,3,4,1,1,1,0,0,0
29,No,Travel_Rarely,1093,Research & Development,14,3,Life Sciences,1,206,4,Female,73,2,2,Laboratory Technician,1,Married,5908,17572,1,Y,No,16,4,1,80,0,11,4,4,4,3,1,3
50,No,Travel_Rarely,366,Sales,5,5,Life Sciences,1,207,4,Male,35,2,5,Laboratory Technician,3,Married,17477,10257,2,Y,No,15,3,4,80,2,14,5,3,10,8,5,4
59,No,Non-Travel,246,Sales,8,1,Life Sciences,1,208,4,Male,83,3,5,Research Director,2,Single,19999,21331,3,Y,No,19,3,1,80,3,24,1,2,3,1,0,1
29,No,Travel_Rarely,1359,Sales,13,4,Medical,1,209,1,Female,67,2,2,Manufacturing Director,3,Single,4281,3572,0,Y,No,13,3,1,80,1,7,3,4,6,4,3,4
51,No,Travel_Rarely,953,Sales,3,2,Other,1,210,1,Male,49,1,4,Healthcare Representative,3,Married,14661,12981,4,Y,Yes,22,4,1,80,0,12,3,3,7,3,2,3
29,No,Travel_Rarely,1029,Research & Development,14,2,Medical,1,211,1,Male,57,3,1,Sales Executive,1,Single,2309,24680,0,Y,No,14,3,4,80,2,5,6,3,2,1,1,1
48,No,Travel_Rarely,666,Research & Development,11,1,Other,1,212,2,Male,34,4,4,Sales Executive,2,Married,13251,10046,2,Y,Yes,21,3,4,80,0,19,2,2,16,10,2,12
51,Yes,Non-Travel,983,Research & Development,6,5,Medical,1,213,2,Male,77,4,4,Manager,4,Single,12903,21635,3,Y,No,21,4,1,80,0,16,4,3,8,4,3,3
37,No,Non-Travel,690,Research & Development,26,4,Medical,1,214,3,Female,86,4,2,Healthcare Representative,4,Married,6024,9642,1,Y,No,22,3,2,80,0,8,3,1,8,7,4,4
49,No,Travel_Rarely,991,Sales,5,5,Life Sciences,1,215,3,Female,100,2,3,Sales Representative,4,Married,9359,7862,2,Y,No,19,3,3,80,1,13,2,2,8,3,4,3
29,Yes,Travel_Rarely,986,Research & Development,15,3,Life Sciences,1,216,3,Male,50,2,1,Research Director,2,Married,2621,10257,2,Y,No,13,4,3,80,2,9,2,2,6,5,0,3
21,No,Travel_Rarely,410,Research & Development,15,1,Technical Degree,1,217,3,Female,49,1,1,Healthcare Representative,1,Married,3709,9323,1,Y,No,11,3,1,80,0,9,6,1,6,4,2,3
22,No,Travel_Rarely,1358,Sales,5,2,Medical,1,218,4,Male,52,3,1,Manufacturing Director,4,Single,3015,5016,1,Y,No,11,3,1,80,1,0,6,3,0,0,0,0
37,No,Travel_Rarely,1422,Sales,6,3,Life Sciences,1,219,1,Male,39,2,3,Human Resources,3,Single,6899,24753,2,Y,No,13,4,1,80,3,20,1,4,14,7,2,7
56,Yes,Travel_Rarely,1163,Research & Development,17,1,Marketing,1,220,2,Female,59,3,5,Sales Representative,1,Married,19454,16565,2,Y,Yes,24,3,4,80,2,19,3,2,8,2,3,4
23,No,Travel_Rarely,130,Sales,21,5,Life Sciences,1,221,2,Female,38,2,3,Research Director,3,Divorced,8139,26047,1,Y,No,12,3,3,80,2,6,0,2,6,4,3,1
37,Yes,Travel_Rarely,133,Research & Development,14,5,Marketing,1,222,1,Female,32,1,3,Human Resources,2,Married,5363,17621,1,Y,No,17,3,4,80,2,9,2,2,3,2,1,1
48,No,Travel_Rarely,1225,Research & Development,17,3,Life Sciences,1,223,4,Male,54,3,4,Laboratory Technician,1,Married,13531,24323,1,Y,No,18,3,4,80,3,15,6,3,12,3,1,6
26,No,Travel_Rarely,307,Research & Development,8,3,Human Resources,1,224,2,Male,90,2,3,Manager,1,Married,6468,11799,1,Y,No,20,3,1,80,0,6,4,3,4,1,1,1
49,No,Travel_Rarely,1467,Sales,24,4,Life Sciences,1,225,1,Female,98,3,4,Manager,2,Married,12522,6774,2,Y,No,12,3,1,80,1,12,3,1,10,5,2,6
31,Yes,Travel_Rarely,609,Research & Development,3,4,Life Sciences,1,226,3,Male,91,4,2,Sales Executive,1,Married,5201,25899,0,Y,Yes,12,3,3,80,0,5,5,4,1,0,0,1
52,No,Travel_Rarely,348,Research & Development,13,1,Medical,1,227,1,Male,98,2,4,Healthcare Representative,4,Married,13910,22642,3,Y,No,23,3,1,80,2,21,3,3,12,5,6,8
42,No,Travel_Rarely,1058,Sales,23,3,Life Sciences,1,228,2,Male,91,1,4,Laboratory Technician,1,Single,12998,24793,0,Y,No,21,3,3,80,1,7,3,4,1,1,0,0
41,No,Travel_Rarely,1059,Research & Development,21,4,Human Resources,1,229,3,Male,76,3,3,Laboratory Technician,1,Single,9133,25086,0,Y,No,20,3,4,80,0,13,0,4,9,4,1,4
25,No,Travel_Rarely,987,Research & Development,1,5,Medical,1,230,2,Female,42,3,1,Sales Executive,3,Married,2863,9512,0,Y,No,12,4,4,80,3,3,0,3,3,2,1,2
37,No,Travel_Frequently,1175,Research & Development,20,3,Life Sciences,1,231,4,Female,87,2,3,Manager,2,Married,7991,15682,1,Y,Yes,21,3,2,80,2,7,3,3,6,3,1,4
54,No,Non-Travel,805,Sales,8,5,Life Sciences,1,232,2,Male,99,3,4,Manager,1,Married,14052,20333,4,Y,No,22,3,2,80,0,25,0,3,13,8,3,11
18,No,Travel_Rarely,541,Research & Development,8,3,Human Resources,1,233,1,Female,65,4,1,Manufacturing Director,1,Married,4446,24002,1,Y,No,23,3,3,80,0,0,0,3,0,0,0,0
50,No,Travel_Rarely,702,Sales,14,2,Medical,1,234,2,Male,76,1,4,Sales Executive,1,Single,11420,4990,4,Y,No,11,3,1,80,2,12,2,3,3,1,0,1
39,No,Travel_Rarely,982,Sales,4,3,Technical Degree,1,235,1,Female,57,4,3,Manufacturing Director,2,Divorced,10059,25314,2,Y,No,19,3,3,80,1,10,3,1,10,5,3,4
48,No,Travel_Rarely,1205,Sales,15,4,Life Sciences,1,236,3,Female,72,3,4,Sales Executive,2,Single,13260,20967,3,Y,No,12,3,2,80,3,12,5,2,8,6,2,6
46,No,Travel_Rarely,705,Human Resources,23,5,Human Resources,1,237,3,Female,31,4,3,Research Scientist,3,Divorced,7565,13889,0,Y,No,16,3,3,80,0,14,6,3,10,9,4,6
36,No,Travel_Rarely,235,Sales,29,2,Medical,1,238,1,Male,81,4,3,Research Scientist,3,Single,8017,20417,0,Y,No,16,3,3,80,0,10,4,3,10,2,2,8
31,No,Travel_Rarely,663,Research & Development,29,2,Medical,1,239,2,Female,66,1,2,Research Director,1,Married,4436,9139,0,Y,No,13,3,4,80,2,8,6,2,3,2,1,2
44,No,Travel_Rarely,933,Research & Development,14,4,Life Sciences,1,240,4,Female,83,1,5,Laboratory Technician,2,Married,17752,10975,2,Y,No,14,4,2,80,1,13,2,1,7,5,3,6
24,Yes,Travel_Rarely,1182,Research & Development,7,4,Life Sciences,1,241,4,Male,56,1,2,Manufacturing Director,2,Single,6516,7063,2,Y,Yes,25,3,2,80,3,2,4,1,0,0,0,0
43,Yes,Travel_Rarely,1231,Research & Development,5,2,Other,1,242,3,Female,59,1,3,Research Director,1,Single,8692,11731,2,Y,Yes,25,4,1,80,3,15,0,4,7,5,1,6
22,Yes,Travel_Rarely,1205,Research & Development,29,4,Other,1,243,4,Female,40,2,1,Laboratory Technician,2,Single,1009,9790,0,Y,Yes,18,3,3,80,0,3,0,1,3,1,1,2
45,No,Travel_Rarely,482,Sales,9,1,Life Sciences,1,244,1,Female,71,2,4,Research Director,1,Married,14809,16689,0,Y,No,17,3,4,80,3,12,4,2,6,5,1,4
45,No,Travel_Rarely,134,Sales,1,2,Human Resources,1,245,3,Female,95,4,3,Sales Executive,2,Single,9134,12901,3,Y,No,25,3,2,80,3,19,2,1,12,7,1,10
21,Yes,Travel_Rarely,384,Research & Development,6,5,Life Sciences,1,246,1,Female,71,4,1,Research Scientist,3,Divorced,1218,9072,0,Y,No,18,3,4,80,0,2,3,1,0,0,0,0
50,Yes,Travel_Rarely,269,Research & Development,7,3,Life Sciences,1,247,3,Male,93,2,4,Sales Executive,1,Single,14216,11720,2,Y,Yes,17,3,2,80,2,20,6,4,5,4,1,3
35,No,Travel_Rarely,1042,Research & Development,20,5,Life Sciences,1,248,1,Female,30,3,3,Manufacturing Director,3,Married,9245,16357,2,Y,No,11,3,2,80,2,13,5,2,6,2,2,3
51,No,Travel_Rarely,480,Research & Development,29,2,Life Sciences,1,249,2,Male,82,2,4,Human Resources,1,Single,12075,21831,5,Y,No,13,3,1,80,0,21,2,4,10,7,2,7
19,Yes,Travel_Frequently,347,Research & Development,22,2,Life Sciences,1,250,1,Male,30,3,1,Healthcare Representative,2,Divorced,3342,24200,0,Y,Yes,18,3,3,80,2,4,4,4,1,1,0,1
25,No,Travel_Rarely,855,Human Resources,17,5,Life Sciences,1,251,2,Female,60,2,2,Healthcare Representative,4,Divorced,4690,8696,0,Y,No,15,3,3,80,3,5,6,3,3,2,1,2
39,No,Travel_Rarely,784,Research & Development,29,5,Life Sciences,1,252,3,Female,63,4,3,Research Scientist,3,Divorced,9151,13172,2,Y,No,11,3,2,80,1,11,1,2,5,2,2,2
26,No,Travel_Rarely,1084,Sales,21,5,Marketing,1,253,4,Female,63,1,2,Human Resources,4,Divorced,4380,19855,0,Y,No,21,4,3,80,3,4,3,4,1,1,1,1
32,No,Travel_Frequently,1391,Research & Development,26,2,Technical Degree,1,254,4,Male,69,4,3,Laboratory Technician,1,Single,9751,7179,0,Y,No,20,3,3,80,2,0,5,3,0,0,0,0
46,No,Travel_Frequently,219,Sales,7,5,Medical,1,255,4,Female,84,4,4,Research Scientist,1,Married,13708,20417,1,Y,No,11,3,3,80,2,17,4,4,13,9,2,8
24,No,Travel_Frequently,186,Research & Development,4,3,Life Sciences,1,256,1,Male,80,1,2,Human Resources,2,Single,4762,15992,1,Y,No,25,3,1,80,2,5,3,2,3,2,1,1
47,No,Travel_Rarely,1243,Sales,5,5,Marketing,1,257,4,Male,33,3,3,Laboratory Technician,1,Divorced,7633,5523,2,Y,Yes,14,3,3,80,2,17,3,3,10,5,2,7
22,Yes,Travel_Rarely,1372,Research & Development,10,5,Life Sciences,1,258,2,Male,83,4,1,Research Scientist,3,Married,4049,18353,0,Y,Yes,15,3,2,80,3,3,4,3,3,2,0,2
25,No,Travel_Rarely,570,Research & Development,29,3,Marketing,1,259,4,Male,58,4,2,Sales Executive,2,Married,4632,6085,0,Y,No,13,3,2,80,2,7,3,3,3,2,1,1
43,No,Travel_Rarely,367,Sales,8,2,Medical,1,260,4,Male,71,2,2,Sales Executive,4,Divorced,6773,15193,0,Y,No,23,3,2,80,2,8,2,3,5,3,0,3
52,No,Travel_Rarely,519,Sales,5,5,Life Sciences,1,261,4,Female,95,3,3,Sales Representative,1,Divorced,8756,9817,0,Y,No,25,3,3,80,0,13,6,3,5,2,2,3
25,No,Travel_Rarely,775,Research & Development,29,3,Life Sciences,1,262,3,Male,50,1,2,Laboratory Technician,2,Divorced,3837,2682,0,Y,No,25,3,4,80,2,0,5,4,0,0,0,0
30,No,Travel_Rarely,118,Sales,15,3,Marketing,1,263,4,Female,73,2,3,Human Resources,1,Single,8531,18909,1,Y,Yes,12,4,1,80,3,6,4,4,2,1,1,1
57,No,Travel_Frequently,286,Research & Development,8,4,Human Resources,1,264,2,Male,73,2,4,Sales Executive,3,Single,14056,18762,4,Y,No,25,3,1,80,2,16,1,2,16,12,4,6
60,No,Travel_Rarely,150,Research & Development,4,5,Medical,1,265,1,Male,65,2,5,Healthcare Representative,1,Single,17298,8884,7,Y,No,11,3,2,80,2,17,3,4,8,6,3,6
42,No,Travel_Rarely,1093,Sales,3,1,Other,1,266,2,Male,48,2,3,Manager,2,Married,8510,3012,2,Y,No,22,3,2,80,0,13,1,2,6,5,2,5
37,No,Travel_Rarely,723,Sales,23,5,Human Resources,1,267,1,Female,83,3,3,Healthcare Representative,2,Married,9151,24046,0,Y,No,20,3,1,80,3,9,1,1,8,3,4,3
32,No,Travel_Frequently,1495,Research & Development,2,3,Life Sciences,1,268,1,Male,88,4,2,Laboratory Technician,3,Single,6854,12489,1,Y,No,24,3,2,80,2,3,1,1,3,2,1,2
44,No,Non-Travel,723,Human Resources,11,1,Marketing,1,269,1,Male,97,3,2,Manufacturing Director,2,Divorced,6801,23381,2,Y,Yes,19,3,3,80,1,22,1,3,13,11,7,6
43,Yes,Travel_Rarely,524,Sales,29,2,Life Sciences,1,270,1,Male,60,2,2,Manager,3,Single,8367,12414,3,Y,No,16,3,4,80,0,13,5,2,11,3,2,3
30,No,Non-Travel,530,Human Resources,8,3,Medical,1,271,4,Male,39,3,2,Research Director,1,Married,5501,20568,0,Y,No,20,3,3,80,3,3,3,4,3,1,1,2
18,No,Travel_Frequently,1393,Research & Development,15,4,Life Sciences,1,272,4,Female,93,3,1,Research Scientist,4,Divorced,3665,23173,0,Y,No,19,3,2,80,2,0,5,4,0,0,0,0
24,No,Travel_Frequently,364,Research & Development,6,3,Other,1,273,4,Female,73,2,1,Laboratory Technician,3,Married,2273,19098,1,Y,No,13,3,3,80,1,4,6,3,3,2,1,1
59,No,Travel_Frequently,1121,Research & Development,29,1,Marketing,1,274,3,Male,39,1,5,Healthcare Representative,1,Married,19999,23578,3,Y,No,20,3,2,80,2,19,1,1,10,5,5,8
35,No,Travel_Rarely,1330,Research & Development,16,3,Life Sciences,1,275,4,Female,85,3,2,Research Scientist,1,Single,4431,3701,1,Y,No,21,4,1,80,3,14,1,1,9,3,2,5
38,No,Travel_Frequently,1450,Research & Development,29,2,Life Sciences,1,276,2,Female,80,1,3,Sales Executive,2,Single,10707,21396,2,Y,No,14,3,3,80,3,10,1,4,7,4,3,2
38,No,Travel_Rarely,220,Research & Development,12,2,Medical,1,277,4,Female,89,3,3,Human Resources,4,Married,10553,19979,3,Y,Yes,20,3,2,80,1,17,0,2,6,4,1,3
51,No,Travel_Rarely,1040,Research & Development,14,4,Marketing,1,278,4,Female,60,4,4,Sales Executive,2,Married,13058,22509,2,Y,Yes,15,3,2,80,3,15,0,1,15,12,6,8
20,No,Travel_Rarely,1234,Research & Development,17,5,Human Resources,1,279,1,Male,63,4,2,Research Scientist,2,Single,6744,17899,2,Y,No,18,4,4,80,0,4,4,2,2,1,0,1
21,No,Travel_Frequently,1054,Sales,10,1,Life Sciences,1,280,2,Male,39,4,1,Healthcare Representative,2,Divorced,3548,7543,1,Y,No,16,3,3,80,1,6,4,4,6,5,2,2
29,Yes,Non-Travel,1276,Research & Development,21,4,Medical,1,281,2,Female,60,2,1,Sales Executive,2,Married,2506,17199,0,Y,No,20,3,3,80,2,11,2,1,11,7,6,5
38,No,Travel_Rarely,1420,Sales,11,3,Medical,1,282,1,Male,69,2,3,Sales Executive,2,Divorced,8337,19933,0,Y,Yes,11,4,3,80,2,15,3,3,6,5,3,3
46,No,Non-Travel,1332,Sales,19,2,Life Sciences,1,283,1,Male,91,3,4,Sales Executive,1,Married,14319,26858,3,Y,No,13,3,2,80,0,13,1,2,7,3,2,4
39,No,Travel_Rarely,1118,Sales,29,4,Medical,1,284,4,Male,45,1,2,Sales Executive,3,Divorced,5933,20754,0,Y,No,17,4,3,80,1,11,4,4,8,6,1,6
36,No,Travel_Rarely,373,Sales,13,2,Life Sciences,1,285,1,Male,33,4,2,Laboratory Technician,1,Single,7293,23043,0,Y,Yes,21,3,4,80,1,1,4,2,0,0,0,0
58,No,Travel_Rarely,1285,Research & Development,7,4,Life Sciences,1,286,3,Male,50,1,5,Sales Representative,3,Single,19685,21471,4,Y,No,22,3,3,80,1,19,4,3,9,6,1,7
24,No,Travel_Frequently,1058,Research & Development,28,3,Life Sciences,1,287,4,Female,44,4,1,Research Scientist,2,Divorced,2076,4641,1,Y,No,13,3,4,80,2,8,3,2,3,2,0,3
42,No,Travel_Rarely,499,Research & Development,17,1,Technical Degree,1,288,4,Female,62,4,2,Laboratory Technician,3,Divorced,6392,21888,3,Y,No,20,3,1,80,0,15,5,3,10,4,5,4
41,No,Travel_Rarely,1005,Sales,9,4,Life Sciences,1,289,2,Male,80,4,4,Healthcare Representative,3,Married,11903,19664,0,Y,No,25,3,3,80,2,12,0,1,9,4,3,2
38,No,Travel_Rarely,337,Research & Development,6,5,Life Sciences,1,290,1,Male,55,1,2,Research Scientist,3,Single,5036,6159,3,Y,No,20,3,3,80,0,16,2,1,12,4,1,7
52,No,Travel_Rarely,1266,Research & Development,1,3,Marketing,1,291,2,Male,54,4,5,Laboratory Technician,3,Single,18652,6768,0,Y,Yes,11,3,4,80,2,15,0,3,11,3,4,9
29,No,Travel_Rarely,996,Research & Development,12,4,Human Resources,1,292,2,Male,57,1,2,Laboratory Technician,2,Married,6290,8492,0,Y,No,20,3,4,80,3,4,5,2,2,1,0,0
59,No,Travel_Frequently,1001,Research & Development,12,1,Medical,1,293,4,Male,99,2,5,Research Scientist,3,Divorced,19999,16702,3,Y,No,16,4,1,80,3,18,0,1,9,2,2,3
32,Yes,Travel_Rarely,454,Research & Development,6,2,Life Sciences,1,294,4,Female,58,3,2,Laboratory Technician,1,Married,5761,21611,0,Y,Yes,11,3,2,80,3,4,3,4,2,2,0,1
41,No,Travel_Frequently,313,Research & Development,6,2,Medical,1,295,1,Female,80,2,1,Sales Executive,2,Single,2566,24019,4,Y,No,17,3,4,80,1,14,1,3,7,5,1,5
40,No,Travel_Rarely,702,Human Resources,6,4,Life Sciences,1,296,1,Female,31,4,2,Research Director,1,Married,4662,5763,2,Y,No,11,3,4,80,1,12,4,1,3,2,1,1
54,No,Non-Travel,590,Research & Development,11,2,Medical,1,297,4,Female,37,2,4,Human Resources,3,Married,15002,26531,2,Y,No,12,4,1,80,3,20,2,1,16,8,7,6
36,No,Travel_Rarely,1297,Research & Development,23,4,Life Sciences,1,298,4,Female,56,1,3,Research Director,4,Married,8266,5181,0,Y,No,13,4,3,80,0,8,3,4,6,2,2,2
30,No,Travel_Rarely,1477,Research & Development,10,2,Life Sciences,1,299,4,Male,67,1,1,Sales Executive,3,Married,2396,16717,0,Y,No,14,4,2,80,3,7,6,2,5,2,2,4
18,No,Travel_Rarely,983,Sales,8,4,Life Sciences,1,300,4,Female,57,4,1,Manager,1,Divorced,4142,26426,0,Y,No,24,3,3,80,0,0,6,2,0,0,0,0
33,No,Travel_Rarely,1215,Research & Development,4,2,Medical,1,301,2,Female,49,3,2,Manufacturing Director,1,Single,6903,12456,0,Y,Yes,14,3,3,80,0,10,2,3,8,2,4,4
53,No,Travel_Rarely,1420,Research & Development,2,3,Life Sciences,1,302,2,Male,72,2,4,Sales Executive,2,Married,12849,26196,1,Y,No,23,3,2,80,0,18,2,2,14,10,7,11
18,Yes,Travel_Frequently,1128,Sales,4,1,Life Sciences,1,303,1,Male,48,1,1,Human Resources,3,Married,1204,17846,0,Y,Yes,13,3,2,80,0,0,2,1,0,0,0,0
56,No,Travel_Rarely,597,Human Resources,8,4,Medical,1,304,4,Female,64,3,5,Sales Representative,2,Married,18883,10480,3,Y,Yes,19,3,4,80,3,18,4,3,17,8,8,13
41,No,Travel_Rarely,426,Research & Development,7,1,Marketing,1,305,4,Male,37,2,4,Sales Executive,4,Divorced,12632,23906,1,Y,Yes,15,3,2,80,0,11,6,3,2,0,0,1
24,No,Travel_Rarely,494,Sales,14,5,Life Sciences,1,306,4,Male,42,1,2,Human Resources,3,Married,3968,2308,0,Y,No,16,3,1,80,1,10,4,1,5,3,1,1
30,No,Non-Travel,541,Sales,13,5,Medical,1,307,3,Male,94,3,3,Sales Executive,4,Married,7251,21127,0,Y,No,18,3,1,80,3,3,3,1,1,0,0,0
41,Yes,Travel_Rarely,400,Sales,5,3,Medical,1,308,4,Male,71,4,3,Laboratory Technician,4,Single,9756,12012,2,Y,No,25,3,1,80,3,13,6,3,6,5,3,2
31,No,Travel_Rarely,1045,Research & Development,14,5,Life Sciences,1,309,1,Female,51,2,4,Sales Executive,1,Married,14780,19913,0,Y,No,21,3,1,80,1,4,1,4,1,0,0,1
22,Yes,Travel_Rarely,1465,Sales,6,5,Other,1,310,2,Male,32,3,1,Sales Executive,4,Single,5949,2738,0,Y,No,11,3,1,80,1,1,0,4,1,0,0,1
46,No,Travel_Rarely,462,Research & Development,10,1,Technical Degree,1,311,1,Female,85,2,3,Human Resources,1,Single,7730,24635,0,Y,Yes,24,3,3,80,1,15,0,3,9,2,4,3
46,No,Travel_Rarely,702,Research & Development,4,4,Life Sciences,1,312,3,Male,53,4,4,Manufacturing Director,1,Married,15596,5666,5,Y,No,12,3,3,80,2,13,4,1,11,10,4,8
23,No,Travel_Rarely,1417,Research & Development,14,2,Life Sciences,1,313,1,Male,62,3,2,Research Scientist,3,Married,6092,17186,1,Y,Yes,18,3,4,80,1,4,6,2,2,1,1,1
30,Yes,Travel_Rarely,1387,Research & Development,6,5,Life Sciences,1,314,2,Female,74,3,2,Sales Representative,3,Divorced,4832,7675,1,Y,Yes,20,3,3,80,2,8,1,2,6,4,0,3
28,No,Travel_Rarely,138,Sales,28,5,Life Sciences,1,315,2,Female,35,1,2,Research Director,3,Married,5324,25103,0,Y,No,19,3,1,80,3,4,5,4,1,1,0,0
46,Yes,Travel_Rarely,583,Sales,7,5,Medical,1,316,1,Male,74,4,2,Human Resources,1,Divorced,4827,22994,0,Y,Yes,19,3,3,80,0,17,6,1,12,10,1,10
49,No,Travel_Rarely,589,Research & Development,4,3,Technical Degree,1,317,1,Male,100,1,5,Human Resources,1,Married,19310,22929,2,Y,No,21,3,2,80,3,14,6,2,4,1,0,2
49,No,Non-Travel,503,Sales,7,1,Technical Degree,1,318,4,Female,42,3,4,Human Resources,4,Married,15184,11440,0,Y,No,25,3,1,80,2,15,5,3,11,8,4,8
58,No,Travel_Rarely,1417,Sales,5,1,Life Sciences,1,319,2,Male,96,2,5,Healthcare Representative,3,Divorced,18558,6621,5,Y,No,14,3,3,80,0,21,2,2,20,15,1,14
51,No,Travel_Rarely,1178,Research & Development,1,1,Medical,1,320,4,Male,54,3,3,Research Scientist,2,Married,9518,2298,1,Y,No,23,3,3,80,3,17,4,3,10,2,5,5
31,No,Travel_Rarely,192,Sales,29,5,Life Sciences,1,321,2,Male,30,4,2,Human Resources,1,Divorced,7025,7145,0,Y,No,11,3,2,80,1,10,3,1,7,2,2,1
22,No,Travel_Rarely,965,Research & Development,16,3,Medical,1,322,1,Male,62,1,1,Sales Executive,1,Married,4793,17955,1,Y,No,25,3,1,80,0,4,3,4,3,2,1,2
44,No,Travel_Frequently,907,Research & Development,13,2,Life Sciences,1,323,1,Female,44,1,4,Sales Executive,2,Single,12592,10580,0,Y,No,16,3,1,80,0,15,4,2,9,2,1,2
57,No,Travel_Rarely,834,Research & Development,9,3,Human Resources,1,324,3,Male,59,4,5,Laboratory Technician,2,Married,18941,3853,2,Y,No,21,3,4,80,0,18,4,2,13,5,6,11
59,No,Travel_Rarely,1110,Research & Development,4,1,Technical Degree,1,325,1,Female,42,3,5,Research Scientist,4,Single,19851,26981,4,Y,No,14,3,1,80,1,16,5,4,12,6,3,4
27,Yes,Travel_Rarely,716,Research & Development,2,3,Life Sciences,1,326,4,Male,78,2,1,Healthcare Representative,2,Single,1696,24361,1,Y,No,24,3,2,80,2,1,3,1,1,0,0,0
28,No,Travel_Rarely,1096,Research & Development,10,3,Medical,1,327,2,Female,55,1,2,Human Resources,2,Single,3929,12998,0,Y,Yes,18,3,3,80,0,0,4,2,0,0,0,0
19,Yes,Non-Travel,753,Research & Development,11,4,Medical,1,328,3,Male,82,3,1,Laboratory Technician,4,Single,2968,8204,3,Y,Yes,21,3,2,80,3,8,2,1,3,2,1,2
24,No,Travel_Rarely,1422,Research & Development,9,1,Marketing,1,329,2,Female,44,2,2,Manufacturing Director,1,Married,5004,13184,0,Y,No,14,4,4,80,0,0,3,3,0,0,0,0
41,No,Travel_Rarely,1267,Sales,29,5,Medical,1,330,1,Female,32,3,4,Laboratory Technician,1,Divorced,13793,8014,2,Y,No,18,4,2,80,3,16,5,2,2,1,1,1
41,No,Travel_Frequently,176,Research & Development,1,1,Life Sciences,1,331,3,Male,53,2,3,Manager,4,Married,7934,3905,1,Y,No,22,3,4,80,0,9,5,3,7,3,3,5
33,No,Travel_Frequently,315,Sales,10,3,Medical,1,332,1,Male,82,4,1,Sales Executive,4,Divorced,5592,11982,2,Y,No,19,3,2,80,0,12,3,3,12,7,2,9
31,Yes,Travel_Rarely,660,Sales,1,2,Life Sciences,1,333,4,Male,99,3,2,Sales Executive,2,Married,4946,6167,0,Y,Yes,13,3,1,80,1,0,3,3,0,0,0,0
53,No,Travel_Rarely,173,Sales,8,4,Medical,1,334,3,Male,92,3,5,Healthcare Representative,1,Single,19703,4769,3,Y,Yes,24,3,3,80,3,16,1,4,3,1,1,2
37,No,Travel_Rarely,198,Research & Development,8,4,Life Sciences,1,335,2,Male,30,1,4,Manufacturing Director,1,Single,14622,26585,0,Y,No,14,3,3,80,2,15,2,4,7,5,1,5
52,No,Travel_Frequently,110,Research & Development,3,1,Medical,1,336,4,Male,94,3,2,Laboratory Technician,1,Divorced,3473,2670,3,Y,No,12,3,4,80,3,19,4,1,16,13,3,6
59,No,Travel_Rarely,1358,Research & Development,5,3,Marketing,1,337,1,Female,58,3,5,Research Scientist,4,Married,19999,22735,2,Y,No,20,4,1,80,1,19,0,3,6,4,1,2
31,No,Travel_Rarely,793,Research & Development,9,3,Life Sciences,1,338,2,Male,33,3,3,Sales Executive,3,Divorced,9251,24866,0,Y,No,19,3,3,80,3,1,0,4,1,0,0,0
26,No,Travel_Frequently,1193,Sales,9,3,Life Sciences,1,339,3,Male,46,3,2,Manager,4,Single,5688,12857,1,Y,No,17,4,3,80,3,0,4,1,0,0,0,0
58,No,Travel_Rarely,1244,Research & Development,6,1,Marketing,1,340,2,Female,92,3,4,Laboratory Technician,3,Married,15269,23602,4,Y,No,16,4,2,80,0,24,5,2,12,7,4,8
45,No,Travel_Rarely,333,Research & Development,26,1,Life Sciences,1,341,2,Female,72,1,3,Laboratory Technician,3,Married,8443,14723,6,Y,No,11,3,2,80,2,12,6,3,3,2,2,1
30,No,Travel_Rarely,1039,Research & Development,21,3,Medical,1,342,4,Male,41,2,2,Human Resources,4,Divorced,6558,24914,0,Y,No,20,3,2,80,3,7,3,4,3,2,0,1
44,Yes,Travel_Frequently,966,Sales,4,2,Medical,1,343,4,Male,86,1,3,Manager,2,Single,6249,22735,4,Y,Yes,14,3,1,80,2,14,0,1,10,7,4,2
40,No,Travel_Rarely,1485,Sales,4,3,Life Sciences,1,344,4,Male,54,4,4,Sales Executive,3,Divorced,14981,18945,1,Y,Yes,20,3,3,80,3,7,4,4,2,0,0,1
56,No,Travel_Rarely,1322,Research & Development,5,1,Technical Degree,1,345,1,Male,38,1,4,Healthcare Representative,2,Married,14220,16390,5,Y,No,24,4,4,80,2,20,2,1,16,12,4,5
29,No,Travel_Rarely,954,Research & Development,13,4,Medical,1,346,4,Male,57,4,1,Sales Executive,3,Divorced,3239,2418,0,Y,No,16,4,2,80,2,5,1,4,5,3,1,4
60,No,Travel_Frequently,1047,Research & Development,8,1,Medical,1,347,2,Male,84,3,5,Sales Executive,1,Married,17989,9113,3,Y,No,19,3,1,80,1,21,4,3,21,18,8,17
58,No,Travel_Frequently,813,Research & Development,12,4,Life Sciences,1,348,4,Female,51,3,4,Manager,1,Married,13737,26331,3,Y,No,21,3,4,80,0,17,5,2,15,11,6,10
25,No,Travel_Rarely,918,Research & Development,21,5,Life Sciences,1,349,2,Male,41,3,1,Sales Executive,2,Married,2702,25041,1,Y,No,19,3,4,80,1,0,0,1,0,0,0,0
25,No,Travel_Rarely,914,Research & Development,5,2,Life Sciences,1,350,3,Female,50,1,1,Research Scientist,4,Divorced,1633,19745,1,Y,No,19,3,3,80,0,3,5,2,3,2,0,3
40,No,Non-Travel,1337,Sales,2,1,Technical Degree,1,351,4,Male,86,3,5,Human Resources,2,Single,19430,14408,0,Y,Yes,17,3,1,80,2,14,4,3,9,6,2,6
19,No,Travel_Frequently,1334,Sales,15,1,Technical Degree,1,352,4,Male,42,2,1,Manager,3,Married,4888,12435,0,Y,Yes,13,3,2,80,1,3,5,1,3,1,1,2
30,No,Travel_Rarely,411,Sales,5,2,Marketing,1,353,3,Female,62,4,1,Human Resources,3,Married,1294,12528,3,Y,No,21,3,3,80,1,7,4,3,1,1,0,1
36,Yes,Travel_Rarely,122,Research & Development,14,1,Life Sciences,1,354,3,Female,76,4,2,Research Director,3,Married,6088,20336,2,Y,No,20,3,4,80,3,13,3,1,5,2,2,3
59,No,Non-Travel,466,Research & Development,13,5,Medical,1,355,1,Male,34,4,5,Research Scientist,1,Married,18495,8725,4,Y,No,17,3,2,80,0,19,2,1,10,3,5,5
60,No,Non-Travel,753,Research & Development,23,5,Marketing,1,356,3,Female,71,4,5,Healthcare Representative,4,Married,18357,16217,0,Y,No,11,3,1,80,3,21,4,3,19,14,10,3
24,No,Travel_Rarely,409,Research & Development,13,5,Medical,1,357,2,Male,85,4,3,Research Scientist,4,Married,8590,17700,2,Y,No,11,3,3,80,1,3,1,4,0,0,0,0
56,No,Travel_Rarely,676,Research & Development,11,5,Life Sciences,1,358,1,Male,73,2,5,Manager,1,Married,19108,18822,2,Y,No,23,3,3,80,3,22,3,4,11,8,6,9
21,No,Travel_Rarely,708,Research & Development,10,3,Technical Degree,1,359,4,Male,43,2,1,Research Scientist,2,Married,3222,6226,0,Y,No,12,3,1,80,3,4,5,3,2,1,1,1
50,No,Travel_Frequently,1433,Research & Development,29,2,Life Sciences,1,360,2,Female,67,4,3,Sales Executive,4,Married,7143,22618,2,Y,Yes,24,3,2,80,1,14,1,3,14,11,2,6
54,Yes,Travel_Rarely,715,Research & Development,12,3,Life Sciences,1,361,4,Male,94,4,5,Sales Executive,1,Divorced,19999,12890,1,Y,No,11,4,1,80,3,12,0,3,8,6,4,5
56,No,Travel_Rarely,363,Research & Development,8,2,Technical Degree,1,362,1,Female,45,2,4,Sales Representative,3,Married,14097,25409,4,Y,No,12,3,1,80,3,22,0,2,15,11,4,11
27,Yes,Travel_Rarely,673,Research & Development,7,5,Medical,1,363,1,Male,41,3,1,Sales Executive,4,Single,3713,13139,3,Y,Yes,14,3,2,80,2,3,3,1,2,1,1,1
56,No,Non-Travel,137,Research & Development,15,3,Life Sciences,1,364,4,Female,71,4,4,Manufacturing Director,4,Married,15458,21934,2,Y,Yes,14,3,1,80,3,19,2,1,17,15,7,8
22,No,Travel_Frequently,143,Research & Development,29,2,Medical,1,365,4,Male,59,4,1,Research Director,2,Single,1009,4869,2,Y,Yes,15,3,2,80,2,12,4,2,6,3,3,2
40,Yes,Non-Travel,984,Research & Development,17,4,Other,1,366,1,Male,76,4,3,Manager,3,Single,9257,24405,2,Y,No,12,3,3,80,0,14,5,3,8,6,3,3
38,No,Travel_Rarely,453,Research & Development,27,2,Life Sciences,1,367,4,Female,72,2,3,Laboratory Technician,4,Divorced,8303,2766,3,Y,No,12,3,2,80,2,16,6,2,10,5,5,8
31,No,Travel_Frequently,975,Research & Development,18,2,Marketing,1,368,2,Female,33,3,3,Sales Executive,2,Married,9723,16227,0,Y,Yes,22,4,1,80,0,5,2,1,3,1,1,1
18,Yes,Travel_Frequently,153,Sales,3,2,Life Sciences,1,369,1,Female,81,3,1,Human Resources,4,Married,2038,20725,2,Y,Yes,24,3,3,80,2,5,0,4,5,3,3,4
51,No,Travel_Rarely,548,Research & Development,29,1,Life Sciences,1,370,4,Female,100,4,3,Manufacturing Director,4,Divorced,9622,10522,1,Y,No,12,3,4,80,3,16,5,1,13,7,5,4
32,No,Travel_Rarely,903,Research & Development,13,1,Medical,1,371,3,Female,39,4,1,Laboratory Technician,3,Single,1734,25921,0,Y,No,20,3,3,80,0,9,0,4,5,2,2,4
46,No,Non-Travel,856,Sales,29,3,Medical,1,372,4,Male,71,3,4,Human Resources,3,Single,14483,18772,2,Y,No,19,3,2,80,2,21,4,1,11,5,5,5
35,No,Travel_Rarely,930,Research & Development,27,5,Life Sciences,1,373,1,Male,56,4,3,Sales Executive,1,Single,8841,24565,2,Y,Yes,21,3,4,80,2,8,1,2,6,2,1,4
34,No,Travel_Rarely,935,Sales,2,2,Life Sciences,1,374,4,Male,75,2,2,Laboratory Technician,1,Single,5313,15946,1,Y,No,16,3,2,80,0,9,2,4,5,4,1,3
56,No,Travel_Rarely,551,Research & Development,11,4,Medical,1,375,2,Male,71,3,4,Sales Executive,4,Married,12761,19698,4,Y,Yes,14,4,1,80,3,15,0,4,10,7,5,7
22,No,Travel_Rarely,595,Research & Development,6,2,Medical,1,376,3,Female,70,4,2,Sales Executive,3,Married,5058,3493,0,Y,No,22,3,3,80,3,6,0,2,4,1,2,3
49,No,Travel_Rarely,671,Sales,5,2,Marketing,1,377,3,Male,39,4,5,Laboratory Technician,4,Married,19999,3731,0,Y,No,20,3,3,80,0,13,1,1,9,7,4,2
50,No,Travel_Frequently,689,Research & Development,14,1,Technical Degree,1,378,1,Male,79,1,3,Manager,3,Single,10285,16436,4,Y,No,20,3,1,80,1,19,3,4,18,11,5,6
34,No,Travel_Rarely,1200,Research & Development,20,3,Life Sciences,1,379,4,Male,77,1,3,Research Scientist,2,Married,10845,11351,2,Y,No,13,3,2,80,0,3,2,4,1,1,0,0
29,No,Travel_Frequently,300,Human Resources,4,4,Medical,1,380,2,Male,76,1,3,Manager,4,Single,9132,12489,0,Y,No,19,3,1,80,2,8,2,2,3,2,1,2
18,No,Travel_Rarely,885,Sales,3,2,Medical,1,381,2,Male,43,1,1,Sales Representative,4,Married,3302,17394,2,Y,No,24,3,2,80,3,0,0,1,0,0,0,0
58,No,Travel_Rarely,1179,Research & Development,11,3,Medical,1,382,4,Female,86,1,5,Research Director,4,Married,19539,11298,4,Y,No,18,3,2,80,3,22,0,3,11,4,5,4
58,No,Travel_Frequently,578,Research & Development,18,3,Life Sciences,1,383,4,Male,45,4,5,Sales Executive,4,Single,19999,26903,4,Y,No,24,4,2,80,1,19,5,4,14,10,5,10
28,No,Travel_Rarely,645,Research & Development,22,2,Life Sciences,1,384,4,Male,41,3,1,Sales Representative,1,Divorced,3625,20136,0,Y,Yes,22,3,3,80,0,4,5,4,1,1,0,0
19,No,Travel_Rarely,1048,Sales,29,4,Life Sciences,1,385,2,Male,53,1,1,Sales Executive,4,Married,3105,17138,0,Y,No,16,3,3,80,1,1,5,3,1,1,0,0
23,Yes,Travel_Frequently,1003,Research & Development,29,3,Life Sciences,1,386,2,Female,41,3,1,Manager,1,Single,2670,24137,1,Y,No,18,3,2,80,0,1,6,4,1,0,1,0
20,Yes,Travel_Rarely,875,Research & Development,15,1,Other,1,387,4,Male,53,4,2,Research Scientist,4,Married,5308,2690,0,Y,No,15,3,4,80,1,5,5,3,5,4,2,3
53,No,Travel_Rarely,698,Research & Development,18,3,Medical,1,388,2,Female,45,4,3,Manager,1,Married,8964,7003,2,Y,No,17,3,2,80,2,14,0,1,2,1,0,0
56,No,Travel_Rarely,166,Research & Development,21,2,Medical,1,389,3,Male,35,4,4,Sales Executive,1,Single,13098,22736,5,Y,No,13,3,2,80,0,18,5,3,10,7,3,8
24,No,Non-Travel,328,Sales,3,4,Medical,1,390,1,Female,98,4,3,Healthcare Representative,3,Single,7748,21890,1,Y,Yes,11,3,3,80,2,5,1,1,5,2,1,3
50,No,Travel_Rarely,782,Sales,10,2,Medical,1,391,1,Male,78,4,5,Sales Executive,2,Married,18923,16629,0,Y,Yes,21,3,1,80,3,22,5,3,13,10,3,7
25,No,Travel_Rarely,1080,Research & Development,27,5,Medical,1,392,3,Male,55,4,3,Sales Executive,4,Divorced,7958,6317,0,Y,No,15,3,4,80,1,5,4,1,5,4,2,2
33,No,Non-Travel,385,Human Resources,5,4,Medical,1,393,4,Female,57,4,2,Healthcare Representative,2,Married,6216,9466,2,Y,No,24,3,3,80,3,7,5,1,6,2,1,4
43,No,Travel_Rarely,685,Sales,2,1,Medical,1,394,2,Female,52,3,4,Research Scientist,3,Married,14809,16450,0,Y,Yes,16,4,2,80,1,14,6,2,14,10,4,11
48,No,Travel_Rarely,447,Research & Development,5,3,Life Sciences,1,395,3,Male,83,1,3,Manager,3,Married,8815,4193,0,Y,Yes,20,3,1,80,3,8,4,3,2,1,1,1
55,No,Travel_Rarely,360,Research & Development,7,5,Medical,1,396,1,Female,46,4,5,Manager,4,Married,19588,23218,2,Y,No,19,3,4,80,2,14,6,1,11,4,3,4
19,No,Travel_Rarely,1358,Sales,12,2,Medical,1,397,3,Male,36,1,1,Healthcare Representative,4,Single,3141,10313,3,Y,Yes,14,4,1,80,2,1,3,4,0,0,0,0
26,No,Travel_Rarely,1406,Sales,17,4,Marketing,1,398,2,Male,64,2,1,Manager,3,Married,1009,24653,1,Y,No,21,3,1,80,3,3,6,3,3,2,1,1
30,Yes,Travel_Rarely,1477,Research & Development,22,4,Other,1,399,1,Male,45,3,2,Sales Representative,2,Divorced,4449,15396,0,Y,No,17,3,3,80,1,1,0,4,1,0,0,0
31,No,Travel_Rarely,1349,Research & Development,16,4,Marketing,1,400,3,Female,94,3,3,Human Resources,3,Divorced,9349,9775,0,Y,No,25,3,2,80,2,10,3,2,4,1,1,3
60,No,Travel_Rarely,666,Sales,28,1,Medical,1,401,1,Male,55,4,5,Sales Executive,3,Divorced,17993,3123,1,Y,Yes,16,4,1,80,3,21,5,3,19,15,8,7
51,No,Travel_Rarely,1117,Research & Development,6,2,Life Sciences,1,402,3,Female,77,1,4,Manufacturing Director,4,Single,15026,22488,4,Y,No,15,3,2,80,1,17,6,4,14,9,7,10
31,No,Travel_Rarely,498,Research & Development,6,2,Medical,1,403,1,Male,58,4,2,Manager,1,Married,6594,18585,0,Y,No,11,4,4,80,3,5,6,1,5,4,0,2
59,No,Travel_Rarely,906,Research & Development,4,2,Technical Degree,1,404,2,Female,43,1,5,Sales Executive,1,Married,18681,23980,2,Y,Yes,19,4,2,80,1,20,2,4,16,10,1,9
39,No,Travel_Rarely,454,Research & Development,11,5,Human Resources,1,405,1,Female,52,3,3,Research Scientist,2,Single,7791,7520,1,Y,No,18,4,3,80,2,13,4,3,5,3,3,4
39,No,Travel_Frequently,975,Research & Development,6,1,Marketing,1,406,2,Female,89,1,3,Research Scientist,2,Single,8512,6396,2,Y,No,22,3,1,80,1,10,0,3,9,7,1,4
36,No,Travel_Rarely,691,Research & Development,23,3,Life Sciences,1,407,1,Male,35,3,3,Manufacturing Director,4,Divorced,8447,7953,1,Y,No,13,3,3,80,2,11,0,3,8,2,4,2
24,Yes,Travel_Rarely,605,Sales,3,5,Medical,1,408,2,Female,97,1,3,Research Scientist,2,Married,9252,11675,0,Y,Yes,15,4,1,80,0,1,4,3,1,0,0,1
58,Yes,Travel_Rarely,222,Research & Development,27,5,Technical Degree,1,409,1,Male,31,1,5,Healthcare Representative,1,Married,16191,11464,3,Y,Yes,14,3,1,80,3,20,2,4,20,13,2,10
18,No,Travel_Frequently,469,Sales,5,4,Medical,1,410,3,Male,80,4,1,Healthcare Representative,1,Single,2119,21426,0,Y,No,19,3,2,80,0,5,3,1,1,1,0,1
25,No,Travel_Rarely,717,Research & Development,25,5,Medical,1,411,2,Male,79,3,2,Healthcare Representative,4,Married,4285,25852,1,Y,Yes,15,3,2,80,1,9,1,1,3,1,2,2
27,No,Travel_Frequently,929,Sales,7,3,Medical,1,412,2,Male,72,2,2,Research Scientist,3,Single,2478,2460,0,Y,Yes,17,3,2,80,3,10,5,1,5,4,1,3
30,No,Travel_Rarely,1269,Research & Development,19,4,Medical,1,413,3,Male,34,2,2,Sales Representative,4,Single,4906,15393,4,Y,Yes,24,3,4,80,0,8,0,4,5,4,2,4
23,No,Travel_Rarely,1135,Sales,12,3,Life Sciences,1,414,4,Male,77,4,2,Healthcare Representative,2,Married,3700,17678,0,Y,Yes,16,4,2,80,3,4,4,2,4,2,1,1
18,No,Travel_Frequently,863,Sales,19,1,Life Sciences,1,415,3,Female,34,4,1,Sales Executive,1,Single,2535,8052,0,Y,No,25,3,1,80,1,0,4,4,0,0,0,0
47,No,Travel_Rarely,793,Sales,2,1,Marketing,1,416,2,Male,82,2,4,Sales Executive,2,Divorced,13414,12420,3,Y,Yes,11,3,2,80,1,8,5,4,5,1,2,2
59,No,Travel_Rarely,756,Research & Development,9,5,Human Resources,1,417,2,Male,85,1,4,Research Scientist,1,Married,14544,20327,2,Y,Yes,17,3,1,80,3,15,1,2,10,6,4,6
23,No,Non-Travel,1353,Research & Development,26,1,Technical Degree,1,418,4,Male,91,3,2,Human Resources,1,Single,5200,14982,1,Y,Yes,11,3,1,80,3,3,2,1,1,0,0,0
30,No,Travel_Rarely,1271,Sales,10,2,Life Sciences,1,419,1,Male,57,1,2,Research Scientist,4,Single,3470,3678,2,Y,No,19,3,3,80,3,7,3,4,5,3,2,1
39,No,Travel_Rarely,644,Research & Development,6,4,Life Sciences,1,420,2,Male,76,2,3,Sales Executive,2,Married,8916,12513,2,Y,No,15,3,3,80,2,16,2,2,13,5,5,11
57,No,Travel_Rarely,890,Research & Development,3,3,Life Sciences,1,421,2,Male,43,3,3,Sales Executive,1,Single,11404,10206,3,Y,Yes,13,3,3,80,0,24,5,2,10,9,2,4
47,No,Travel_Rarely,627,Research & Development,5,3,Technical Degree,1,422,3,Male,67,4,4,Sales Executive,1,Single,15290,6960,2,Y,No,24,4,2,80,2,12,5,4,11,5,5,3
50,No,Travel_Frequently,893,Research & Development,28,5,Medical,1,423,3,Male,81,1,4,Laboratory Technician,2,Married,14815,4672,1,Y,Yes,20,4,4,80,2,19,5,2,16,9,6,6
42,No,Travel_Rarely,696,Research & Development,16,4,Other,1,424,3,Female,42,1,2,Sales Representative,4,Single,5265,10772,3,Y,No,13,3,1,80,3,11,3,2,6,3,0,2
35,No,Non-Travel,1289,Sales,20,5,Life Sciences,1,425,4,Female,89,2,3,Laboratory Technician,3,Married,7911,23530,3,Y,No,21,3,2,80,2,12,4,2,12,4,6,2
26,No,Travel_Rarely,1085,Research & Development,8,4,Medical,1,426,1,Female,56,3,1,Sales Representative,3,Married,2328,23538,2,Y,No,11,3,1,80,1,8,1,4,3,1,1,1
55,No,Non-Travel,345,Sales,8,5,Marketing,1,427,2,Female,95,3,5,Sales Executive,3,Single,19289,5982,1,Y,No,18,3,1,80,1,22,1,2,5,4,1,2
52,No,Travel_Frequently,140,Research & Development,20,4,Life Sciences,1,428,2,Female,36,4,4,Laboratory Technician,4,Divorced,12637,17310,2,Y,No,20,3,3,80,2,15,2,4,10,6,1,7
19,Yes,Non-Travel,1443,Research & Development,24,3,Other,1,429,1,Male,45,1,1,Sales Representative,1,Married,3264,20454,1,Y,No,13,3,1,80,3,6,1,3,2,1,0,1
48,No,Travel_Rarely,596,Research & Development,7,5,Medical,1,430,1,Male,81,4,4,Healthcare Representative,2,Married,13204,13980,1,Y,No,25,3,3,80,1,8,5,1,3,2,1,2
21,No,Travel_Rarely,313,Research & Development,17,5,Life Sciences,1,431,3,Male,43,4,1,Research Director,2,Single,1009,2966,0,Y,No,12,4,4,80,1,7,1,1,3,1,1,2
49,No,Travel_Rarely,1139,Research & Development,14,1,Life Sciences,1,432,3,Male,100,4,3,Research Scientist,1,Married,7687,19678,1,Y,No,11,3,4,80,3,15,6,3,12,9,5,8
53,No,Travel_Rarely,763,Human Resources,3,5,Technical Degree,1,433,2,Female,96,4,4,Laboratory Technician,3,Single,15501,6222,3,Y,Yes,18,4,3,80,3,17,2,1,11,3,4,9
23,No,Travel_Rarely,877,Sales,14,4,Medical,1,434,4,Female,36,2,1,Healthcare Representative,3,Married,3166,6669,0,Y,No,22,3,1,80,1,0,5,1,0,0,0,0
36,No,Travel_Frequently,991,Sales,11,5,Marketing,1,435,2,Female,90,2,2,Sales Executive,3,Single,1237,9177,1,Y,No,19,4,3,80,0,8,0,2,6,5,2,1
23,Yes,Travel_Rarely,534,Research & Development,3,4,Marketing,1,436,3,Male,61,2,1,Sales Representative,1,Divorced,2192,4172,1,Y,Yes,12,3,3,80,2,8,5,2,6,5,2,1
42,No,Travel_Frequently,894,Research & Development,18,5,Medical,1,437,4,Female,89,2,4,Research Scientist,2,Single,15084,25408,1,Y,No,12,3,2,80,0,11,3,4,11,2,3,3
57,No,Travel_Rarely,1019,Research & Development,4,2,Marketing,1,438,3,Male,79,1,4,Sales Executive,2,Divorced,13642,15756,2,Y,Yes,13,3,2,80,0,22,5,4,8,5,4,6
21,Yes,Non-Travel,959,Sales,6,1,Human Resources,1,439,3,Male,52,2,1,Sales Representative,1,Divorced,3629,22396,0,Y,Yes,25,3,1,80,2,3,1,4,3,2,1,2
35,Yes,Travel_Rarely,1360,Research & Development,29,1,Life Sciences,1,440,2,Male,32,2,2,Manager,3,Married,5026,2380,5,Y,No,25,4,4,80,1,13,1,1,3,2,0,1
59,No,Travel_Rarely,648,Sales,6,2,Marketing,1,441,4,Female,52,4,5,Research Director,3,Single,19221,6811,5,Y,No,12,3,4,80,0,21,6,4,13,6,1,3
30,No,Travel_Frequently,807,Sales,9,2,Life Sciences,1,442,2,Female,61,1,1,Human Resources,4,Married,3042,5785,1,Y,No,21,3,3,80,1,4,4,4,4,2,1,3
23,No,Travel_Frequently,1150,Sales,3,3,Life Sciences,1,443,2,Female,67,4,2,Research Scientist,4,Divorced,4725,3877,0,Y,No,23,3,3,80,2,4,3,3,4,1,1,2
39,No,Travel_Frequently,1134,Research & Development,29,1,Life Sciences,1,444,3,Female,86,4,3,Healthcare Representative,4,Married,9186,19952,1,Y,Yes,19,4,1,80,3,17,4,4,4,2,0,1
39,No,Non-Travel,1493,Research & Development,29,1,Technical Degree,1,445,3,Female,87,1,3,Human Resources,2,Married,10338,6244,2,Y,No,13,3,3,80,3,13,2,4,10,2,3,8
46,No,Travel_Rarely,379,Research & Development,1,3,Life Sciences,1,446,1,Male,50,4,3,Research Scientist,1,Single,8962,24548,1,Y,No,13,3,4,80,1,14,6,3,9,6,5,6
31,No,Travel_Frequently,1387,Research & Development,29,4,Medical,1,447,1,Male,43,3,2,Laboratory Technician,3,Divorced,5625,20710,5,Y,Yes,21,3,1,80,2,15,3,2,11,5,5,5
59,No,Travel_Rarely,762,Research & Development,29,1,Medical,1,448,1,Male,76,3,5,Human Resources,3,Single,17988,9198,2,Y,No,19,3,2,80,1,24,0,2,17,6,7,8
40,Yes,Travel_Rarely,402,Research & Development,13,3,Life Sciences,1,449,1,Male,82,4,3,Sales Executive,2,Single,9626,8807,1,Y,Yes,13,3,4,80,2,14,2,2,5,1,2,3
30,Yes,Travel_Rarely,508,Research & Development,5,4,Marketing,1,450,1,Female,73,4,2,Human Resources,2,Single,4887,11623,1,Y,No,11,3,4,80,0,8,6,2,1,1,0,0
59,No,Travel_Rarely,593,Research & Development,28,4,Human Resources,1,451,2,Male,73,2,5,Laboratory Technician,4,Married,19673,15533,4,Y,No,17,3,2,80,1,23,3,3,15,9,4,13
57,No,Travel_Rarely,1488,Research & Development,20,1,Life Sciences,1,452,1,Male,79,3,5,Human Resources,4,Divorced,19914,19054,0,Y,No,16,3,2,80,1,22,5,2,8,5,2,6
39,No,Travel_Frequently,255,Sales,29,4,Life Sciences,1,453,4,Male,59,3,2,Healthcare Representative,3,Divorced,6685,13259,0,Y,No,25,3,2,80,2,3,0,2,3,2,1,2
19,No,Travel_Rarely,407,Sales,29,1,Other,1,454,4,Male,47,1,1,Healthcare Representative,4,Single,4207,22139,0,Y,No,21,4,2,80,1,3,0,1,3,2,0,2
43,No,Non-Travel,1100,Human Resources,11,2,Life Sciences,1,455,4,Female,86,1,3,Sales Representative,1,Married,9664,21244,0,Y,No,17,3,2,80,1,12,1,3,4,2,1,3
41,No,Travel_Rarely,1425,Research & Development,13,2,Life Sciences,1,456,1,Female,41,3,2,Sales Executive,3,Divorced,3993,8574,2,Y,No,19,4,3,80,2,10,3,1,5,3,1,1
24,No,Travel_Rarely,212,Research & Development,5,5,Other,1,457,3,Female,34,1,2,Healthcare Representative,2,Married,4469,11959,0,Y,Yes,18,3,1,80,2,4,4,2,4,2,0,1
45,No,Travel_Rarely,672,Research & Development,5,1,Technical Degree,1,458,1,Male,31,2,3,Human Resources,2,Single,6853,22669,0,Y,No,21,3,1,80,1,8,0,1,7,4,1,5
54,No,Travel_Rarely,673,Sales,10,4,Medical,1,459,3,Male,58,1,3,Human Resources,4,Married,6772,20165,1,Y,No,19,3,1,80,3,11,6,2,5,2,2,1
22,No,Travel_Rarely,798,Research & Development,18,5,Medical,1,460,1,Female,64,2,2,Human Resources,4,Married,7330,26318,1,Y,No,12,4,3,80,3,8,4,3,6,5,1,4
49,Yes,Travel_Rarely,1168,Research & Development,29,5,Technical Degree,1,461,2,Male,68,3,4,Healthcare Representative,2,Divorced,12817,4509,1,Y,No,18,3,4,80,2,17,2,3,9,5,2,5
24,No,Travel_Rarely,833,Research & Development,6,2,Medical,1,462,1,Male,43,4,1,Healthcare Representative,3,Married,1648,4284,1,Y,No,22,3,1,80,2,0,3,1,0,0,0,0
50,No,Travel_Rarely,295,Sales,10,1,Medical,1,463,2,Female,60,2,3,Manufacturing Director,3,Single,8433,14683,4,Y,No,24,3,4,80,2,14,3,3,13,8,2,4
36,Yes,Travel_Frequently,439,Sales,22,2,Technical Degree,1,464,2,Female,76,2,3,Healthcare Representative,4,Married,7605,7680,2,Y,Yes,25,3,1,80,0,13,5,2,9,2,4,6
18,Yes,Travel_Rarely,1133,Research & Development,13,4,Medical,1,465,3,Male,50,4,1,Healthcare Representative,1,Single,5714,20529,2,Y,Yes,21,4,1,80,1,1,0,2,0,0,0,0
59,No,Travel_Frequently,435,Research & Development,17,1,Medical,1,466,1,Male,68,2,5,Sales Executive,3,Divorced,18672,20178,3,Y,No,24,3,2,80,3,24,4,3,17,14,3,4
25,No,Travel_Frequently,796,Research & Development,12,4,Life Sciences,1,467,3,Male,49,1,2,Sales Executive,1,Married,6034,13168,3,Y,Yes,11,3,2,80,2,8,3,1,3,2,2,1
43,No,Travel_Rarely,627,Research & Development,4,2,Medical,1,468,1,Female,89,1,3,Healthcare Representative,4,Single,7563,3008,1,Y,No,12,3,4,80,0,8,5,1,7,5,2,2
25,Yes,Travel_Rarely,715,Research & Development,27,4,Medical,1,469,1,Male,61,4,1,Research Scientist,1,Married,1009,10839,0,Y,No,13,3,1,80,0,4,2,1,0,0,0,0
58,Yes,Travel_Rarely,1143,Human Resources,18,4,Life Sciences,1,470,1,Female,86,3,5,Research Scientist,1,Single,18126,9167,3,Y,Yes,12,4,4,80,3,18,2,2,17,9,6,14
49,No,Travel_Rarely,441,Research & Development,7,3,Medical,1,471,2,Male,54,1,3,Sales Executive,4,Single,7638,11951,3,Y,No,20,3,4,80,2,11,5,1,11,2,2,7
52,No,Travel_Rarely,1080,Research & Development,10,4,Marketing,1,472,4,Female,55,1,5,Sales Representative,3,Married,18130,23126,1,Y,Yes,18,4,2,80,1,12,5,1,4,2,1,2
36,No,Non-Travel,1166,Research & Development,6,5,Life Sciences,1,473,2,Female,83,4,3,Human Resources,4,Married,6580,20503,0,Y,No,19,3,3,80,3,7,5,3,7,4,2,3
38,Yes,Travel_Rarely,1495,Research & Development,19,2,Life Sciences,1,474,3,Male,51,3,2,Healthcare Representative,2,Divorced,5663,19070,0,Y,No,18,3,3,80,0,8,6,1,4,1,1,3
45,No,Travel_Rarely,733,Research & Development,2,3,Life Sciences,1,475,3,Male,81,2,4,Human Resources,2,Married,13596,2460,3,Y,No,18,3,4,80,3,15,0,2,13,4,2,10
51,No,Travel_Rarely,225,Research & Development,6,4,Life Sciences,1,476,3,Male,35,2,5,Research Director,3,Single,17150,18050,8,Y,Yes,23,3,1,80,3,20,4,1,9,2,3,7
54,No,Travel_Rarely,1033,Research & Development,9,5,Marketing,1,477,3,Male,89,2,4,Sales Executive,4,Married,14128,15049,1,Y,No,14,3,4,80,1,19,4,4,13,5,1,4
18,No,Travel_Rarely,1162,Research & Development,9,3,Medical,1,478,1,Male,83,4,1,Sales Executive,4,Married,3915,17335,0,Y,No,16,3,2,80,1,4,1,1,2,0,0,0
46,No,Travel_Rarely,145,Research & Development,5,2,Life Sciences,1,479,3,Male,69,1,3,Sales Executive,2,Single,9937,12235,1,Y,No,12,3,4,80,0,13,3,2,2,1,1,1
22,Yes,Non-Travel,374,Research & Development,12,5,Marketing,1,480,2,Male,65,4,1,Sales Executive,3,Divorced,1009,14594,1,Y,Yes,18,3,4,80,3,5,6,2,1,1,0,0
30,No,Travel_Rarely,581,Research & Development,2,5,Life Sciences,1,481,3,Male,56,1,1,Manufacturing Director,4,Divorced,2123,10458,1,Y,No,16,3,4,80,2,6,0,3,2,1,1,0
53,No,Travel_Rarely,815,Research & Development,20,3,Life Sciences,1,482,4,Female,53,1,4,Research Scientist,3,Single,12355,21189,1,Y,No,14,3,4,80,1,16,5,1,8,3,1,6
28,No,Travel_Rarely,821,Research & Development,29,1,Marketing,1,483,1,Male,52,2,2,Human Resources,3,Divorced,4717,12060,3,Y,No,19,3,2,80,0,13,2,4,7,4,3,2
52,No,Travel_Rarely,376,Research & Development,15,2,Medical,1,484,1,Female,79,4,5,Healthcare Representative,1,Married,19999,23644,3,Y,No,25,3,3,80,1,9,5,2,9,7,4,3
37,No,Travel_Frequently,381,Research & Development,5,3,Marketing,1,485,1,Male,44,1,1,Research Scientist,3,Single,2127,25137,0,Y,No,22,3,1,80,1,3,3,1,0,0,0,0
28,No,Non-Travel,1409,Research & Development,18,4,Technical Degree,1,486,2,Female,49,1,2,Human Resources,1,Married,4930,21906,2,Y,No,12,4,2,80,1,7,0,3,3,1,1,2
32,Yes,Travel_Frequently,1106,Research & Development,9,4,Human Resources,1,487,2,Male,57,2,3,Human Resources,2,Single,7505,15179,1,Y,No,16,3,3,80,3,7,0,3,2,1,0,1
40,No,Travel_Rarely,810,Research & Development,15,5,Life Sciences,1,488,2,Male,63,1,3,Sales Representative,3,Single,10451,14115,3,Y,No,24,3,4,80,1,6,5,3,1,0,0,0
50,No,Travel_Rarely,564,Sales,12,1,Marketing,1,489,4,Male,49,2,4,Sales Representative,1,Divorced,11240,15069,5,Y,Yes,14,3,2,80,0,12,5,4,8,3,2,6
44,No,Travel_Frequently,757,Research & Development,21,3,Medical,1,490,1,Male,60,2,3,Human Resources,2,Married,7832,21482,0,Y,No,24,3,4,80,3,10,1,2,1,1,0,1
58,No,Travel_Rarely,1451,Research & Development,15,4,Life Sciences,1,491,3,Female,87,3,4,Healthcare Representative,2,Single,12961,23563,1,Y,No,24,3,3,80,2,23,4,4,7,3,3,4
55,No,Travel_Rarely,531,Sales,8,5,Human Resources,1,492,3,Male,49,2,3,Research Director,1,Married,6435,20905,7,Y,No,11,3,4,80,0,22,3,4,20,15,4,9
50,No,Travel_Rarely,563,Research & Development,6,1,Life Sciences,1,493,4,Male,42,3,3,Sales Executive,3,Divorced,9823,19928,4,Y,Yes,25,3,2,80,2,22,0,3,9,7,2,6
43,No,Travel_Rarely,729,Research & Development,9,5,Technical Degree,1,494,3,Male,86,4,3,Manufacturing Director,3,Married,6336,13444,2,Y,Yes,22,3,3,80,1,7,4,4,0,0,0,0
30,Yes,Travel_Frequently,365,Sales,23,1,Medical,1,495,1,Male,49,2,2,Laboratory Technician,4,Divorced,4949,8467,1,Y,No,18,3,3,80,2,2,1,1,0,0,0,0
35,No,Travel_Rarely,256,Research & Development,9,1,Medical,1,496,2,Male,80,4,2,Sales Executive,3,Divorced,5406,10415,0,Y,No,16,4,1,80,1,4,2,3,4,3,1,2
23,No,Non-Travel,1349,Research & Development,17,5,Life Sciences,1,497,1,Male,97,2,1,Sales Executive,1,Married,2099,26936,3,Y,No,17,3,2,80,0,8,0,1,3,2,1,2
34,No,Travel_Rarely,1057,Research & Development,18,4,Technical Degree,1,498,2,Male,66,4,2,Sales Executive,1,Married,3419,12308,3,Y,Yes,14,3,4,80,2,10,1,2,8,7,4,5
57,No,Travel_Rarely,571,Research & Development,10,5,Medical,1,499,4,Female,68,3,5,Research Scientist,4,Married,18798,14101,3,Y,No,22,3,3,80,0,19,6,3,19,14,3,5
36,Yes,Travel_Rarely,899,Research & Development,9,4,Life Sciences,1,500,2,Male,79,1,2,Sales Executive,1,Married,4586,14377,2,Y,Yes,17,3,3,80,0,10,3,1,10,4,4,7
22,No,Travel_Rarely,795,Research & Development,11,4,Life Sciences,1,501,2,Male,38,4,1,Laboratory Technician,2,Married,3970,10837,2,Y,Yes,17,3,1,80,0,3,5,2,3,1,1,2
46,No,Travel_Rarely,241,Research & Development,3,3,Marketing,1,502,2,Male,36,3,4,Sales Representative,2,Single,14619,5753,1,Y,No,24,3,1,80,1,10,2,2,4,1,2,1
59,Yes,Travel_Rarely,1156,Sales,16,3,Life Sciences,1,503,1,Female,42,2,5,Healthcare Representative,1,Single,19999,7555,2,Y,No,11,4,3,80,3,22,0,1,14,11,8,5
55,No,Travel_Rarely,245,Research & Development,8,3,Medical,1,504,4,Male,60,3,4,Healthcare Representative,3,Married,14132,7535,3,Y,No,16,3,1,80,2,17,4,3,10,4,4,4
29,No,Travel_Frequently,897,Research & Development,13,2,Medical,1,505,3,Male,89,4,2,Sales Executive,4,Married,6207,7047,2,Y,Yes,20,3,1,80,2,2,1,4,2,1,0,2
37,No,Travel_Rarely,511,Research & Development,7,5,Life Sciences,1,506,3,Male,72,1,3,Sales Representative,4,Married,8069,4630,1,Y,Yes,14,3,3,80,2,12,0,4,10,6,3,3
40,No,Travel_Rarely,711,Research & Development,29,2,Medical,1,507,2,Male,91,1,2,Sales Executive,2,Married,7554,25357,1,Y,Yes,13,4,4,80,0,10,3,4,2,2,1,1
28,No,Travel_Rarely,762,Research & Development,29,4,Life Sciences,1,508,2,Male,57,4,2,Research Scientist,2,Single,5512,3894,2,Y,No,18,3,4,80,3,7,2,4,3,2,1,2
29,Yes,Travel_Frequently,709,Research & Development,18,4,Human Resources,1,509,2,Female,87,2,2,Laboratory Technician,1,Single,5377,5024,0,Y,Yes,13,3,2,80,0,6,0,1,6,1,3,5
28,No,Travel_Rarely,413,Sales,1,3,Technical Degree,1,510,1,Male,80,4,1,Human Resources,1,Divorced,3649,16193,3,Y,No,17,4,4,80,0,9,4,1,7,3,3,6
60,No,Travel_Rarely,218,Human Resources,10,4,Life Sciences,1,511,1,Female,37,4,4,Human Resources,4,Married,13226,24986,5,Y,No,12,4,3,80,2,21,3,1,16,9,3,13
50,Yes,Travel_Rarely,285,Research & Development,21,1,Medical,1,512,3,Female,67,4,4,Sales Representative,4,Divorced,13400,19479,2,Y,No,11,3,4,80,1,13,6,4,6,5,1,4
54,No,Travel_Rarely,1117,Human Resources,29,2,Medical,1,513,4,Male,75,4,5,Manager,4,Single,19648,5358,3,Y,Yes,22,3,1,80,0,19,0,1,14,10,3,6
53,No,Travel_Rarely,236,Human Resources,3,3,Other,1,514,1,Male,57,4,5,Laboratory Technician,1,Married,19879,17376,0,Y,No,13,3,3,80,1,18,3,4,4,2,2,1
59,No,Travel_Rarely,809,Research & Development,1,2,Life Sciences,1,515,3,Male,84,3,4,Healthcare Representative,2,Divorced,14716,16882,2,Y,Yes,11,3,4,80,1,22,5,2,12,9,3,4
22,No,Non-Travel,528,Research & Development,8,5,Medical,1,516,4,Female,59,1,1,Sales Executive,3,Single,2904,20197,5,Y,No,11,3,4,80,2,7,2,3,2,1,0,1
55,No,Travel_Rarely,1073,Research & Development,7,5,Human Resources,1,517,3,Female,80,1,4,Research Scientist,4,Single,14325,9353,2,Y,No,19,3,4,80,3,16,1,4,7,2,3,3
20,No,Travel_Rarely,981,Sales,18,4,Life Sciences,1,518,4,Male,80,4,2,Human Resources,2,Married,6653,12217,1,Y,No,18,4,1,80,1,5,6,4,2,2,0,1
38,No,Travel_Rarely,358,Research & Development,4,2,Medical,1,519,4,Female,45,2,3,Human Resources,1,Married,7187,26165,2,Y,No,19,3,3,80,1,4,2,1,0,0,0,0
43,No,Travel_Rarely,1049,Research & Development,7,1,Life Sciences,1,520,2,Female,34,4,3,Research Scientist,4,Divorced,8502,21996,1,Y,No,20,3,1,80,0,12,6,2,2,2,1,1
33,No,Travel_Rarely,1021,Research & Development,8,4,Medical,1,521,1,Female,92,4,3,Research Scientist,1,Divorced,5006,8503,0,Y,No,20,4,2,80,3,7,5,1,7,3,2,2
24,No,Travel_Rarely,497,Research & Development,14,5,Life Sciences,1,522,4,Male,89,3,1,Research Scientist,3,Married,3888,20715,0,Y,No,21,3,1,80,2,9,4,2,3,2,0,1
26,Yes,Travel_Rarely,1277,Sales,17,3,Other,1,523,4,Male,97,1,3,Laboratory Technician,2,Single,7561,23501,1,Y,Yes,23,4,4,80,1,5,5,2,4,2,2,2
53,Yes,Travel_Rarely,717,Research & Development,6,5,Life Sciences,1,524,1,Male,34,1,4,Research Scientist,1,Married,13093,19801,3,Y,Yes,14,3,4,80,0,19,3,4,11,5,5,6
31,No,Travel_Rarely,149,Research & Development,14,5,Life Sciences,1,525,4,Male,79,3,2,Healthcare Representative,3,Divorced,5354,17720,1,Y,Yes,12,3,1,80,3,1,4,3,1,0,0,1
31,No,Non-Travel,979,Research & Development,1,3,Technical Degree,1,526,1,Female,39,2,2,Sales Executive,2,Married,6243,21171,0,Y,Yes,23,3,4,80,0,6,1,1,6,4,3,4
57,Yes,Travel_Rarely,731,Sales,29,2,Marketing,1,527,2,Female,64,2,5,Sales Executive,2,Divorced,19999,15516,2,Y,Yes,12,3,4,80,0,16,0,2,12,5,2,8
24,No,Travel_Rarely,604,Sales,5,1,Medical,1,528,4,Male,87,1,1,Research Scientist,1,Married,1136,7858,1,Y,Yes,17,3,4,80,3,13,4,3,10,4,1,4
57,No,Non-Travel,731,Research & Development,25,4,Marketing,1,529,2,Female,48,2,5,Sales Representative,3,Single,17981,14213,1,Y,Yes,20,3,2,80,1,17,5,3,16,7,1,4
57,No,Travel_Frequently,1469,Research & Development,7,3,Life Sciences,1,530,4,Female,56,1,4,Research Scientist,2,Married,14274,16275,2,Y,No,11,3,4,80,3,19,5,4,7,4,3,5
43,No,Travel_Rarely,644,Sales,18,1,Medical,1,531,1,Female,64,1,3,Laboratory Technician,1,Married,7628,21053,0,Y,No,25,3,4,80,2,13,5,1,11,7,1,3
25,No,Travel_Frequently,1069,Sales,9,1,Life Sciences,1,532,2,Female,62,4,2,Healthcare Representative,2,Single,6503,21393,1,Y,No,24,3,3,80,2,0,6,4,0,0,0,0
24,No,Travel_Rarely,1289,Research & Development,20,5,Life Sciences,1,533,4,Male,31,4,1,Sales Representative,1,Married,2799,5365,2,Y,No,23,3,2,80,3,2,4,4,0,0,0,0
30,Yes,Travel_Rarely,910,Sales,24,2,Human Resources,1,534,4,Male,56,4,3,Research Scientist,3,Married,9562,4556,2,Y,Yes,21,3,4,80,0,8,1,1,8,4,4,3
42,Yes,Travel_Frequently,1345,Research & Development,29,2,Marketing,1,535,2,Female,90,4,3,Manager,3,Single,8202,6053,4,Y,No,22,3,1,80,1,13,1,3,5,3,1,3
24,No,Travel_Frequently,797,Research & Development,16,4,Life Sciences,1,536,1,Male,36,4,1,Research Scientist,4,Married,3654,8247,0,Y,No,19,3,2,80,1,0,1,3,0,0,0,0
37,No,Travel_Rarely,416,Sales,2,2,Life Sciences,1,537,3,Male,54,2,3,Healthcare Representative,4,Married,7351,9001,0,Y,No,22,3,1,80,2,8,6,4,8,5,2,3
22,Yes,Travel_Rarely,789,Research & Development,5,5,Human Resources,1,538,3,Male,73,2,1,Laboratory Technician,1,Married,5325,14318,1,Y,Yes,11,3,4,80,1,7,6,1,5,4,2,2
41,No,Travel_Rarely,274,Sales,29,4,Life Sciences,1,539,2,Male,57,3,3,Human Resources,1,Married,6460,19883,1,Y,No,14,3,1,80,3,14,5,1,11,6,5,7
18,No,Travel_Rarely,509,Research & Development,10,2,Life Sciences,1,540,4,Male,78,3,2,Human Resources,2,Divorced,4651,12409,0,Y,No,11,3,4,80,2,6,6,4,0,0,0,0
48,No,Non-Travel,389,Research & Development,9,2,Life Sciences,1,541,2,Male,48,2,3,Sales Representative,1,Divorced,6796,13319,2,Y,No,12,3,3,80,3,12,2,1,6,2,3,2
20,No,Travel_Rarely,209,Research & Development,18,5,Life Sciences,1,542,4,Female,43,2,2,Human Resources,4,Married,6460,24863,4,Y,No,19,3,2,80,3,7,5,2,7,5,3,5
26,No,Travel_Rarely,316,Research & Development,16,3,Life Sciences,1,543,4,Female,95,1,2,Sales Executive,4,Single,6148,20825,1,Y,Yes,22,3,3,80,2,5,1,2,5,3,2,2
25,No,Travel_Rarely,1272,Sales,29,5,Other,1,544,2,Female,83,2,2,Healthcare Representative,2,Married,4038,20788,2,Y,No,24,3,1,80,1,10,0,3,10,7,2,3
53,No,Travel_Rarely,1300,Research & Development,11,2,Life Sciences,1,545,1,Male,51,4,4,Sales Executive,4,Single,15197,20780,1,Y,No,13,3,4,80,2,17,4,2,12,8,1,7
20,No,Travel_Rarely,1366,Research & Development,10,1,Medical,1,546,2,Female,37,2,1,Research Scientist,3,Divorced,2162,3110,1,Y,Yes,20,3,2,80,1,0,4,4,0,0,0,0
36,Yes,Non-Travel,136,Research & Development,23,5,Marketing,1,547,4,Female,61,3,3,Laboratory Technician,3,Married,8965,20359,2,Y,Yes,22,3,4,80,1,13,4,1,7,5,3,5
43,No,Travel_Rarely,1463,Human Resources,19,2,Medical,1,548,4,Male,85,4,3,Manager,4,Married,9247,13682,4,Y,No,11,4,4,80,0,11,3,3,9,5,1,7
40,No,Travel_Rarely,580,Sales,3,5,Marketing,1,549,2,Female,73,4,2,Manager,3,Married,5206,17796,0,Y,Yes,15,3,3,80,3,10,4,3,6,3,3,1
47,No,Travel_Rarely,666,Research & Development,10,4,Medical,1,550,2,Female,79,4,4,Research Director,3,Married,15092,21085,4,Y,Yes,20,4,3,80,2,9,2,3,4,1,2,2
52,No,Travel_Rarely,353,Research & Development,29,2,Medical,1,551,4,Female,67,1,4,Manufacturing Director,1,Divorced,13827,3363,2,Y,No,13,3,4,80,0,22,2,1,17,6,1,6
34,No,Travel_Rarely,1424,Research & Development,6,4,Medical,1,552,4,Male,94,4,2,Human Resources,3,Single,5906,18755,3,Y,No,16,3,2,80,1,7,1,2,4,3,2,3
53,No,Travel_Rarely,1497,Research & Development,9,1,Marketing,1,553,1,Female,38,1,5,Research Director,4,Divorced,18671,24093,1,Y,No,17,3,2,80,2,23,2,4,8,3,1,2
31,No,Travel_Rarely,1083,Research & Development,29,2,Medical,1,554,2,Female,87,1,1,Research Director,4,Single,1009,15484,1,Y,Yes,12,3,4,80,2,6,2,3,3,1,1,1
60,Yes,Travel_Rarely,207,Sales,29,2,Marketing,1,555,4,Female,98,2,5,Research Scientist,1,Married,18852,18463,5,Y,No,12,3,2,80,1,17,1,1,12,4,2,8
39,No,Travel_Frequently,691,Research & Development,27,4,Life Sciences,1,556,1,Male,89,2,2,Manufacturing Director,1,Divorced,4452,4215,2,Y,No,23,3,2,80,2,16,3,3,8,5,4,3
49,No,Travel_Rarely,491,Research & Development,8,3,Medical,1,557,4,Male,49,1,4,Manager,3,Married,15671,20880,4,Y,No,12,3,1,80,1,15,2,4,6,4,3,4
55,Yes,Travel_Rarely,1385,Research & Development,6,4,Marketing,1,558,1,Male,97,3,4,Human Resources,1,Single,12363,24885,4,Y,Yes,19,3,2,80,0,18,1,4,7,6,0,6
52,No,Travel_Rarely,1012,Research & Development,22,3,Life Sciences,1,559,2,Male,98,4,3,Sales Executive,3,Divorced,9970,10906,1,Y,No,17,3,1,80,0,12,6,1,8,5,1,4
54,No,Travel_Rarely,1455,Research & Development,29,4,Technical Degree,1,560,3,Male,89,3,5,Research Scientist,2,Divorced,18785,12432,1,Y,No,21,3,4,80,3,16,3,1,10,4,3,5
41,No,Non-Travel,1267,Research & Development,11,1,Life Sciences,1,561,2,Male,52,4,4,Research Scientist,4,Married,14487,14984,2,Y,No,24,4,3,80,2,13,0,1,7,2,2,6
19,No,Travel_Rarely,847,Research & Development,15,4,Life Sciences,1,562,1,Male,86,4,1,Research Scientist,1,Married,1344,5708,0,Y,No,13,3,2,80,3,0,0,2,0,0,0,0
39,Yes,Travel_Rarely,496,Research & Development,6,1,Technical Degree,1,563,1,Male,90,4,3,Sales Representative,1,Divorced,8129,4350,1,Y,Yes,25,3,4,80,2,9,0,4,8,5,4,2
25,Yes,Travel_Rarely,1191,Sales,3,1,Life Sciences,1,564,2,Male,43,1,2,Sales Executive,1,Single,4702,4195,0,Y,No,12,3,2,80,2,3,2,2,2,2,1,1
56,No,Non-Travel,1075,Human Resources,3,4,Life Sciences,1,565,2,Male,48,3,5,Research Scientist,1,Married,19999,6052,2,Y,No,24,4,2,80,1,19,1,4,11,3,3,6
28,No,Travel_Rarely,1186,Research & Development,11,1,Life Sciences,1,566,4,Male,83,1,1,Manager,1,Married,2173,21639,2,Y,Yes,18,4,3,80,0,11,6,1,10,5,5,7
27,No,Travel_Rarely,1404,Research & Development,5,4,Technical Degree,1,567,3,Female,87,4,2,Laboratory Technician,4,Single,6884,17773,0,Y,No,11,3,2,80,2,5,3,4,0,0,0,0
28,No,Travel_Rarely,952,Research & Development,14,1,Medical,1,568,1,Female,74,4,1,Sales Executive,3,Divorced,4401,17354,1,Y,No,18,3,2,80,0,4,5,4,2,1,1,1
45,No,Travel_Rarely,1033,Research & Development,6,1,Medical,1,569,4,Male,68,1,2,Healthcare Representative,3,Married,6867,3970,1,Y,No,24,3,3,80,3,23,1,4,10,7,5,7
42,No,Travel_Frequently,692,Research & Development,26,5,Marketing,1,570,3,Male,98,3,3,Laboratory Technician,2,Divorced,7787,8362,2,Y,No,19,3,2,80,0,11,0,3,11,6,3,2
58,No,Travel_Rarely,789,Research & Development,8,1,Medical,1,571,1,Male,54,1,5,Human Resources,1,Married,19999,25402,0,Y,No,12,3,2,80,3,19,2,3,14,5,5,11
35,No,Travel_Rarely,289,Sales,9,5,Human Resources,1,572,2,Male,81,3,2,Manager,4,Married,7915,15369,1,Y,No,22,3,1,80,1,8,4,1,8,4,1,6
30,No,Travel_Rarely,369,Research & Development,29,2,Marketing,1,573,3,Male,97,2,3,Human Resources,4,Married,8941,4099,1,Y,No,23,3,4,80,1,6,5,4,5,2,2,4
20,No,Travel_Frequently,1496,Research & Development,13,4,Life Sciences,1,574,3,Male,48,4,2,Sales Executive,2,Married,4942,25665,0,Y,No,20,3,4,80,1,3,1,3,0,0,0,0
18,No,Travel_Rarely,351,Research & Development,15,5,Other,1,575,3,Female,35,2,1,Sales Representative,4,Divorced,1967,16182,0,Y,No,17,3,3,80,2,5,2,3,5,2,1,2
34,No,Travel_Rarely,202,Research & Development,9,1,Medical,1,576,2,Female,41,3,3,Manufacturing Director,3,Married,9066,14375,2,Y,No,21,3,3,80,3,10,3,2,10,5,3,3
57,Yes,Non-Travel,1217,Research & Development,12,2,Life Sciences,1,577,3,Male,77,3,3,Manager,2,Married,8578,16950,3,Y,No,16,3,4,80,1,23,2,1,8,7,2,3
40,No,Travel_Rarely,290,Sales,4,3,Life Sciences,1,578,4,Male,49,3,2,Laboratory Technician,1,Married,5719,11822,1,Y,No,13,3,4,80,1,15,2,3,5,3,1,2
56,No,Travel_Frequently,746,Research & Development,23,5,Medical,1,579,1,Male,80,4,5,Sales Executive,3,Single,17383,19148,5,Y,No,23,4,2,80,3,19,6,3,14,5,2,8
22,Yes,Travel_Frequently,625,Sales,7,1,Life Sciences,1,580,2,Male,64,1,1,Sales Executive,1,Single,3040,9760,1,Y,Yes,17,3,3,80,1,5,6,1,0,0,0,0
22,No,Travel_Rarely,683,Research & Development,3,1,Medical,1,581,4,Male,91,1,2,Sales Representative,2,Married,6873,10920,2,Y,No,22,3,4,80,1,7,2,4,3,1,1,2
53,No,Travel_Rarely,658,Research & Development,16,2,Life Sciences,1,582,3,Female,76,3,4,Sales Representative,3,Married,14978,6633,3,Y,No,19,3,1,80,3,13,0,1,3,2,1,1
22,No,Travel_Rarely,152,Research & Development,18,2,Medical,1,583,1,Male,72,1,3,Sales Executive,2,Married,8003,6971,2,Y,Yes,24,4,4,80,3,12,2,3,6,2,3,3
20,No,Travel_Rarely,475,Research & Development,11,2,Life Sciences,1,584,1,Female,45,2,1,Healthcare Representative,1,Married,2869,24766,1,Y,No,18,3,2,80,2,1,6,1,0,0,0,0
35,No,Travel_Rarely,997,Research & Development,29,1,Technical Degree,1,585,3,Male,53,3,4,Manager,1,Married,12238,7108,1,Y,No,15,3,1,80,0,8,6,4,3,1,0,1
57,No,Non-Travel,211,Research & Development,7,5,Life Sciences,1,586,2,Male,46,3,5,Manufacturing Director,3,Married,18202,6370,4,Y,Yes,15,3,2,80,1,15,4,2,8,4,3,5
47,No,Travel_Rarely,473,Research & Development,11,4,Life Sciences,1,587,4,Female,34,1,5,Research Scientist,4,Married,18592,13947,3,Y,No,18,3,3,80,3,10,4,2,10,9,2,6
22,Yes,Travel_Rarely,1358,Research & Development,1,1,Medical,1,588,1,Male,51,3,1,Research Director,3,Divorced,3760,3454,3,Y,Yes,25,3,3,80,3,7,2,3,2,1,1,1
53,No,Travel_Rarely,1016,Research & Development,1,3,Medical,1,589,3,Female,97,4,4,Healthcare Representative,1,Single,13152,12311,4,Y,No,13,3,1,80,2,25,3,4,16,6,7,10
54,Yes,Travel_Rarely,819,Sales,14,4,Medical,1,590,3,Female,87,1,4,Manager,3,Married,12757,5648,2,Y,No,13,3,3,80,1,16,6,3,9,2,0,7
52,No,Travel_Rarely,864,Research & Development,17,4,Medical,1,591,2,Female,46,2,4,Healthcare Representative,2,Single,14909,8518,1,Y,No,14,3,3,80,3,18,1,3,9,2,3,8
56,No,Travel_Frequently,1456,Research & Development,13,5,Life Sciences,1,592,2,Female,55,2,5,Manager,3,Divorced,18493,6639,3,Y,No,25,3,3,80,2,19,2,1,14,5,3,3
28,No,Travel_Rarely,170,Research & Development,17,4,Technical Degree,1,593,2,Male,81,2,2,Sales Executive,3,Married,4493,23664,0,Y,Yes,20,3,4,80,0,10,6,4,5,3,2,2
60,No,Travel_Rarely,1328,Sales,22,4,Medical,1,594,4,Male,35,2,5,Human Resources,4,Married,19975,12674,1,Y,No,22,3,4,80,1,28,4,3,26,14,3,17
31,Yes,Travel_Rarely,769,Sales,11,1,Life Sciences,1,595,2,Male,81,1,2,Research Scientist,4,Divorced,6051,2142,0,Y,No,19,3,2,80,1,13,0,1,11,9,5,2
52,No,Travel_Rarely,792,Human Resources,9,1,Marketing,1,596,2,Male,68,3,4,Sales Representative,1,Married,13751,24748,0,Y,No,19,3,2,80,2,16,5,2,5,4,2,3
42,No,Non-Travel,421,Research & Development,5,4,Medical,1,597,4,Female,80,1,3,Human Resources,1,Single,8078,26950,1,Y,No,20,4,4,80,0,14,0,3,8,7,1,5
51,No,Travel_Rarely,644,Research & Development,14,5,Medical,1,598,3,Female,30,1,4,Healthcare Representative,4,Married,14455,5451,4,Y,No,12,3,4,80,3,19,2,4,9,5,4,3
44,No,Travel_Rarely,860,Human Resources,25,2,Medical,1,599,1,Male,96,3,3,Manufacturing Director,2,Single,9147,4576,2,Y,No,20,3,1,80,0,13,6,3,4,2,0,2
45,No,Travel_Rarely,458,Research & Development,19,4,Life Sciences,1,600,1,Female,77,4,3,Sales Executive,1,Divorced,8751,5734,2,Y,No,19,3,2,80,2,10,0,2,10,6,3,7
44,No,Travel_Rarely,590,Sales,29,2,Medical,1,601,3,Male,42,3,4,Laboratory Technician,1,Married,14145,8831,2,Y,No,23,3,4,80,1,10,1,2,7,3,2,1
51,Yes,Travel_Rarely,1489,Sales,12,3,Life Sciences,1,602,3,Female,89,2,4,Healthcare Representative,2,Married,13272,12985,5,Y,Yes,12,3,3,80,0,20,6,3,13,5,1,3
49,No,Travel_Frequently,1242,Research & Development,8,4,Life Sciences,1,603,2,Male,32,2,5,Sales Executive,4,Divorced,18344,21852,3,Y,No,18,3,4,80,2,20,4,4,12,9,2,9
23,No,Non-Travel,947,Sales,10,4,Other,1,604,4,Male,41,2,1,Sales Executive,4,Divorced,2794,24602,1,Y,No,24,3,1,80,3,3,1,3,0,0,0,0
53,No,Travel_Rarely,511,Research & Development,20,1,Medical,1,605,4,Female,86,1,5,Human Resources,3,Married,17847,23465,3,Y,No,23,3,4,80,3,18,2,4,13,6,5,7
41,Yes,Travel_Rarely,1276,Sales,17,5,Life Sciences,1,606,2,Female,89,3,3,Research Scientist,2,Single,7206,25184,2,Y,Yes,15,3,1,80,2,16,6,3,8,4,3,4
31,No,Travel_Rarely,1300,Sales,7,5,Life Sciences,1,607,1,Male,36,1,2,Research Scientist,3,Married,5392,3453,1,Y,No,21,3,1,80,3,1,4,2,0,0,0,0
40,No,Travel_Rarely,1477,Sales,14,3,Marketing,1,608,1,Female,78,3,3,Research Scientist,4,Divorced,9687,25774,2,Y,No,16,3,3,80,3,10,2,2,6,4,1,4
59,No,Travel_Rarely,1035,Sales,6,2,Life Sciences,1,609,1,Male,87,2,5,Healthcare Representative,2,Divorced,16513,18396,3,Y,No,22,4,4,80,3,27,1,2,13,6,6,4
54,No,Travel_Rarely,414,Sales,17,3,Life Sciences,1,610,3,Male,36,2,4,Laboratory Technician,3,Married,13530,5253,5,Y,No,20,3,2,80,0,19,2,1,5,4,1,4
53,Yes,Travel_Rarely,628,Research & Development,2,5,Life Sciences,1,611,2,Female,35,2,5,Sales Representative,2,Single,19327,26837,2,Y,No,18,3,1,80,3,13,2,3,5,3,1,3
37,No,Travel_Rarely,1394,Research & Development,3,3,Marketing,1,612,1,Male,46,1,3,Laboratory Technician,4,Single,9787,19665,3,Y,No,11,4,4,80,2,10,3,1,9,4,4,2
51,No,Travel_Rarely,246,Research & Development,3,1,Medical,1,613,1,Male,45,1,4,Sales Executive,3,Divorced,16160,20831,4,Y,No,22,4,1,80,2,20,0,4,17,12,1,10
34,No,Travel_Rarely,1211,Research & Development,5,1,Life Sciences,1,614,2,Female,46,1,3,Laboratory Technician,1,Single,8191,18216,0,Y,No,19,3,3,80,3,0,3,4,0,0,0,0
47,Yes,Travel_Rarely,802,Research & Development,15,5,Life Sciences,1,615,3,Male,86,4,4,Sales Executive,4,Married,16367,21606,2,Y,No,18,3,1,80,2,15,1,2,12,9,1,9
45,No,Travel_Rarely,737,Research & Development,20,4,Medical,1,616,1,Female,44,1,4,Sales Representative,3,Married,14547,2852,0,Y,No,21,3,3,80,2,12,6,3,6,3,3,3
28,No,Travel_Rarely,325,Research & Development,11,4,Medical,1,617,2,Female,67,1,1,Sales Executive,2,Single,3977,15953,0,Y,Yes,24,3,1,80,3,0,1,1,0,0,0,0
29,No,Travel_Frequently,1427,Sales,3,1,Medical,1,618,2,Male,53,1,2,Sales Executive,1,Married,4222,18837,0,Y,No,14,3,2,80,0,7,1,3,7,5,1,4
20,Yes,Travel_Rarely,394,Research & Development,23,1,Life Sciences,1,619,1,Male,52,2,1,Laboratory Technician,3,Divorced,3544,23575,1,Y,No,24,3,2,80,2,2,2,4,2,2,0,1
24,No,Travel_Rarely,926,Human Resources,10,2,Marketing,1,620,4,Female,94,3,1,Sales Executive,1,Married,4081,19452,0,Y,Yes,13,3,4,80,2,4,4,3,3,3,2,2
36,No,Travel_Rarely,871,Research & Development,27,2,Human Resources,1,621,1,Female,52,2,4,Manufacturing Director,1,Married,13173,8272,1,Y,Yes,20,3,3,80,0,8,5,4,5,3,2,2
38,No,Travel_Rarely,651,Sales,12,2,Medical,1,622,1,Male,45,3,2,Laboratory Technician,3,Married,2373,18448,0,Y,No,18,4,4,80,0,7,2,1,3,2,0,2
25,No,Travel_Rarely,305,Research & Development,2,3,Life Sciences,1,623,1,Male,46,3,1,Human Resources,2,Divorced,3179,8241,1,Y,No,22,3,3,80,2,0,4,4,0,0,0,0
35,No,Travel_Rarely,325,Research & Development,6,2,Medical,1,624,2,Female,95,1,3,Sales Executive,3,Married,8242,7465,0,Y,No,19,3,2,80,1,7,0,2,6,2,1,2
43,No,Travel_Rarely,992,Research & Development,2,1,Life Sciences,1,625,3,Female,89,1,2,Manufacturing Director,2,Married,7113,17483,2,Y,No,19,3,2,80,1,16,1,1,14,5,1,5
28,No,Travel_Rarely,1118,Research & Development,1,3,Life Sciences,1,626,2,Male,69,3,1,Manager,3,Married,2354,10371,1,Y,Yes,17,3,3,80,0,7,2,3,7,1,1,2
32,No,Travel_Frequently,440,Research & Development,8,4,Life Sciences,1,627,4,Female,69,4,3,Sales Executive,3,Single,7654,10367,1,Y,No,20,3,3,80,2,8,4,3,0,0,0,0
33,No,Travel_Frequently,1183,Research & Development,12,4,Technical Degree,1,628,2,Female,66,1,2,Healthcare Representative,3,Single,4094,15885,1,Y,Yes,15,3,4,80,1,5,3,1,2,1,0,1
39,No,Travel_Rarely,1057,Research & Development,16,2,Life Sciences,1,629,1,Female,71,4,3,Research Director,3,Divorced,7744,6932,1,Y,No,15,3,4,80,0,10,3,2,10,7,1,5
33,No,Travel_Rarely,391,Sales,21,2,Technical Degree,1,630,3,Male,77,4,2,Sales Representative,4,Married,8700,5541,4,Y,No,17,3,1,80,0,11,4,4,7,4,4,2
49,No,Travel_Rarely,638,Sales,7,3,Medical,1,631,4,Male,34,4,3,Human Resources,2,Single,6596,12967,2,Y,Yes,14,3,4,80,1,17,1,1,6,2,2,2
32,No,Travel_Rarely,621,Human Resources,3,1,Medical,1,632,3,Male,87,3,1,Manager,2,Single,1398,6047,1,Y,No,15,3,2,80,2,6,1,1,5,3,1,1
36,No,Travel_Rarely,876,Research & Development,12,5,Life Sciences,1,633,3,Male,83,2,2,Laboratory Technician,1,Divorced,5435,20416,0,Y,No,12,3,3,80,2,0,4,4,0,0,0,0
34,No,Travel_Rarely,178,Research & Development,7,5,Medical,1,634,4,Male,97,3,2,Human Resources,2,Married,7869,19496,2,Y,No,14,3,4,80,2,6,6,3,0,0,0,0
25,No,Travel_Rarely,1431,Research & Development,19,1,Life Sciences,1,635,4,Male,60,1,2,Research Scientist,2,Married,6390,25598,0,Y,No,17,3,4,80,2,3,0,2,3,3,1,1
47,No,Travel_Rarely,880,Sales,8,5,Medical,1,636,2,Male,30,2,3,Manufacturing Director,4,Single,10363,6220,2,Y,No,18,3,2,80,1,11,2,2,1,0,0,1
28,No,Travel_Rarely,1060,Research & Development,16,1,Life Sciences,1,637,3,Male,56,2,2,Sales Representative,4,Divorced,5038,20717,1,Y,No,20,3,1,80,3,5,6,4,4,2,1,2
30,Yes,Travel_Rarely,940,Sales,29,3,Life Sciences,1,638,1,Male,58,3,2,Research Director,3,Divorced,3832,2509,1,Y,Yes,16,3,4,80,2,10,5,4,5,3,2,3
52,Yes,Travel_Rarely,660,Research & Development,19,4,Medical,1,639,1,Female,73,2,4,Human Resources,1,Married,13461,17493,1,Y,No,20,3,4,80,2,17,1,1,7,3,2,1
58,No,Travel_Rarely,1287,Research & Development,29,2,Life Sciences,1,640,2,Male,42,2,5,Sales Executive,1,Single,18850,6703,3,Y,No,17,3,2,80,1,23,0,4,12,6,1,5
46,No,Travel_Rarely,554,Sales,2,2,Life Sciences,1,641,3,Male,35,3,3,Manager,3,Married,8513,20081,2,Y,Yes,17,3,1,80,1,9,3,2,8,6,2,2
57,No,Travel_Frequently,138,Sales,3,1,Other,1,642,3,Female,40,4,5,Sales Executive,2,Divorced,18743,3974,3,Y,Yes,11,3,3,80,3,18,4,2,11,7,5,5
54,No,Travel_Frequently,885,Research & Development,13,4,Life Sciences,1,643,1,Male,78,4,4,Sales Representative,4,Divorced,14709,3136,1,Y,No,22,3,4,80,1,11,1,2,7,4,3,4
38,No,Travel_Rarely,269,Sales,19,1,Life Sciences,1,644,3,Female,40,1,1,Manager,1,Divorced,2146,9121,2,Y,No,21,3,2,80,3,9,2,2,9,7,4,6
51,No,Travel_Rarely,1248,Sales,15,3,Life Sciences,1,645,3,Female,75,3,4,Sales Executive,3,Married,12887,10813,1,Y,No,11,3,1,80,0,13,4,3,5,1,3,3
32,Yes,Travel_Rarely,146,Research & Development,5,2,Life Sciences,1,646,4,Male,80,2,2,Sales Representative,4,Married,4054,21030,3,Y,Yes,11,4,2,80,3,12,3,4,2,1,1,1
37,No,Travel_Rarely,394,Research & Development,18,5,Medical,1,647,3,Female,70,3,3,Laboratory Technician,2,Married,8746,6867,0,Y,No,22,3,3,80,3,11,1,1,8,3,4,3
41,No,Travel_Rarely,1421,Research & Development,13,5,Life Sciences,1,648,4,Male,33,4,2,Manufacturing Director,1,Divorced,5627,21671,2,Y,No,14,4,4,80,3,15,5,3,11,2,4,9
59,Yes,Travel_Rarely,468,Sales,7,5,Medical,1,649,2,Male,38,2,5,Human Resources,1,Single,19999,14417,5,Y,No,24,4,4,80,1,18,6,1,7,6,1,2
54,Yes,Travel_Rarely,818,Research & Development,27,4,Medical,1,650,1,Male,89,3,4,Healthcare Representative,3,Single,15856,3871,0,Y,Yes,23,3,3,80,2,14,5,1,6,4,2,1
39,No,Travel_Frequently,1322,Sales,18,3,Life Sciences,1,651,3,Female,74,4,3,Manufacturing Director,3,Married,7051,25837,3,Y,Yes,17,3,2,80,3,7,6,2,3,1,0,1
46,No,Travel_Rarely,445,Sales,25,2,Human Resources,1,652,4,Female,83,3,3,Sales Executive,3,Married,8528,16296,2,Y,Yes,25,3,4,80,0,15,2,4,7,3,1,6
26,No,Travel_Rarely,521,Research & Development,13,1,Other,1,653,1,Female,96,3,1,Sales Executive,4,Divorced,2754,23284,0,Y,No,18,3,1,80,2,11,0,2,2,1,0,2
52,No,Travel_Rarely,128,Sales,17,5,Life Sciences,1,654,4,Female,59,4,4,Sales Executive,4,Single,12156,4286,1,Y,Yes,25,4,2,80,3,18,5,2,12,8,3,4
41,No,Travel_Rarely,1222,Research & Development,15,2,Life Sciences,1,655,4,Male,93,1,3,Research Scientist,1,Married,7866,13341,1,Y,No,11,4,4,80,3,11,3,4,7,3,3,1
40,No,Travel_Rarely,236,Sales,2,3,Life Sciences,1,656,1,Male,60,2,2,Research Scientist,2,Single,7380,6753,1,Y,No,19,3,4,80,3,11,2,2,4,3,1,3
50,No,Non-Travel,1468,Sales,11,1,Life Sciences,1,657,3,Female,94,2,5,Manufacturing Director,2,Married,18241,14923,4,Y,No,23,3,4,80,3,16,1,4,10,3,1,4
45,Yes,Travel_Frequently,1108,Research & Development,14,2,Medical,1,658,2,Male,78,1,4,Manager,4,Married,13041,21624,0,Y,No,14,3,3,80,1,21,0,4,6,3,3,1
21,Yes,Travel_Rarely,540,Research & Development,22,4,Medical,1,659,3,Female,45,2,2,Sales Executive,1,Married,5438,23243,2,Y,No,23,3,4,80,2,7,1,3,4,3,1,2
30,No,Travel_Frequently,772,Sales,5,3,Medical,1,660,4,Female,30,4,3,Healthcare Representative,3,Married,9594,26301,2,Y,No,23,4,1,80,1,8,4,4,3,2,0,1
25,No,Travel_Rarely,824,Sales,12,3,Life Sciences,1,661,2,Female,94,4,1,Human Resources,2,Single,2634,8630,0,Y,Yes,22,3,3,80,3,5,1,4,4,2,1,2
49,No,Travel_Rarely,1127,Research & Development,26,2,Life Sciences,1,662,2,Male,57,1,4,Sales Executive,1,Married,14153,8858,5,Y,No,20,3,2,80,2,16,6,1,10,5,1,6
19,No,Travel_Rarely,619,Research & Development,9,1,Other,1,663,1,Male,91,4,1,Healthcare Representative,3,Divorced,1009,21188,2,Y,No,12,3,3,80,3,4,3,1,3,2,2,2
26,No,Travel_Rarely,472,Research & Development,3,5,Human Resources,1,664,1,Female,42,4,2,Sales Executive,2,Married,6187,21439,1,Y,Yes,25,3,1,80,1,4,0,2,0,0,0,0
43,No,Travel_Rarely,286,Sales,18,3,Life Sciences,1,665,4,Male,62,4,3,Manufacturing Director,3,Single,8765,10310,0,Y,No,24,3,2,80,1,10,4,3,6,4,3,1
47,No,Travel_Rarely,716,Research & Development,13,2,Medical,1,666,2,Male,42,1,3,Manager,2,Married,9562,10612,1,Y,Yes,19,3,1,80,3,18,4,2,10,7,2,2
39,No,Travel_Rarely,774,Sales,2,2,Medical,1,667,4,Male,38,4,3,Sales Executive,1,Single,6259,6956,1,Y,Yes,16,3,3,80,3,11,1,3,7,6,3,5
55,No,Travel_Frequently,973,Sales,10,4,Medical,1,668,3,Female,69,1,5,Research Scientist,1,Single,18637,21633,2,Y,Yes,18,3,4,80,0,21,5,4,7,4,0,2
57,No,Travel_Rarely,1266,Research & Development,12,3,Medical,1,669,2,Female,61,1,5,Research Director,1,Single,19999,4863,8,Y,No,25,3,1,80,1,25,5,1,11,4,3,5
23,No,Travel_Frequently,398,Research & Development,9,2,Technical Degree,1,670,4,Male,47,2,3,Research Scientist,2,Single,7832,16296,1,Y,Yes,11,3,4,80,0,6,4,4,0,0,0,0
58,No,Travel_Rarely,413,Research & Development,12,5,Life Sciences,1,671,1,Female,53,4,4,Manager,2,Single,14061,11706,4,Y,No,18,3,3,80,2,21,0,2,13,9,3,4
44,No,Travel_Frequently,503,Research & Development,13,5,Life Sciences,1,672,4,Male,56,4,2,Healthcare Representative,1,Divorced,5008,15700,2,Y,No,13,3,1,80,0,24,3,4,13,7,7,6
45,No,Travel_Rarely,330,Sales,14,1,Other,1,673,1,Male,45,3,4,Sales Executive,2,Single,13538,25095,2,Y,Yes,23,3,3,80,0,14,6,3,12,5,5,4
22,No,Travel_Rarely,299,Research & Development,10,4,Life Sciences,1,674,4,Female,80,1,1,Manager,4,Married,4401,22236,1,Y,Yes,21,4,1,80,2,0,1,1,0,0,0,0
44,Yes,Travel_Rarely,1219,Research & Development,20,5,Life Sciences,1,675,3,Male,50,4,3,Manufacturing Director,4,Divorced,6792,24620,1,Y,Yes,24,3,4,80,3,12,6,4,3,2,1,1
49,No,Non-Travel,1096,Research & Development,19,3,Marketing,1,676,2,Male,74,2,3,Sales Executive,2,Married,8440,19432,2,Y,Yes,25,3,2,80,2,21,1,1,8,7,1,6
42,No,Travel_Rarely,1261,Research & Development,7,1,Marketing,1,677,3,Male,82,3,3,Human Resources,3,Married,8802,12762,1,Y,No,12,3,1,80,2,8,4,2,0,0,0,0
21,No,Travel_Rarely,915,Research & Development,29,1,Medical,1,678,4,Male,53,2,1,Laboratory Technician,1,Married,4126,26270,0,Y,No,18,3,4,80,2,0,2,3,0,0,0,0
40,Yes,Travel_Frequently,1243,Sales,6,4,Marketing,1,679,2,Male,34,3,3,Manager,2,Single,8354,16060,1,Y,No,24,3,3,80,0,15,0,4,2,1,0,1
58,No,Travel_Rarely,723,Sales,14,5,Medical,1,680,1,Male,33,1,4,Sales Executive,3,Married,15163,11126,5,Y,No,11,3,3,80,0,19,4,1,19,5,4,15
49,Yes,Travel_Frequently,1332,Research & Development,15,1,Life Sciences,1,681,4,Male,71,4,4,Sales Executive,1,Married,13934,23414,4,Y,No,24,3,4,80,2,15,3,3,15,8,2,4
23,No,Travel_Rarely,894,Sales,4,3,Medical,1,682,3,Male,31,1,2,Manager,4,Divorced,5643,25879,2,Y,No,16,3,3,80,3,8,2,1,5,1,3,3
59,No,Travel_Rarely,148,Research & Development,3,3,Marketing,1,683,2,Male,38,4,5,Healthcare Representative,4,Divorced,19098,13994,4,Y,No,19,3,4,80,0,17,1,2,12,9,2,7
59,No,Travel_Rarely,339,Research & Development,7,2,Technical Degree,1,684,4,Female,64,4,4,Research Scientist,4,Divorced,14786,22706,0,Y,Yes,12,3,3,80,1,15,3,2,12,9,1,7
25,No,Travel_Rarely,823,Sales,18,4,Life Sciences,1,685,1,Female,50,1,2,Manager,1,Married,6150,14361,0,Y,Yes,16,3,1,80,0,0,0,2,0,0,0,0
52,No,Travel_Rarely,1237,Sales,1,5,Life Sciences,1,686,4,Female,59,3,4,Laboratory Technician,4,Married,12664,14385,5,Y,No,25,3,4,80,0,19,4,3,7,4,1,1
35,Yes,Travel_Rarely,307,Research & Development,8,2,Marketing,1,687,1,Male,79,2,2,Research Scientist,1,Divorced,5760,15261,0,Y,No,24,3,4,80,1,10,0,3,8,7,1,3
43,No,Travel_Rarely,1157,Human Resources,4,1,Life Sciences,1,688,3,Male,86,2,3,Sales Representative,4,Divorced,9149,14566,2,Y,No,13,3,2,80,0,10,1,3,3,1,1,1
37,No,Travel_Frequently,1344,Research & Development,21,2,Life Sciences,1,689,1,Male,57,2,3,Healthcare Representative,1,Married,10254,24328,0,Y,No,19,3,3,80,0,6,3,1,2,2,0,1
51,Yes,Travel_Frequently,356,Research & Development,8,2,Marketing,1,690,1,Female,35,1,4,Laboratory Technician,2,Divorced,12790,24557,4,Y,No,12,3,1,80,1,15,5,4,11,3,5,8
60,No,Travel_Rarely,876,Sales,15,4,Medical,1,691,2,Male,44,4,5,Sales Representative,4,Divorced,19646,21840,0,Y,No,25,3,2,80,2,24,2,3,11,2,4,4
52,No,Travel_Rarely,1339,Research & Development,11,3,Life Sciences,1,692,1,Male,90,1,5,Manufacturing Director,3,Married,18583,16724,2,Y,No,17,3,3,80,2,14,4,1,8,5,1,3
58,No,Travel_Rarely,533,Sales,19,1,Life Sciences,1,693,1,Female,30,2,4,Human Resources,1,Single,14230,4907,1,Y,No,14,3,2,80,2,17,6,4,5,2,1,2
58,No,Travel_Frequently,652,Research & Development,8,2,Life Sciences,1,694,3,Male,45,2,4,Sales Representative,2,Single,12712,10506,3,Y,Yes,19,3,4,80,2,15,4,4,6,5,1,3
21,No,Travel_Frequently,730,Research & Development,6,4,Marketing,1,695,4,Male,98,2,1,Research Scientist,2,Married,2984,5618,0,Y,No,14,3,1,80,0,2,5,3,0,0,0,0
28,No,Travel_Rarely,749,Research & Development,4,3,Medical,1,696,2,Male,54,2,1,Laboratory Technician,4,Single,3383,3124,1,Y,No,21,3,3,80,0,7,3,2,6,4,2,4
49,No,Travel_Rarely,566,Sales,13,3,Life Sciences,1,697,3,Female,32,3,3,Human Resources,2,Married,7336,17843,3,Y,Yes,16,3,3,80,0,23,1,4,13,9,6,6
43,No,Non-Travel,844,Sales,18,2,Life Sciences,1,698,2,Male,91,4,3,Human Resources,1,Married,10239,9556,0,Y,No,16,3,4,80,3,14,2,2,14,9,4,6
20,No,Travel_Frequently,479,Sales,5,2,Life Sciences,1,699,1,Male,82,3,2,Sales Executive,1,Divorced,3647,4046,0,Y,No,22,3,4,80,3,2,2,3,1,1,0,0
22,No,Travel_Rarely,1209,Research & Development,10,1,Life Sciences,1,700,4,Male,89,1,1,Research Scientist,3,Divorced,3645,7506,1,Y,No,24,3,4,80,1,6,3,3,4,3,0,3
40,No,Travel_Frequently,1055,Research & Development,29,1,Life Sciences,1,701,3,Male,77,4,3,Research Scientist,1,Married,5586,3742,0,Y,No,14,3,4,80,3,14,1,3,6,5,3,2
44,No,Travel_Rarely,331,Sales,9,1,Medical,1,702,1,Male,66,2,2,Research Director,1,Married,5194,5307,1,Y,No,19,3,1,80,1,11,5,4,11,6,2,4
25,No,Travel_Rarely,1290,Research & Development,4,4,Life Sciences,1,703,3,Female,80,2,2,Human Resources,3,Single,6076,14477,1,Y,Yes,15,3,2,80,1,13,1,1,12,5,6,5
25,No,Travel_Frequently,472,Research & Development,8,1,Life Sciences,1,704,2,Male,35,3,2,Sales Representative,4,Married,6355,18845,1,Y,No,11,3,3,80,2,5,4,1,5,3,1,1
23,No,Travel_Rarely,840,Sales,8,3,Medical,1,705,1,Male,37,4,1,Research Scientist,1,Single,2874,21722,0,Y,Yes,14,3,4,80,3,5,3,3,5,3,1,2
42,No,Travel_Rarely,1410,Sales,19,5,Medical,1,706,1,Male,71,2,3,Research Director,2,Married,8210,11948,3,Y,No,11,3,4,80,2,14,5,4,10,4,2,8
18,Yes,Non-Travel,1054,Research & Development,12,4,Life Sciences,1,707,2,Female,63,1,1,Sales Executive,2,Divorced,3681,20539,1,Y,Yes,22,3,3,80,3,3,1,2,3,1,2,1
42,No,Travel_Frequently,1412,Research & Development,2,3,Life Sciences,1,708,1,Male,84,4,2,Laboratory Technician,4,Married,6641,4449,6,Y,No,18,3,1,80,3,18,1,3,13,6,6,4
38,No,Travel_Rarely,944,Research & Development,23,1,Life Sciences,1,709,3,Male,96,2,3,Research Scientist,4,Married,10156,5295,1,Y,No,19,3,2,80,0,8,1,4,4,1,2,1
38,No,Travel_Rarely,1232,Research & Development,6,3,Life Sciences,1,710,1,Female,48,3,4,Manufacturing Director,4,Married,12451,10237,1,Y,No,17,3,3,80,1,13,5,3,8,6,2,3
47,No,Travel_Frequently,749,Research & Development,4,5,Medical,1,711,1,Male,53,2,3,Manufacturing Director,3,Divorced,8259,17959,0,Y,No,15,3,4,80,1,15,1,1,11,8,4,9
40,No,Travel_Rarely,337,Research & Development,11,2,Life Sciences,1,712,1,Female,42,1,2,Research Scientist,1,Married,2868,5591,1,Y,No,17,3,2,80,0,15,2,4,7,3,1,5
49,No,Non-Travel,349,Human Resources,6,5,Marketing,1,713,3,Male,87,2,4,Sales Executive,4,Married,12359,2130,4,Y,No,13,3,2,80,0,15,0,4,8,7,3,6
50,No,Travel_Rarely,933,Research & Development,20,4,Medical,1,714,3,Male,65,4,5,Sales Representative,4,Single,18155,17002,1,Y,No,11,3,4,80,3,15,1,3,13,11,2,10
57,No,Travel_Rarely,303,Research & Development,13,2,Life Sciences,1,715,4,Female,54,4,4,Sales Executive,3,Married,15038,12247,3,Y,No,13,3,4,80,0,22,5,3,13,10,6,8
52,No,Travel_Rarely,725,Research & Development,8,1,Life Sciences,1,716,2,Male,83,2,4,Laboratory Technician,2,Single,13423,12726,3,Y,Yes,11,3,1,80,1,18,0,3,3,1,1,2
40,No,Travel_Frequently,749,Research & Development,6,1,Life Sciences,1,717,3,Female,63,3,3,Sales Executive,4,Married,8153,12567,0,Y,Yes,19,3,2,80,1,9,6,3,5,2,1,3
39,No,Non-Travel,214,Research & Development,29,2,Life Sciences,1,718,2,Male,65,1,3,Research Scientist,2,Married,8860,25360,3,Y,No,11,3,2,80,2,16,5,2,10,5,4,6
28,Yes,Travel_Rarely,1285,Research & Development,26,2,Medical,1,719,3,Male,89,1,2,Research Scientist,2,Single,4695,4965,1,Y,Yes,16,4,3,80,2,9,6,3,6,4,1,4
43,No,Travel_Rarely,207,Research & Development,10,4,Life Sciences,1,720,4,Male,47,3,3,Manager,2,Married,6106,17254,5,Y,Yes,22,3,3,80,0,12,4,3,9,6,1,5
23,No,Travel_Frequently,541,Research & Development,2,3,Marketing,1,721,3,Female,76,1,3,Laboratory Technician,3,Single,7605,21177,1,Y,No,19,3,4,80,1,2,4,4,2,1,0,1
58,No,Travel_Rarely,1299,Research & Development,8,3,Medical,1,722,2,Female,91,3,4,Research Scientist,3,Single,13855,21150,5,Y,No,20,3,3,80,1,21,5,4,19,14,4,12
54,No,Travel_Rarely,154,Research & Development,19,4,Marketing,1,723,4,Male,92,4,5,Sales Representative,1,Single,19562,4216,1,Y,Yes,15,3,4,80,0,20,4,3,15,13,2,4
23,No,Travel_Frequently,228,Research & Development,5,4,Marketing,1,724,3,Male,91,1,3,Sales Executive,2,Single,8252,10438,1,Y,No,13,4,1,80,3,0,3,4,0,0,0,0
51,No,Travel_Frequently,1280,Research & Development,29,4,Medical,1,725,4,Male,45,3,4,Sales Representative,1,Divorced,14542,26013,3,Y,No,13,3,3,80,2,18,2,2,10,8,4,5
23,Yes,Travel_Frequently,481,Research & Development,29,5,Human Resources,1,726,3,Female,76,2,1,Research Scientist,3,Divorced,4110,20884,2,Y,Yes,17,4,1,80,3,6,6,4,3,2,1,2
49,No,Travel_Rarely,1374,Human Resources,7,2,Other,1,727,3,Female,70,3,3,Human Resources,2,Married,9845,25081,1,Y,No,24,4,3,80,3,7,2,2,5,2,3,3
21,No,Travel_Rarely,312,Sales,5,5,Life Sciences,1,728,3,Male,35,4,1,Sales Executive,4,Married,3207,20393,2,Y,No,25,3,4,80,3,4,3,4,0,0,0,0
38,No,Non-Travel,330,Research & Development,21,3,Life Sciences,1,729,4,Female,68,1,3,Manufacturing Director,1,Married,7135,3813,2,Y,Yes,13,3,4,80,0,13,0,2,8,2,1,5
46,No,Travel_Rarely,905,Research & Development,16,1,Life Sciences,1,730,2,Female,46,3,4,Healthcare Representative,2,Divorced,12506,26772,3,Y,Yes,12,4,4,80,3,16,4,3,6,2,2,2
49,No,Travel_Rarely,1433,Research & Development,9,1,Life Sciences,1,731,3,Male,66,1,3,Manufacturing Director,1,Married,7118,22890,2,Y,No,17,3,2,80,0,18,0,1,9,8,5,4
36,No,Travel_Frequently,1163,Research & Development,22,1,Medical,1,732,4,Female,73,3,2,Sales Representative,1,Single,4210,18560,1,Y,No,13,3,3,80,2,8,0,4,6,3,1,1
57,No,Travel_Rarely,953,Research & Development,4,5,Life Sciences,1,733,1,Male,79,2,4,Sales Executive,1,Married,14119,2118,0,Y,No,13,3,2,80,3,15,2,2,5,3,1,1
51,No,Travel_Frequently,472,Research & Development,10,1,Medical,1,734,2,Female,85,3,4,Laboratory Technician,1,Divorced,16265,24910,0,Y,Yes,16,3,1,80,2,10,4,1,8,7,4,3
26,No,Travel_Rarely,198,Sales,26,5,Marketing,1,735,1,Male,71,4,3,Research Director,4,Single,8754,24278,0,Y,Yes,25,3,2,80,0,9,5,2,4,2,2,3
46,No,Non-Travel,1194,Human Resources,18,4,Life Sciences,1,736,3,Male,63,3,3,Research Director,2,Married,8399,23684,2,Y,Yes,14,3,3,80,0,17,4,2,11,4,5,8
49,No,Travel_Rarely,266,Sales,21,3,Medical,1,737,2,Male,99,2,3,Laboratory Technician,3,Married,9654,9529,3,Y,No,12,3,1,80,1,20,4,1,9,2,4,3
32,No,Travel_Rarely,346,Research & Development,29,5,Life Sciences,1,738,3,Female,51,3,1,Manufacturing Director,4,Married,2006,24974,0,Y,No,13,3,3,80,3,5,1,3,5,3,1,4
49,No,Non-Travel,717,Research & Development,14,5,Marketing,1,739,1,Male,51,3,4,Sales Representative,2,Married,15250,2295,3,Y,Yes,20,3,2,80,3,18,0,1,18,6,7,7
56,No,Travel_Rarely,600,Research & Development,15,5,Medical,1,740,4,Male,92,1,4,Sales Representative,2,Married,15161,16368,1,Y,Yes,25,3,2,80,2,13,0,3,12,3,5,9
53,No,Travel_Rarely,1312,Sales,4,3,Life Sciences,1,741,4,Female,98,3,4,Research Director,3,Divorced,14071,21238,0,Y,No,25,4,3,80,1,14,0,2,4,3,1,2
50,No,Travel_Rarely,441,Sales,8,2,Medical,1,742,3,Female,57,2,4,Research Director,3,Divorced,16512,7672,3,Y,Yes,22,3,1,80,2,16,2,3,5,2,0,3
45,No,Travel_Frequently,1012,Research & Development,17,1,Life Sciences,1,743,3,Female,91,1,3,Laboratory Technician,1,Single,9838,26193,3,Y,Yes,18,3,2,80,3,16,5,1,6,4,1,2
29,No,Travel_Frequently,736,Research & Development,16,5,Marketing,1,744,2,Male,95,3,2,Healthcare Representative,4,Divorced,5554,16664,1,Y,No,21,3,1,80,1,12,0,4,7,2,3,1
52,Yes,Travel_Rarely,435,Sales,22,5,Medical,1,745,2,Male,90,3,5,Laboratory Technician,1,Married,18828,6159,6,Y,Yes,11,3,1,80,1,16,2,1,9,5,4,3
33,No,Travel_Rarely,1472,Research & Development,12,3,Life Sciences,1,746,2,Male,67,3,3,Sales Executive,2,Married,7982,25048,0,Y,No,24,3,1,80,1,5,4,4,5,3,2,3
40,No,Travel_Rarely,1212,Sales,11,1,Medical,1,747,2,Male,83,2,3,Sales Representative,4,Married,8343,5241,3,Y,Yes,22,4,1,80,2,8,0,2,2,1,0,2
31,No,Non-Travel,1131,Research & Development,10,5,Technical Degree,1,748,4,Male,73,3,2,Healthcare Representative,3,Divorced,5378,26327,1,Y,Yes,13,3,3,80,3,5,3,4,3,1,1,2
31,No,Non-Travel,743,Research & Development,2,2,Marketing,1,749,3,Male,32,2,1,Sales Executive,3,Married,2617,26486,2,Y,No,15,3,2,80,0,15,2,3,15,6,1,10
24,No,Non-Travel,389,Sales,4,3,Medical,1,750,2,Male,38,3,2,Healthcare Representative,4,Single,5243,25658,0,Y,No,24,4,2,80,3,7,6,4,4,1,2,1
59,No,Travel_Rarely,1004,Sales,10,4,Marketing,1,751,3,Male,96,4,5,Research Scientist,2,Single,17569,10119,1,Y,Yes,19,3,4,80,0,24,3,3,20,6,7,14
24,No,Travel_Rarely,1452,Research & Development,24,1,Life Sciences,1,752,4,Female,48,3,1,Sales Executive,3,Single,2318,13079,6,Y,No,25,3,3,80,1,3,3,4,3,2,1,2
21,Yes,Travel_Frequently,473,Research & Development,12,1,Marketing,1,753,2,Male,42,3,2,Healthcare Representative,3,Married,3583,20966,0,Y,No,16,3,1,80,1,3,5,3,0,0,0,0
58,No,Travel_Frequently,1053,Research & Development,10,1,Marketing,1,754,4,Male,99,2,5,Manager,1,Single,19497,22125,5,Y,No,19,3,3,80,0,22,5,3,20,7,2,10
41,No,Travel_Rarely,1301,Research & Development,11,5,Life Sciences,1,755,2,Female,54,3,4,Laboratory Technician,2,Married,14096,7297,2,Y,Yes,11,3,3,80,2,10,3,3,8,3,1,1
36,No,Travel_Rarely,736,Research & Development,9,5,Life Sciences,1,756,1,Male,81,4,3,Sales Executive,4,Married,8353,14261,1,Y,Yes,24,4,3,80,3,9,4,2,9,7,4,2
49,No,Travel_Rarely,213,Sales,9,3,Life Sciences,1,757,1,Female,85,4,4,Manufacturing Director,2,Divorced,15063,11668,2,Y,No,23,3,4,80,0,13,2,4,9,5,1,2
34,No,Travel_Rarely,1382,Sales,6,3,Life Sciences,1,758,2,Male,63,4,2,Sales Executive,4,Married,4464,19321,4,Y,Yes,23,3,3,80,2,7,4,4,0,0,0,0
23,Yes,Travel_Rarely,250,Research & Development,13,3,Life Sciences,1,759,3,Male,74,2,1,Human Resources,4,Divorced,2147,21344,1,Y,No,22,3,4,80,3,4,2,3,0,0,0,0
49,No,Travel_Rarely,1167,Sales,24,2,Life Sciences,1,760,4,Male,67,4,4,Research Scientist,4,Divorced,12223,12841,2,Y,No,15,4,3,80,2,13,2,2,5,2,2,1
25,No,Travel_Rarely,770,Human Resources,11,3,Medical,1,761,2,Female,62,2,1,Research Director,1,Single,4228,24303,0,Y,Yes,11,3,3,80,1,6,5,2,4,2,1,3
41,No,Non-Travel,1120,Research & Development,14,2,Life Sciences,1,762,2,Female,36,4,3,Sales Executive,4,Married,9227,9629,0,Y,Yes,15,3,1,80,3,13,2,3,11,5,1,8
58,No,Travel_Frequently,1087,Sales,12,4,Life Sciences,1,763,3,Female,37,1,4,Sales Executive,4,Single,15596,20930,2,Y,Yes,21,3,4,80,1,19,3,1,6,3,2,3
58,No,Non-Travel,382,Sales,16,2,Medical,1,764,2,Female,85,4,5,Laboratory Technician,4,Divorced,19999,13100,1,Y,No,21,4,1,80,2,17,0,1,16,7,4,13
33,No,Travel_Rarely,238,Sales,10,4,Life Sciences,1,765,2,Female,90,1,3,Manager,3,Married,7991,4727,2,Y,Yes,23,3,4,80,3,9,2,2,9,3,2,7
51,No,Travel_Rarely,280,Research & Development,2,5,Medical,1,766,1,Female,35,1,3,Human Resources,3,Single,7647,9739,1,Y,No,19,3,3,80,2,15,4,3,8,7,3,2
44,No,Travel_Rarely,381,Research & Development,5,2,Marketing,1,767,2,Male,51,3,3,Laboratory Technician,2,Single,6345,22963,1,Y,No,16,3,2,80,1,13,3,4,10,7,2,8
38,No,Travel_Rarely,1311,Research & Development,10,1,Other,1,768,1,Female,57,3,3,Research Scientist,1,Married,7182,12633,1,Y,Yes,16,3,2,80,2,14,2,2,1,0,0,0
24,No,Travel_Rarely,224,Research & Development,29,3,Medical,1,769,3,Female,32,1,1,Sales Executive,2,Divorced,2610,21720,0,Y,No,25,4,1,80,1,0,0,1,0,0,0,0
34,No,Travel_Frequently,1052,Research & Development,6,1,Life Sciences,1,770,2,Male,59,3,2,Manufacturing Director,4,Divorced,3027,18971,2,Y,No,11,3,2,80,1,16,3,3,10,3,1,3
46,No,Travel_Frequently,637,Research & Development,7,2,Life Sciences,1,771,1,Male,97,4,3,Laboratory Technician,1,Single,7207,12387,3,Y,No,20,3,1,80,2,14,2,4,8,2,2,5
60,No,Travel_Frequently,1243,Human Resources,7,4,Other,1,772,4,Male,72,2,5,Human Resources,1,Single,18901,7093,3,Y,Yes,11,3,2,80,1,22,6,4,11,4,1,9
18,No,Travel_Rarely,938,Research & Development,2,3,Medical,1,773,1,Male,94,3,1,Laboratory Technician,4,Married,4072,20090,0,Y,No,17,3,1,80,3,0,0,3,0,0,0,0
48,No,Travel_Rarely,1171,Research & Development,11,3,Marketing,1,774,3,Male,59,4,4,Sales Representative,4,Married,13140,18947,4,Y,No,12,3,1,80,1,19,4,1,8,3,1,4
54,No,Travel_Rarely,1257,Research & Development,1,4,Medical,1,775,1,Male,83,1,4,Research Director,3,Single,14154,9904,1,Y,No,14,3,3,80,0,17,2,3,13,10,4,5
58,No,Travel_Rarely,1363,Research & Development,13,1,Life Sciences,1,776,1,Male,98,2,4,Sales Executive,2,Married,16237,3927,4,Y,No,17,3,1,80,2,18,1,1,10,7,1,7
36,No,Travel_Rarely,1221,Research & Development,17,3,Medical,1,777,1,Male,68,4,3,Laboratory Technician,1,Divorced,6333,11794,2,Y,No,15,3,2,80,3,8,4,4,4,2,2,1
23,No,Travel_Rarely,626,Sales,1,1,Marketing,1,778,3,Male,86,1,1,Human Resources,3,Married,4303,2133,2,Y,No,11,3,3,80,0,3,3,4,0,0,0,0
29,No,Travel_Frequently,1386,Research & Development,29,3,Technical Degree,1,779,1,Female,43,2,2,Laboratory Technician,3,Married,5957,21339,1,Y,Yes,22,4,3,80,2,8,0,3,0,0,0,0
54,No,Travel_Rarely,591,Human Resources,3,2,Life Sciences,1,780,2,Male,98,2,3,Manufacturing Director,4,Married,10020,7897,3,Y,No,13,3,3,80,3,18,4,1,14,10,5,2
55,No,Non-Travel,919,Sales,5,5,Medical,1,781,3,Female,100,4,4,Research Director,2,Married,15160,11899,3,Y,No,21,3,2,80,1,18,1,2,14,7,1,11
45,Yes,Non-Travel,432,Research & Development,29,2,Life Sciences,1,782,3,Male,66,1,4,Research Scientist,4,Married,13204,7133,3,Y,No,25,3,3,80,1,11,5,3,2,1,0,2
23,No,Travel_Rarely,1236,Research & Development,3,2,Other,1,783,4,Female,37,2,1,Human Resources,4,Single,3002,24868,1,Y,Yes,14,3,3,80,2,1,1,4,0,0,0,0
23,No,Travel_Frequently,249,Sales,12,1,Life Sciences,1,784,2,Female,51,2,2,Laboratory Technician,1,Single,3747,22843,1,Y,Yes,17,3,1,80,2,2,5,4,2,1,1,1
38,No,Travel_Rarely,1445,Research & Development,15,1,Marketing,1,785,1,Female,51,1,3,Manufacturing Director,4,Divorced,7872,25379,1,Y,Yes,20,3,4,80,0,12,2,1,4,3,0,3
43,No,Travel_Frequently,776,Research & Development,9,2,Life Sciences,1,786,4,Male,99,1,3,Research Scientist,3,Divorced,8535,20923,1,Y,No,24,3,4,80,0,15,2,3,12,7,6,3
19,No,Travel_Frequently,1286,Human Resources,9,2,Medical,1,787,4,Female,34,2,1,Laboratory Technician,2,Married,3364,5162,1,Y,No,16,3,2,80,1,5,0,4,1,1,1,0
47,No,Travel_Frequently,798,Sales,15,4,Medical,1,788,4,Male,35,1,3,Sales Executive,1,Single,9447,18690,4,Y,No,13,4,2,80,1,15,6,1,11,5,4,7
41,No,Travel_Frequently,297,Research & Development,25,5,Life Sciences,1,789,4,Male,89,4,2,Sales Executive,1,Single,7400,13452,2,Y,No,12,4,3,80,2,13,3,2,12,5,5,6
18,No,Travel_Rarely,261,Research & Development,12,5,Marketing,1,790,3,Female,95,2,1,Laboratory Technician,1,Single,2477,19683,1,Y,No,16,3,3,80,1,1,1,3,0,0,0,0
22,Yes,Travel_Frequently,1336,Sales,29,5,Technical Degree,1,791,4,Male,48,1,1,Research Scientist,2,Divorced,4374,19335,0,Y,No,23,3,4,80,0,0,0,3,0,0,0,0
37,No,Travel_Rarely,945,Research & Development,3,5,Technical Degree,1,792,3,Female,36,3,4,Healthcare Representative,3,Divorced,14321,18605,2,Y,No,21,3,2,80,3,9,1,4,7,2,2,5
49,No,Travel_Rarely,299,Sales,29,3,Life Sciences,1,793,3,Female,97,4,4,Sales Executive,3,Married,12431,17717,4,Y,No,14,3,2,80,1,14,3,3,8,2,4,2
53,No,Travel_Rarely,609,Sales,8,2,Marketing,1,794,3,Male,87,3,4,Sales Executive,4,Divorced,13820,22676,0,Y,No,25,3,2,80,0,14,0,2,6,1,2,2
36,No,Travel_Frequently,900,Research & Development,29,4,Medical,1,795,3,Male,81,3,2,Sales Executive,3,Single,5639,23762,1,Y,No,20,3,2,80,2,8,2,3,7,2,1,2
30,No,Travel_Rarely,739,Research & Development,17,2,Medical,1,796,2,Female,85,1,2,Laboratory Technician,4,Married,4496,15390,1,Y,No,21,4,4,80,1,7,2,3,3,2,0,1
59,No,Travel_Rarely,205,Research & Development,5,4,Medical,1,797,2,Male,97,3,5,Research Scientist,4,Single,17751,2129,2,Y,Yes,11,3,4,80,2,16,6,4,11,7,3,7
37,No,Non-Travel,814,Research & Development,13,5,Medical,1,798,4,Female,76,4,3,Sales Executive,3,Single,7211,2533,2,Y,No,24,3,1,80,3,8,2,2,0,0,0,0
31,No,Travel_Rarely,345,Research & Development,2,1,Life Sciences,1,799,2,Male,37,2,3,Manufacturing Director,4,Divorced,7848,2949,0,Y,Yes,12,3,1,80,0,13,0,4,2,1,0,1
37,No,Travel_Rarely,535,Sales,6,4,Life Sciences,1,800,4,Male,85,1,3,Manager,4,Divorced,7462,23594,1,Y,No,11,3,1,80,2,4,1,4,4,2,1,2
18,Yes,Travel_Rarely,1033,Sales,9,5,Life Sciences,1,801,3,Male,36,1,2,Manager,4,Single,6976,13443,2,Y,Yes,21,3,2,80,0,1,5,1,1,1,1,0
30,Yes,Travel_Rarely,1059,Sales,11,3,Life Sciences,1,802,4,Male,36,3,1,Research Scientist,1,Single,1009,13809,0,Y,No,15,3,1,80,3,3,0,1,1,1,0,0
40,No,Travel_Frequently,212,Research & Development,26,2,Life Sciences,1,803,3,Female,64,3,4,Research Director,3,Married,14134,9144,2,Y,No,25,3,3,80,1,9,0,2,5,4,1,4
57,No,Travel_Rarely,814,Sales,7,2,Life Sciences,1,804,3,Male,56,4,4,Healthcare Representative,1,Single,14634,25216,3,Y,No,24,3,4,80,3,18,0,2,18,14,8,6
49,Yes,Travel_Rarely,459,Sales,5,1,Marketing,1,805,2,Male,70,2,4,Healthcare Representative,2,Married,12845,8063,3,Y,Yes,19,3,3,80,0,12,0,1,8,6,2,6
51,No,Travel_Frequently,718,Sales,5,2,Medical,1,806,3,Male,53,4,4,Sales Executive,3,Married,13722,24334,2,Y,No,18,3,4,80,2,18,6,1,13,11,6,2
41,No,Travel_Rarely,1226,Research & Development,13,4,Life Sciences,1,807,3,Female,89,2,3,Research Scientist,3,Single,8089,18780,2,Y,Yes,13,3,1,80,1,17,6,3,5,3,2,2
22,No,Travel_Frequently,674,Research & Development,19,3,Marketing,1,808,2,Male,99,3,1,Laboratory Technician,4,Single,2907,12039,1,Y,Yes,13,3,3,80,1,6,5,4,6,4,2,4
34,No,Travel_Rarely,920,Research & Development,6,2,Technical Degree,1,809,1,Male,98,3,3,Research Scientist,3,Single,9296,18574,2,Y,No,11,3,3,80,0,12,0,1,11,8,1,8
60,No,Travel_Frequently,135,Research & Development,13,3,Technical Degree,1,810,1,Female,63,2,5,Manager,3,Divorced,19688,25332,2,Y,No,13,3,2,80,1,16,4,3,5,2,1,3
19,No,Travel_Rarely,789,Research & Development,7,5,Marketing,1,811,1,Female,67,2,2,Research Scientist,1,Married,4780,3730,0,Y,No,17,3,3,80,3,1,5,2,1,0,0,1
55,No,Travel_Rarely,1179,Sales,2,1,Other,1,812,3,Male,33,4,5,Sales Executive,1,Married,17195,3553,1,Y,Yes,22,3,1,80,0,20,5,1,20,17,1,14
47,No,Travel_Rarely,1008,Research & Development,29,1,Medical,1,813,4,Male,92,3,4,Sales Executive,1,Single,14198,6366,2,Y,No,12,3,3,80,2,18,5,3,3,2,0,2
30,No,Travel_Rarely,1452,Sales,29,5,Other,1,814,4,Female,48,3,3,Sales Executive,2,Married,7712,18589,1,Y,No,13,3,4,80,0,13,4,1,11,3,3,4
51,No,Travel_Rarely,1198,Research & Development,13,4,Human Resources,1,815,3,Male,47,3,4,Laboratory Technician,4,Single,13367,15152,4,Y,No,16,3,2,80,1,20,3,1,8,4,3,3
53,No,Travel_Frequently,284,Research & Development,2,3,Life Sciences,1,816,4,Male,89,4,5,Sales Executive,1,Single,19268,19066,2,Y,No,18,3,1,80,2,20,0,4,9,3,3,5
19,No,Travel_Rarely,186,Research & Development,3,5,Technical Degree,1,817,1,Male,99,4,1,Manufacturing Director,3,Married,2478,12162,3,Y,No,17,4,1,80,0,11,5,2,4,2,2,2
22,No,Travel_Rarely,506,Sales,12,3,Marketing,1,818,4,Male,93,2,1,Research Scientist,4,Married,3368,23017,0,Y,Yes,13,3,2,80,3,4,6,1,3,2,1,1
46,No,Travel_Rarely,1237,Research & Development,12,3,Marketing,1,819,4,Male,31,2,4,Manufacturing Director,2,Single,17015,13767,0,Y,Yes,22,3,4,80,2,13,3,4,8,4,1,3
60,Yes,Travel_Rarely,1285,Research & Development,2,2,Technical Degree,1,820,2,Male,95,4,5,Human Resources,2,Married,19823,13835,3,Y,No,14,3,4,80,2,21,3,3,18,10,9,5
19,No,Travel_Rarely,1115,Research & Development,7,5,Life Sciences,1,821,1,Male,59,2,1,Research Director,1,Divorced,4614,14085,0,Y,Yes,12,3,3,80,3,0,6,3,0,0,0,0
46,No,Travel_Frequently,1092,Research & Development,10,4,Life Sciences,1,822,3,Male,40,4,4,Manufacturing Director,2,Single,14613,8085,3,Y,No,16,3,2,80,1,14,3,3,11,6,2,5
23,No,Travel_Frequently,1036,Research & Development,26,2,Medical,1,823,1,Male,40,4,2,Laboratory Technician,3,Single,5593,26387,1,Y,No,25,3,2,80,0,0,2,2,0,0,0,0
45,No,Travel_Rarely,538,Sales,15,4,Marketing,1,824,3,Male,78,3,3,Manager,3,Married,9131,3194,3,Y,No,12,4,4,80,3,12,6,4,6,3,1,4
44,No,Travel_Rarely,1052,Research & Development,7,4,Technical Degree,1,825,2,Male,87,3,1,Human Resources,4,Single,3573,2730,1,Y,No,12,3,3,80,2,13,6,2,11,7,6,9
21,No,Travel_Rarely,1009,Research & Development,28,1,Technical Degree,1,826,3,Female,58,4,2,Laboratory Technician,1,Married,6535,13731,0,Y,Yes,20,3,4,80,1,6,1,3,5,1,1,3
47,Yes,Travel_Rarely,217,Sales,29,1,Marketing,1,827,4,Male,72,2,3,Sales Executive,2,Married,8571,19258,1,Y,No,20,3,2,80,0,18,1,4,12,10,3,4
56,No,Travel_Rarely,1383,Research & Development,19,3,Other,1,828,1,Male,82,2,4,Sales Representative,2,Married,12430,13382,4,Y,No,13,3,4,80,1,15,2,4,7,4,4,4
55,No,Travel_Rarely,1159,Research & Development,2,4,Life Sciences,1,829,1,Male,59,3,4,Sales Executive,2,Married,12238,21798,2,Y,No,20,3,2,80,2,25,1,3,24,8,8,17
19,No,Travel_Frequently,408,Research & Development,9,4,Other,1,830,3,Male,88,1,1,Sales Representative,3,Married,3553,10969,0,Y,No,22,3,3,80,0,2,5,1,1,0,0,1
28,No,Travel_Rarely,503,Research & Development,7,2,Life Sciences,1,831,3,Male,50,3,2,Sales Executive,1,Married,4149,7867,4,Y,No,20,3,4,80,2,7,6,1,7,2,3,3
28,Yes,Travel_Rarely,1051,Research & Development,6,5,Medical,1,832,2,Male,48,3,1,Sales Executive,2,Single,3824,17944,1,Y,No,18,3,2,80,3,0,3,2,0,0,0,0
37,No,Travel_Rarely,442,Research & Development,29,3,Life Sciences,1,833,1,Male,63,3,2,Sales Representative,1,Single,7106,8177,1,Y,Yes,17,3,4,80,1,8,4,3,4,3,1,1
24,No,Travel_Rarely,1236,Research & Development,29,2,Medical,1,834,3,Female,65,3,2,Manager,3,Married,5235,15328,1,Y,Yes,16,3,3,80,2,8,2,1,1,1,0,0
54,No,Travel_Rarely,758,Sales,7,1,Life Sciences,1,835,3,Female,52,1,5,Manufacturing Director,4,Married,19999,17957,4,Y,Yes,12,4,2,80,0,18,6,2,15,11,5,4
51,Yes,Travel_Rarely,235,Research & Development,9,5,Life Sciences,1,836,4,Female,53,2,5,Sales Representative,4,Single,19311,4971,3,Y,Yes,20,3,4,80,2,17,6,2,11,7,3,5
52,No,Travel_Frequently,1067,Research & Development,3,4,Medical,1,837,4,Female,51,4,5,Research Director,1,Married,19031,7782,2,Y,Yes,22,3,2,80,0,18,5,2,13,11,7,10
26,No,Travel_Rarely,1407,Sales,26,3,Marketing,1,838,3,Male,62,2,1,Laboratory Technician,1,Married,3087,3292,0,Y,No,17,3,3,80,2,0,6,3,0,0,0,0
18,No,Travel_Rarely,565,Research & Development,22,2,Life Sciences,1,839,1,Male,79,2,1,Human Resources,3,Single,2003,7372,1,Y,No,22,4,1,80,2,1,0,2,1,0,0,0
57,No,Travel_Rarely,1442,Sales,6,1,Medical,1,840,2,Male,50,3,5,Research Scientist,2,Married,17850,24276,0,Y,Yes,12,3,4,80,2,24,6,3,14,5,6,10
30,No,Travel_Rarely,1108,Research & Development,6,1,Life Sciences,1,841,3,Female,78,3,2,Sales Executive,1,Married,3527,2403,3,Y,No,12,3,4,80,1,11,2,2,10,5,1,8
46,No,Travel_Rarely,1126,Research & Development,15,1,Life Sciences,1,842,2,Male,54,1,3,Research Director,3,Married,7620,20577,5,Y,No,15,4,4,80,1,14,1,4,12,5,1,6
57,No,Travel_Rarely,605,Research & Development,14,3,Life Sciences,1,843,1,Female,43,1,5,Laboratory Technician,2,Single,19999,6502,3,Y,Yes,16,3,4,80,2,25,6,2,16,9,9,7
19,No,Travel_Rarely,822,Research & Development,11,1,Medical,1,844,3,Male,49,4,2,Research Director,3,Divorced,3708,13629,2,Y,Yes,18,3,3,80,2,0,5,4,0,0,0,0
18,Yes,Travel_Rarely,412,Human Resources,21,1,Marketing,1,845,4,Female,88,3,1,Sales Executive,1,Single,1588,2288,1,Y,No,11,3,3,80,2,0,0,4,0,0,0,0
18,Yes,Travel_Frequently,945,Research & Development,16,2,Medical,1,846,3,Male,51,4,1,Sales Executive,4,Divorced,2033,14448,6,Y,Yes,12,4,4,80,0,8,4,2,7,1,0,5
24,Yes,Non-Travel,1302,Research & Development,13,4,Marketing,1,847,4,Female,76,4,1,Sales Executive,1,Married,2090,25330,1,Y,Yes,21,4,3,80,0,6,6,2,2,2,0,1
20,No,Travel_Rarely,1007,Research & Development,7,3,Medical,1,848,1,Male,71,1,1,Healthcare Representative,1,Single,3323,4944,0,Y,No,21,3,2,80,1,1,4,3,1,0,0,1
53,No,Travel_Rarely,1322,Sales,17,1,Marketing,1,849,4,Male,79,2,4,Sales Representative,2,Divorced,13266,9846,1,Y,No,22,3,1,80,1,17,3,2,7,1,2,4
44,No,Travel_Frequently,317,Sales,13,4,Other,1,850,3,Male,72,4,4,Laboratory Technician,4,Married,13762,8656,1,Y,No,16,3,4,80,2,10,0,3,8,6,3,5
60,No,Non-Travel,950,Research & Development,7,3,Life Sciences,1,851,2,Female,100,2,5,Sales Executive,3,Married,17981,19608,1,Y,Yes,21,3,1,80,2,21,3,2,12,6,2,3
52,No,Travel_Frequently,513,Sales,8,1,Life Sciences,1,852,4,Male,95,1,4,Research Scientist,2,Married,13430,22635,0,Y,No,14,3,4,80,0,17,3,4,4,3,1,3
59,No,Travel_Rarely,889,Research & Development,6,4,Life Sciences,1,853,1,Male,52,1,5,Research Scientist,2,Married,18928,8840,2,Y,Yes,24,3,4,80,0,20,5,3,4,3,2,2
28,No,Travel_Rarely,242,Research & Development,12,5,Medical,1,854,1,Male,57,3,2,Healthcare Representative,1,Married,5339,5240,1,Y,No,11,3,1,80,3,2,1,1,1,0,1,0
30,No,Travel_Rarely,637,Research & Development,19,3,Medical,1,855,3,Male,56,2,1,Healthcare Representative,3,Divorced,5377,24234,2,Y,Yes,20,3,4,80,2,8,1,1,6,2,3,3
54,No,Travel_Frequently,619,Sales,4,1,Life Sciences,1,856,3,Male,76,4,4,Sales Executive,3,Single,13966,4691,0,Y,Yes,12,4,3,80,0,16,6,3,10,3,3,4
28,No,Travel_Rarely,839,Research & Development,8,2,Technical Degree,1,857,1,Female,64,4,2,Laboratory Technician,3,Married,5248,23465,1,Y,No,23,4,2,80,3,3,5,2,3,1,1,1
20,Yes,Travel_Rarely,1142,Research & Development,20,3,Other,1,858,4,Female,98,1,2,Healthcare Representative,2,Married,2504,15994,0,Y,Yes,14,3,3,80,1,7,3,2,7,6,2,1
46,No,Travel_Rarely,903,Research & Development,9,5,Life Sciences,1,859,4,Female,80,4,3,Research Scientist,2,Married,8788,21566,2,Y,Yes,11,3,2,80,2,22,3,3,14,11,2,5
52,No,Travel_Rarely,1339,Sales,11,5,Life Sciences,1,860,4,Female,63,1,4,Laboratory Technician,1,Married,11630,23022,4,Y,No,16,3,4,80,1,24,4,2,17,8,8,8
59,No,Travel_Rarely,499,Research & Development,5,5,Life Sciences,1,861,2,Male,52,3,5,Healthcare Representative,2,Married,19662,19321,1,Y,Yes,24,3,2,80,0,22,1,4,11,7,4,7
57,No,Travel_Rarely,620,Sales,4,5,Life Sciences,1,862,4,Male,85,4,4,Laboratory Technician,1,Married,14171,11536,3,Y,No,13,3,1,80,2,18,1,3,10,8,4,7
23,No,Travel_Rarely,761,Research & Development,7,3,Technical Degree,1,863,1,Male,88,2,2,Sales Executive,2,Single,6457,10161,0,Y,No,15,3,2,80,1,4,3,2,1,0,0,1
51,No,Travel_Frequently,962,Research & Development,9,4,Medical,1,864,4,Male,98,1,5,Research Scientist,2,Single,18239,18179,4,Y,Yes,19,3,3,80,0,18,2,2,6,1,1,1
54,No,Travel_Rarely,1289,Research & Development,14,4,Life Sciences,1,865,4,Male,68,1,5,Sales Representative,4,Married,19032,14942,4,Y,Yes,24,4,2,80,0,16,1,2,0,0,0,0
48,No,Travel_Rarely,932,Research & Development,28,4,Medical,1,866,3,Male,86,2,4,Research Scientist,3,Single,14811,24561,5,Y,No,13,3,3,80,3,20,3,1,14,10,2,9
53,No,Travel_Frequently,1441,Research & Development,4,4,Life Sciences,1,867,2,Male,92,4,5,Sales Representative,2,Single,17885,21116,1,Y,No,16,3,4,80,2,10,4,1,5,2,0,3
54,No,Travel_Rarely,762,Sales,3,1,Life Sciences,1,868,2,Female,35,2,4,Laboratory Technician,1,Single,14732,24290,5,Y,No,25,3,2,80,1,17,5,4,6,3,2,2
37,No,Travel_Rarely,841,Research & Development,2,5,Life Sciences,1,869,1,Male,40,2,4,Laboratory Technician,1,Married,14677,11994,1,Y,No,21,3,4,80,3,13,4,4,12,4,5,10
19,No,Travel_Rarely,1071,Research & Development,12,1,Medical,1,870,1,Male,43,1,2,Sales Representative,1,Divorced,5338,13746,0,Y,No,19,3,4,80,1,0,4,1,0,0,0,0
37,No,Travel_Rarely,306,Research & Development,14,3,Medical,1,871,2,Female,46,3,4,Laboratory Technician,2,Married,15894,24058,3,Y,No,16,3,4,80,0,9,3,3,3,2,0,2
26,No,Travel_Rarely,312,Sales,6,3,Technical Degree,1,872,1,Male,50,1,2,Research Scientist,2,Single,6119,9455,2,Y,No,22,3,3,80,0,7,0,2,7,3,3,4
22,No,Travel_Rarely,568,Sales,11,5,Life Sciences,1,873,3,Male,30,3,2,Sales Executive,1,Divorced,3491,22651,0,Y,No,25,3,4,80,0,9,2,3,5,4,3,2
23,No,Travel_Rarely,206,Sales,21,1,Marketing,1,874,3,Male,78,4,2,Healthcare Representative,3,Single,6686,16374,2,Y,Yes,17,4,2,80,3,0,3,3,0,0,0,0
47,No,Travel_Rarely,681,Human Resources,9,3,Life Sciences,1,875,4,Male,73,4,3,Laboratory Technician,3,Divorced,7710,12485,1,Y,No,25,3,2,80,3,10,3,4,5,3,2,4
39,No,Travel_Rarely,588,Research & Development,8,2,Life Sciences,1,876,2,Male,77,3,3,Sales Representative,4,Married,9457,25111,3,Y,No,14,3,4,80,1,8,2,3,8,5,2,6
41,No,Travel_Rarely,965,Sales,4,1,Technical Degree,1,877,4,Female,85,3,2,Laboratory Technician,4,Single,5855,8706,0,Y,No,23,3,4,80,1,6,5,1,4,2,2,3
50,No,Travel_Rarely,1456,Human Resources,14,2,Medical,1,878,2,Female,39,2,4,Laboratory Technician,1,Married,10830,19050,0,Y,No,17,3,1,80,1,11,3,3,5,2,2,4
41,No,Travel_Rarely,892,Sales,6,3,Life Sciences,1,879,3,Male,53,3,3,Research Scientist,3,Married,9226,10953,2,Y,No,14,4,2,80,2,8,2,4,2,1,1,1
45,No,Travel_Rarely,1433,Research & Development,16,5,Medical,1,880,4,Male,61,3,3,Sales Executive,4,Married,8234,25882,3,Y,No,17,3,2,80,0,18,3,4,11,8,5,3
21,No,Travel_Rarely,946,Research & Development,8,2,Marketing,1,881,2,Male,48,1,3,Sales Representative,4,Single,7949,15709,1,Y,Yes,17,3,4,80,2,2,4,3,2,1,0,1
54,No,Travel_Rarely,986,Research & Development,9,5,Human Resources,1,882,1,Male,59,2,5,Sales Executive,3,Divorced,18493,16518,1,Y,No,20,3,2,80,2,18,0,2,10,4,1,6
37,No,Travel_Frequently,1270,Research & Development,2,4,Medical,1,883,4,Male,62,4,2,Human Resources,1,Married,6447,9979,0,Y,No,22,4,3,80,3,7,2,3,2,2,1,1
24,No,Non-Travel,910,Research & Development,22,5,Life Sciences,1,884,2,Male,78,2,2,Sales Executive,4,Divorced,4394,2622,1,Y,No,24,3,4,80,1,6,1,1,4,3,0,2
52,No,Travel_Rarely,1455,Human Resources,18,5,Medical,1,885,1,Female,45,1,5,Laboratory Technician,4,Divorced,19999,26794,4,Y,No,13,4,4,80,3,23,2,3,19,5,7,10
49,No,Travel_Rarely,986,Sales,5,4,Life Sciences,1,886,3,Female,48,4,4,Sales Executive,3,Single,12176,13249,4,Y,Yes,14,3,4,80,0,12,4,1,8,3,2,7
20,Yes,Travel_Rarely,570,Human Resources,17,4,Life Sciences,1,887,3,Female,50,4,1,Sales Representative,4,Married,3355,18553,1,Y,Yes,23,3,3,80,0,8,1,2,4,2,0,2
26,No,Travel_Rarely,701,Research & Development,4,1,Medical,1,888,1,Female,46,4,2,Sales Executive,2,Divorced,6427,24590,2,Y,Yes,12,4,3,80,3,6,3,3,0,0,0,0
18,No,Travel_Frequently,1005,Research & Development,17,4,Marketing,1,889,4,Male,88,2,1,Manufacturing Director,3,Married,3897,10909,0,Y,Yes,15,3,3,80,3,2,2,2,2,2,1,1
29,No,Travel_Rarely,504,Sales,15,1,Life Sciences,1,890,3,Male,72,3,1,Human Resources,4,Single,3221,2934,0,Y,No,21,3,2,80,3,8,0,2,4,3,2,2
22,Yes,Non-Travel,1126,Sales,27,4,Marketing,1,891,2,Female,87,4,1,Healthcare Representative,3,Single,2752,21535,1,Y,No,19,3,3,80,0,5,6,3,2,0,0,1
48,No,Travel_Rarely,109,Research & Development,14,4,Medical,1,892,1,Male,35,3,4,Sales Executive,3,Single,13340,17485,1,Y,Yes,11,3,2,80,1,21,4,4,1,1,0,1
40,Yes,Travel_Rarely,1120,Research & Development,5,4,Marketing,1,893,3,Male,80,4,3,Sales Representative,4,Divorced,7033,18127,1,Y,No,13,3,4,80,1,13,2,4,13,5,1,11
60,No,Travel_Frequently,128,Research & Development,11,4,Life Sciences,1,894,4,Female,77,4,4,Laboratory Technician,4,Married,13177,11506,7,Y,No,22,3,3,80,1,22,3,3,21,11,4,8
50,No,Travel_Rarely,330,Research & Development,8,2,Life Sciences,1,895,3,Female,85,4,4,Sales Executive,3,Married,12846,24716,2,Y,Yes,16,3,2,80,1,14,6,3,7,3,3,3
44,No,Travel_Frequently,1460,Research & Development,26,2,Life Sciences,1,896,3,Female,61,3,4,Laboratory Technician,4,Divorced,12650,12146,1,Y,No,21,3,3,80,1,16,1,2,11,9,3,5
39,No,Travel_Rarely,1261,Research & Development,3,3,Life Sciences,1,897,4,Male,82,2,3,Sales Representative,2,Single,10664,2965,3,Y,No,21,3,1,80,0,8,5,4,2,1,0,1
20,No,Travel_Frequently,1142,Research & Development,11,3,Life Sciences,1,898,3,Female,68,2,2,Laboratory Technician,3,Married,3437,16229,0,Y,Yes,23,3,2,80,3,3,0,4,1,1,1,0
21,No,Travel_Rarely,1399,Sales,5,2,Life Sciences,1,899,1,Female,87,4,1,Manager,3,Single,4351,21449,3,Y,No,19,3,4,80,1,13,6,1,8,3,1,4
44,No,Travel_Rarely,1066,Sales,29,3,Life Sciences,1,900,1,Female,86,2,3,Manager,3,Single,7016,12344,4,Y,No,12,3,1,80,2,4,2,4,0,0,0,0
18,No,Travel_Frequently,250,Sales,12,3,Life Sciences,1,901,2,Male,89,1,1,Laboratory Technician,1,Single,1773,13431,0,Y,No,12,3,3,80,3,2,2,1,1,1,0,1
19,No,Travel_Rarely,1281,Research & Development,15,2,Technical Degree,1,902,3,Female,42,1,2,Research Scientist,2,Single,4254,25010,0,Y,Yes,14,3,4,80,0,3,5,3,1,0,0,0
27,No,Travel_Rarely,432,Research & Development,8,4,Marketing,1,903,1,Male,80,3,1,Manager,1,Married,1667,16735,0,Y,No,13,3,3,80,0,5,1,2,5,2,1,3
56,No,Travel_Frequently,949,Research & Development,17,2,Life Sciences,1,904,2,Female,44,4,5,Research Scientist,3,Married,19999,9657,5,Y,Yes,19,3,3,80,2,18,0,3,9,8,5,6
37,No,Travel_Rarely,1348,Research & Development,5,2,Human Resources,1,905,2,Male,63,2,2,Sales Executive,4,Single,6206,11089,2,Y,No,17,3,3,80,3,10,3,4,7,5,2,2
48,No,Travel_Frequently,1034,Research & Development,5,3,Life Sciences,1,906,3,Male,93,3,5,Research Scientist,3,Single,18721,21003,3,Y,Yes,15,3,1,80,1,14,6,1,7,6,0,5
35,No,Travel_Rarely,154,Research & Development,26,1,Life Sciences,1,907,1,Male,38,2,3,Research Director,4,Married,11749,20690,2,Y,Yes,19,3,1,80,3,10,2,1,4,2,0,2
25,Yes,Travel_Rarely,1205,Research & Development,29,4,Marketing,1,908,1,Female,82,2,2,Research Scientist,3,Single,5480,4387,1,Y,No,23,3,4,80,0,3,3,3,2,1,1,0
33,No,Travel_Rarely,1220,Research & Development,2,4,Medical,1,909,4,Male,51,2,3,Research Scientist,2,Divorced,8572,21364,0,Y,No,16,3,2,80,2,15,2,4,8,4,2,1
21,No,Travel_Rarely,276,Research & Development,7,5,Life Sciences,1,910,1,Male,48,2,2,Sales Executive,1,Divorced,4677,10383,0,Y,No,17,3,2,80,3,2,5,1,1,1,0,0
51,No,Non-Travel,1418,Research & Development,21,2,Life Sciences,1,911,1,Female,33,4,3,Sales Executive,1,Married,7534,5423,1,Y,Yes,24,3,1,80,2,18,6,2,9,3,1,6
25,No,Travel_Rarely,364,Research & Development,15,3,Medical,1,912,1,Female,81,4,2,Human Resources,4,Married,4860,6025,0,Y,No,17,3,3,80,0,2,6,3,2,2,0,1
34,Yes,Travel_Rarely,176,Research & Development,6,3,Medical,1,913,2,Male,88,2,4,Manufacturing Director,4,Married,15022,24068,3,Y,No,12,3,1,80,0,12,1,1,6,3,3,4
60,No,Travel_Rarely,878,Research & Development,8,4,Life Sciences,1,914,1,Male,62,2,4,Manager,2,Married,14685,7568,7,Y,No,13,4,1,80,1,23,1,4,14,9,8,9
43,No,Travel_Rarely,1047,Research & Development,6,4,Medical,1,915,4,Female,43,1,5,Sales Representative,4,Divorced,19999,14888,1,Y,Yes,15,4,1,80,2,14,6,3,9,7,1,4
37,No,Travel_Rarely,237,Research & Development,16,5,Life Sciences,1,916,1,Female,73,4,3,Research Scientist,1,Divorced,7640,16152,1,Y,No,19,4,4,80,2,6,4,3,5,4,1,4
41,No,Travel_Frequently,319,Research & Development,6,5,Medical,1,917,1,Male,99,3,3,Sales Representative,4,Married,9207,14513,0,Y,No,17,3,4,80,3,9,2,1,3,1,1,2
51,No,Travel_Frequently,1023,Research & Development,8,1,Life Sciences,1,918,1,Male,85,4,3,Human Resources,1,Married,8867,10612,3,Y,Yes,16,3,1,80,2,22,2,1,8,5,3,3
28,No,Travel_Frequently,216,Research & Development,18,2,Technical Degree,1,919,3,Male,83,3,2,Manager,3,Divorced,6021,2723,0,Y,Yes,23,3,1,80,1,3,1,1,3,2,1,2
45,No,Travel_Rarely,1264,Research & Development,13,4,Marketing,1,920,4,Male,33,4,2,Manager,1,Single,4463,3308,3,Y,No,17,3,4,80,0,16,0,1,3,1,0,2
55,No,Travel_Rarely,482,Sales,23,3,Life Sciences,1,921,1,Male,93,1,4,Laboratory Technician,3,Married,12754,14076,1,Y,No,18,3,3,80,3,15,2,3,11,3,6,5
42,No,Travel_Rarely,1272,Research & Development,5,3,Marketing,1,922,3,Female,73,2,3,Research Director,2,Married,9147,23597,4,Y,No,15,3,3,80,2,16,5,4,10,6,1,2
37,No,Travel_Frequently,1137,Research & Development,8,1,Life Sciences,1,923,2,Male,76,2,2,Sales Executive,3,Married,6547,23087,1,Y,Yes,17,4,3,80,2,8,4,4,3,2,1,1
24,Yes,Travel_Rarely,553,Research & Development,5,3,Life Sciences,1,924,3,Female,54,4,2,Manager,1,Married,4758,18914,0,Y,Yes,20,4,1,80,2,1,0,1,1,1,0,1
28,Yes,Travel_Rarely,1217,Sales,7,4,Medical,1,925,3,Female,92,1,2,Research Scientist,2,Single,6231,9135,0,Y,Yes,24,3,3,80,3,4,0,1,2,1,0,1
58,No,Travel_Rarely,385,Research & Development,3,1,Medical,1,926,2,Female,66,2,4,Manufacturing Director,1,Single,15439,25883,2,Y,No,23,4,1,80,3,18,6,3,15,7,5,10
41,No,Travel_Frequently,776,Research & Development,1,3,Marketing,1,927,3,Female,47,1,3,Human Resources,3,Married,8066,11628,2,Y,No,11,4,1,80,3,13,5,4,7,2,2,6
30,No,Travel_Frequently,1441,Research & Development,3,5,Other,1,928,1,Male,55,4,2,Healthcare Representative,1,Divorced,3773,22029,2,Y,Yes,11,3,4,80,0,7,5,4,2,2,1,1
35,No,Travel_Frequently,1344,Sales,19,3,Life Sciences,1,929,2,Female,45,2,3,Sales Executive,4,Divorced,6923,5492,1,Y,Yes,23,3,2,80,1,5,6,3,0,0,0,0
42,No,Travel_Rarely,1376,Research & Development,3,5,Life Sciences,1,930,4,Male,96,1,3,Manager,1,Married,7688,16025,0,Y,Yes,14,3,1,80,0,12,4,2,11,10,1,6
41,No,Non-Travel,310,Research & Development,14,2,Medical,1,931,4,Male,86,1,3,Human Resources,3,Single,7965,7540,2,Y,Yes,11,3,2,80,0,8,2,2,4,2,2,3
48,No,Travel_Rarely,539,Research & Development,7,1,Life Sciences,1,932,1,Male,72,3,4,Healthcare Representative,4,Divorced,13957,13559,2,Y,No,21,3,1,80,3,17,4,3,8,3,2,3
29,No,Travel_Rarely,207,Research & Development,8,4,Life Sciences,1,933,1,Male,84,2,1,Research Director,2,Married,2981,21560,1,Y,No,25,3,2,80,1,9,4,4,5,3,1,2
45,No,Travel_Rarely,1351,Sales,3,2,Other,1,934,4,Male,90,3,3,Sales Representative,3,Married,8173,25669,2,Y,Yes,21,3,3,80,2,14,5,1,10,5,1,4
37,No,Travel_Rarely,1198,Research & Development,6,1,Marketing,1,935,1,Male,54,1,3,Research Director,4,Married,9315,3780,1,Y,No,13,3,2,80,2,11,3,4,6,3,2,2
58,No,Travel_Rarely,1332,Sales,12,1,Other,1,936,3,Female,48,4,5,Research Scientist,1,Single,18087,12653,3,Y,No,15,3,1,80,1,26,0,3,13,3,6,3
24,No,Travel_Rarely,262,Research & Development,3,5,Life Sciences,1,937,3,Male,94,4,1,Laboratory Technician,3,Divorced,4518,3889,1,Y,No,15,3,4,80,0,4,4,1,4,1,2,1
24,No,Travel_Rarely,574,Research & Development,6,4,Life Sciences,1,938,2,Male,55,1,2,Research Director,3,Married,6628,15664,1,Y,No,15,4,3,80,2,1,5,1,1,0,0,1
37,No,Travel_Rarely,1101,Research & Development,11,2,Medical,1,939,2,Female,32,2,2,Human Resources,3,Married,6540,26886,3,Y,Yes,20,3,1,80,3,12,6,2,3,3,0,2
39,No,Travel_Frequently,609,Sales,14,3,Human Resources,1,940,3,Female,85,1,2,Sales Executive,3,Divorced,4709,10405,1,Y,No,22,3,3,80,0,7,1,2,0,0,0,0
47,Yes,Travel_Rarely,511,Sales,9,2,Life Sciences,1,941,2,Female,45,1,3,Sales Executive,2,Married,8360,11592,0,Y,Yes,15,3,4,80,1,14,6,1,8,6,1,1
35,No,Travel_Rarely,1403,Sales,29,1,Life Sciences,1,942,4,Male,46,4,4,Research Scientist,3,Divorced,14867,9083,0,Y,No,19,3,1,80,3,7,0,2,2,1,0,1
57,Yes,Travel_Rarely,848,Sales,10,5,Life Sciences,1,943,1,Male,79,1,5,Sales Representative,2,Married,18760,23194,2,Y,No,18,3,4,80,3,17,5,1,7,5,2,4
38,No,Travel_Frequently,1138,Research & Development,17,5,Marketing,1,944,4,Female,100,2,3,Research Director,2,Married,7661,23152,2,Y,No,16,3,2,80,2,10,2,4,3,1,0,2
23,Yes,Travel_Rarely,1180,Sales,12,2,Marketing,1,945,3,Male,36,4,3,Manufacturing Director,4,Divorced,7613,22255,4,Y,No,13,3,3,80,3,7,0,1,4,1,1,3
23,No,Travel_Rarely,964,Research & Development,7,2,Medical,1,946,3,Male,76,2,1,Sales Executive,3,Divorced,2171,8245,2,Y,No,11,3,1,80,3,8,2,3,2,1,0,1
59,No,Travel_Rarely,1135,Sales,2,5,Life Sciences,1,947,1,Female,53,3,5,Research Scientist,3,Divorced,17607,7473,4,Y,No,25,3,4,80,2,23,3,2,14,4,6,7
23,No,Travel_Rarely,1433,Sales,18,3,Marketing,1,948,1,Male,93,1,1,Research Director,1,Divorced,6444,5681,0,Y,No,20,3,4,80,2,5,1,4,4,3,2,3
58,No,Travel_Rarely,799,Research & Development,18,2,Medical,1,949,3,Female,93,4,4,Research Scientist,2,Married,11657,6807,0,Y,No,23,4,3,80,2,19,3,2,9,7,3,5
29,No,Travel_Rarely,1310,Sales,29,2,Life Sciences,1,950,3,Male,37,4,2,Sales Executive,1,Single,4323,20225,1,Y,No,15,3,1,80,3,0,4,3,0,0,0,0
22,No,Travel_Rarely,195,Research & Development,7,3,Life Sciences,1,951,1,Male,33,4,1,Research Scientist,4,Married,3715,15737,2,Y,Yes,14,3,1,80,3,5,6,2,5,3,1,4
31,No,Travel_Rarely,206,Human Resources,29,3,Medical,1,952,1,Female,59,3,2,Sales Representative,4,Divorced,4682,23043,1,Y,No,19,3,3,80,1,0,3,4,0,0,0,0
44,No,Travel_Rarely,649,Research & Development,17,1,Life Sciences,1,953,3,Male,34,4,5,Laboratory Technician,2,Married,18578,18477,0,Y,Yes,21,3,4,80,1,6,4,3,6,2,2,2
36,No,Travel_Rarely,798,Research & Development,23,3,Other,1,954,2,Male,53,3,3,Sales Executive,2,Married,8974,25198,0,Y,No,21,3,3,80,0,9,6,3,5,3,1,1
51,No,Travel_Rarely,562,Sales,4,3,Medical,1,955,2,Male,42,2,4,Research Scientist,3,Divorced,15239,3398,3,Y,No,19,4,2,80,0,17,0,2,16,12,2,12
44,No,Travel_Rarely,1353,Research & Development,11,2,Life Sciences,1,956,3,Male,98,4,3,Human Resources,1,Divorced,8172,18706,0,Y,No,17,3,4,80,1,12,5,2,6,4,1,4
35,No,Travel_Rarely,133,Human Resources,27,2,Medical,1,957,4,Male,80,2,2,Laboratory Technician,3,Divorced,6606,5038,4,Y,No,19,3,3,80,0,15,6,2,12,4,3,4
45,No,Travel_Rarely,257,Research & Development,3,3,Medical,1,958,2,Female,40,4,4,Laboratory Technician,1,Married,11963,10770,1,Y,Yes,14,3,2,80,3,15,5,3,9,5,4,4
59,No,Travel_Rarely,980,Sales,1,2,Life Sciences,1,959,3,Male,74,4,4,Sales Executive,3,Married,13273,13404,3,Y,No,13,4,4,80,1,19,6,2,15,3,7,8
35,No,Travel_Rarely,202,Research & Development,7,5,Medical,1,960,4,Male,83,2,2,Research Scientist,3,Divorced,6094,14812,1,Y,No,14,3,1,80,2,14,6,2,14,4,8,3
24,No,Travel_Rarely,375,Research & Development,29,3,Life Sciences,1,961,4,Male,87,1,1,Sales Representative,3,Single,5368,7348,3,Y,No,16,3,4,80,0,10,4,2,8,2,2,6
35,No,Travel_Rarely,1302,Sales,25,3,Life Sciences,1,962,4,Male,74,1,3,Sales Representative,1,Single,7342,6733,1,Y,No,21,3,3,80,1,11,5,4,9,2,2,4
54,Yes,Travel_Rarely,1241,Research & Development,10,2,Medical,1,963,1,Male,71,3,4,Laboratory Technician,2,Divorced,12630,5781,1,Y,Yes,24,3,3,80,3,15,2,2,11,5,5,8
27,No,Travel_Rarely,1188,Sales,6,5,Medical,1,964,1,Female,90,3,2,Human Resources,2,Married,5910,7376,0,Y,Yes,24,3,3,80,0,4,0,4,1,0,0,1
58,No,Travel_Rarely,582,Research & Development,15,1,Life Sciences,1,965,4,Male,47,3,5,Laboratory Technician,3,Married,19064,19293,4,Y,No,16,4,1,80,1,14,0,3,14,10,4,5
43,No,Travel_Rarely,335,Sales,25,3,Life Sciences,1,966,1,Female,99,3,4,Research Director,2,Single,13138,24415,1,Y,No,25,3,4,80,2,13,1,1,6,3,2,4
43,No,Travel_Frequently,546,Research & Development,17,1,Medical,1,967,2,Male,45,1,2,Sales Executive,2,Married,4040,10589,1,Y,No,25,3,4,80,0,9,5,3,1,0,0,1
31,No,Travel_Rarely,354,Sales,27,4,Life Sciences,1,968,2,Male,87,1,3,Research Scientist,1,Divorced,7883,23234,1,Y,Yes,23,4,1,80,2,6,2,4,2,2,0,1
57,No,Travel_Rarely,434,Research & Development,27,2,Technical Degree,1,969,3,Male,98,2,4,Research Director,2,Married,14625,22399,3,Y,No,12,3,1,80,2,20,5,4,18,15,4,6
19,No,Travel_Frequently,1265,Sales,14,2,Medical,1,970,1,Male,47,4,2,Human Resources,2,Married,5100,9041,0,Y,Yes,20,3,4,80,2,0,2,1,0,0,0,0
30,No,Travel_Rarely,443,Human Resources,18,1,Technical Degree,1,971,3,Female,76,3,2,Manager,1,Married,6905,6888,1,Y,No,15,3,2,80,0,2,5,2,2,1,0,1
35,No,Travel_Rarely,394,Sales,12,4,Life Sciences,1,972,1,Male,89,2,3,Healthcare Representative,1,Divorced,8337,11568,0,Y,No,23,3,1,80,2,7,6,3,4,1,1,3
38,No,Travel_Rarely,458,Research & Development,2,2,Marketing,1,973,2,Male,51,3,3,Sales Representative,1,Divorced,9222,4997,0,Y,No,14,3,4,80,3,10,2,2,3,3,0,1
38,No,Non-Travel,303,Sales,12,2,Life Sciences,1,974,4,Female,67,2,2,Manager,2,Married,5834,25972,2,Y,No,16,3,3,80,0,9,3,4,9,4,4,6
24,No,Non-Travel,1309,Sales,4,5,Life Sciences,1,975,1,Female,86,1,1,Research Scientist,1,Married,2516,22310,1,Y,No,14,3,2,80,0,3,3,3,1,0,0,1
27,No,Travel_Rarely,1369,Sales,3,1,Life Sciences,1,976,1,Female,76,3,1,Laboratory Technician,1,Single,4000,11856,0,Y,No,24,3,3,80,2,3,6,1,1,1,1,0
22,Yes,Travel_Frequently,382,Sales,21,3,Life Sciences,1,977,2,Male,87,3,1,Healthcare Representative,4,Married,1539,14792,0,Y,Yes,19,3,2,80,0,0,2,2,0,0,0,0
42,No,Travel_Rarely,1226,Sales,7,1,Technical Degree,1,978,1,Male,49,4,3,Manufacturing Director,4,Single,7836,10249,2,Y,Yes,17,3,1,80,1,10,2,1,6,2,1,3
33,No,Travel_Rarely,479,Research & Development,9,1,Medical,1,979,1,Male,66,2,2,Research Director,3,Married,5003,2159,0,Y,No,23,3,3,80,2,8,5,2,7,3,1,5
42,No,Travel_Rarely,666,Research & Development,5,1,Medical,1,980,2,Female,87,1,2,Laboratory Technician,3,Married,5958,7090,1,Y,No,19,4,4,80,0,11,6,4,2,1,1,1
43,No,Travel_Rarely,1498,Sales,5,1,Medical,1,981,1,Male,46,4,3,Sales Executive,1,Married,9257,3305,2,Y,No,20,3,4,80,1,13,0,1,9,3,3,7
48,No,Travel_Rarely,976,Research & Development,10,5,Medical,1,982,1,Female,61,2,4,Sales Executive,1,Single,13022,12246,1,Y,No,13,3,3,80,1,16,0,2,12,5,5,4
41,No,Travel_Frequently,1232,Research & Development,13,3,Medical,1,983,4,Male,67,1,4,Research Director,1,Single,12853,12479,0,Y,No,16,4,1,80,2,14,6,1,8,6,1,6
45,No,Travel_Rarely,703,Sales,9,5,Marketing,1,984,4,Female,87,3,3,Sales Executive,1,Single,8594,11149,2,Y,No,18,3,1,80,3,11,3,2,3,2,2,1
43,No,Travel_Rarely,969,Research & Development,15,2,Medical,1,985,2,Male,83,1,3,Research Director,1,Married,6655,19197,0,Y,No,17,4,2,80,3,7,3,4,5,3,1,3
46,No,Travel_Rarely,485,Sales,19,4,Marketing,1,986,4,Male,60,4,3,Sales Executive,3,Single,9709,20394,1,Y,No,16,3,1,80,0,19,6,4,7,5,2,4
44,No,Travel_Rarely,1128,Sales,2,1,Life Sciences,1,987,4,Female,97,4,5,Laboratory Technician,4,Single,18731,15831,0,Y,No,25,3,1,80,3,15,2,4,8,5,4,5
31,No,Travel_Rarely,1480,Research & Development,16,1,Other,1,988,2,Male,73,2,4,Sales Representative,3,Divorced,12597,10735,1,Y,Yes,16,4,4,80,1,4,3,2,1,0,0,1
28,No,Non-Travel,320,Human Resources,12,1,Life Sciences,1,989,1,Male,73,3,2,Laboratory Technician,2,Single,4073,10782,0,Y,No,19,3,2,80,3,7,5,2,7,5,3,1
51,No,Travel_Rarely,864,Human Resources,12,5,Life Sciences,1,990,1,Female,37,2,5,Sales Representative,2,Divorced,19376,13508,4,Y,Yes,19,4,4,80,2,20,5,1,5,1,2,1
32,No,Travel_Rarely,477,Human Resources,4,4,Technical Degree,1,991,4,Female,46,2,2,Sales Executive,2,Married,5843,20360,1,Y,Yes,14,3,1,80,3,14,4,4,6,2,3,1
41,No,Travel_Rarely,992,Research & Development,8,4,Life Sciences,1,992,4,Male,36,4,2,Laboratory Technician,1,Married,4578,10097,2,Y,No,24,3,1,80,1,13,2,4,2,1,1,1
26,No,Non-Travel,739,Sales,17,5,Life Sciences,1,993,3,Female,31,3,1,Manufacturing Director,2,Married,2863,19856,0,Y,Yes,13,3,3,80,1,9,4,2,4,3,1,3
36,No,Non-Travel,672,Research & Development,3,2,Life Sciences,1,994,3,Female,97,3,2,Human Resources,3,Single,4145,10048,0,Y,No,23,3,2,80,3,5,5,3,2,1,0,0
40,No,Travel_Rarely,645,Sales,29,4,Medical,1,995,2,Male,50,4,5,Sales Executive,1,Divorced,18690,15651,1,Y,No,19,3,1,80,1,11,6,1,9,5,4,6
44,No,Travel_Rarely,801,Sales,21,3,Human Resources,1,996,3,Male,81,1,3,Research Scientist,2,Divorced,10271,8350,2,Y,Yes,16,3,3,80,3,12,4,3,2,1,1,1
40,No,Travel_Rarely,390,Sales,5,3,Technical Degree,1,997,2,Female,67,4,2,Healthcare Representative,2,Married,8057,4334,1,Y,Yes,15,3,4,80,0,13,6,1,0,0,0,0
33,No,Travel_Frequently,503,Research & Development,8,4,Medical,1,998,2,Female,42,1,2,Human Resources,1,Married,5246,14499,2,Y,No,22,3,2,80,2,14,5,2,10,3,3,4
59,No,Travel_Frequently,200,Research & Development,3,3,Other,1,999,3,Male,87,2,5,Research Director,3,Married,19518,19666,2,Y,No,17,3,4,80,3,21,5,2,12,6,2,10
40,No,Travel_Frequently,701,Sales,22,1,Medical,1,1000,3,Male,72,3,4,Research Director,2,Divorced,14471,12778,0,Y,No,19,3,2,80,1,8,3,4,5,4,1,3
52,No,Travel_Rarely,957,Research & Development,10,1,Technical Degree,1,1001,2,Male,83,1,4,Laboratory Technician,3,Divorced,11935,21480,1,Y,Yes,16,3,4,80,3,12,3,2,7,5,4,6
49,No,Travel_Rarely,979,Research & Development,13,3,Life Sciences,1,1002,1,Male,85,2,3,Manufacturing Director,4,Single,7120,3527,3,Y,No,16,3,2,80,0,21,4,1,2,1,0,1
42,Yes,Travel_Rarely,395,Research & Development,11,3,Medical,1,1003,3,Male,88,2,2,Research Director,2,Divorced,2721,3234,2,Y,No,15,4,1,80,0,14,6,1,10,4,2,4
56,No,Travel_Rarely,1236,Sales,17,4,Life Sciences,1,1004,2,Male,72,1,5,Research Director,2,Divorced,19539,25269,3,Y,No,24,3,3,80,1,20,3,1,16,14,2,11
23,No,Travel_Rarely,683,Research & Development,5,3,Life Sciences,1,1005,1,Female,41,1,2,Sales Representative,3,Married,7834,16202,0,Y,Yes,24,3,2,80,1,3,4,1,1,0,0,0
57,No,Travel_Rarely,1222,Sales,29,1,Medical,1,1006,3,Male,61,2,5,Sales Representative,1,Single,19999,10780,6,Y,No,13,3,1,80,2,20,3,2,5,4,1,2
54,No,Travel_Rarely,1247,Research & Development,17,2,Life Sciences,1,1007,2,Male,82,1,5,Research Director,1,Divorced,19053,18179,1,Y,No,13,3,1,80,3,14,4,1,5,4,2,2
39,No,Travel_Frequently,117,Sales,19,3,Medical,1,1008,2,Female,89,4,4,Sales Executive,1,Married,13884,20960,1,Y,No,23,3,2,80,0,12,4,3,10,8,1,8
49,No,Travel_Frequently,167,Sales,14,5,Medical,1,1009,4,Female,67,2,4,Research Scientist,2,Married,13577,24074,6,Y,No,16,3,1,80,2,11,0,2,4,1,1,3
40,No,Travel_Frequently,849,Research & Development,5,3,Life Sciences,1,1010,3,Male,33,3,3,Human Resources,3,Divorced,9772,24681,1,Y,Yes,14,3,1,80,3,10,0,1,4,2,0,1
29,No,Travel_Frequently,1273,Sales,8,4,Medical,1,1011,1,Female,100,1,2,Manufacturing Director,1,Married,5759,10879,1,Y,No,14,4,3,80,2,4,0,3,4,2,0,3
52,No,Travel_Rarely,623,Sales,7,4,Medical,1,1012,3,Female,74,3,4,Sales Executive,3,Divorced,14075,2377,2,Y,No,24,3,1,80,3,5,5,2,4,2,2,2
28,No,Travel_Rarely,954,Research & Development,24,2,Technical Degree,1,1013,2,Female,69,1,1,Laboratory Technician,3,Married,1676,12249,1,Y,Yes,14,3,4,80,0,5,6,3,2,1,1,0
31,No,Travel_Rarely,950,Sales,5,5,Life Sciences,1,1014,4,Male,63,1,1,Healthcare Representative,3,Single,3721,5165,1,Y,No,21,3,4,80,2,4,2,3,4,2,2,1
40,No,Travel_Rarely,1167,Research & Development,11,4,Other,1,1015,2,Male,60,3,2,Sales Representative,3,Divorced,5320,14947,3,Y,No,17,3,1,80,1,11,0,4,4,2,2,1
54,No,Travel_Rarely,1333,Research & Development,3,5,Technical Degree,1,1016,3,Male,76,2,5,Sales Representative,3,Married,19476,6839,6,Y,No,17,3,1,80,1,18,0,3,8,5,1,5
34,No,Travel_Rarely,896,Sales,17,4,Medical,1,1017,3,Female,74,4,1,Sales Executive,2,Married,4199,18796,3,Y,Yes,16,3,1,80,2,15,3,2,8,3,4,3
39,No,Travel_Frequently,1184,Research & Development,6,4,Life Sciences,1,1018,1,Female,50,4,4,Laboratory Technician,2,Married,12038,24155,2,Y,No,12,3,1,80,3,12,4,1,3,1,1,1
19,No,Travel_Frequently,943,Sales,18,1,Medical,1,1019,1,Male,57,1,1,Sales Executive,4,Single,2645,7087,0,Y,No,12,3,2,80,1,3,2,1,0,0,0,0
22,No,Non-Travel,564,Research & Development,22,3,Marketing,1,1020,3,Female,41,3,3,Research Director,2,Married,7971,15683,2,Y,Yes,13,3,4,80,1,5,4,3,2,1,1,2
20,No,Non-Travel,899,Sales,29,1,Life Sciences,1,1021,1,Male,52,4,1,Sales Executive,2,Married,2365,25933,1,Y,No,15,4,4,80,1,5,1,1,5,1,1,3
21,No,Travel_Frequently,1134,Sales,10,4,Other,1,1022,4,Female,99,2,1,Healthcare Representative,4,Divorced,1660,9838,3,Y,Yes,13,3,4,80,3,4,5,2,0,0,0,0
55,No,Travel_Rarely,1352,Research & Development,13,4,Technical Degree,1,1023,2,Female,47,4,5,Manufacturing Director,4,Divorced,18127,21812,3,Y,No,15,4,4,80,1,19,2,1,13,6,1,9
54,No,Travel_Frequently,243,Research & Development,11,3,Medical,1,1024,1,Female,91,3,5,Healthcare Representative,4,Married,17682,3192,1,Y,No,22,4,4,80,1,20,6,2,14,8,4,3
53,No,Travel_Frequently,570,Research & Development,8,2,Marketing,1,1025,4,Male,61,2,4,Manufacturing Director,4,Single,14990,17911,3,Y,No,11,3,3,80,2,9,5,4,6,4,2,5
20,No,Travel_Frequently,281,Research & Development,21,1,Medical,1,1026,4,Female,94,1,1,Manager,2,Married,3453,2978,2,Y,No,20,4,1,80,2,10,3,1,6,3,3,2
21,No,Travel_Rarely,341,Research & Development,8,4,Marketing,1,1027,1,Male,70,2,1,Healthcare Representative,4,Single,3370,3883,2,Y,No,18,4,4,80,0,8,6,4,8,5,1,1
30,No,Travel_Rarely,417,Research & Development,18,4,Marketing,1,1028,4,Female,84,2,2,Sales Executive,3,Divorced,3188,16476,1,Y,Yes,14,3,3,80,0,8,6,4,6,5,2,2
42,No,Non-Travel,1362,Research & Development,1,3,Life Sciences,1,1029,2,Male,57,3,3,Research Scientist,4,Married,10839,23822,0,Y,No,15,3,4,80,2,7,1,4,7,2,2,1
32,No,Travel_Rarely,660,Research & Development,6,4,Life Sciences,1,1030,3,Male,34,1,2,Manufacturing Director,1,Divorced,5010,19605,2,Y,No,16,3,3,80,2,12,4,3,5,2,0,1
38,No,Travel_Rarely,1386,Research & Development,21,4,Life Sciences,1,1031,2,Female,55,2,2,Research Scientist,1,Married,7594,12374,0,Y,No,15,3,3,80,1,8,4,1,7,6,2,5
25,No,Travel_Rarely,815,Research & Development,11,3,Technical Degree,1,1032,1,Male,74,4,1,Sales Representative,1,Single,3899,11696,0,Y,No,15,3,4,80,1,7,2,1,5,4,1,2
49,No,Travel_Rarely,128,Research & Development,23,1,Life Sciences,1,1033,4,Female,46,4,4,Research Scientist,4,Divorced,13722,13828,1,Y,No,17,3,3,80,3,11,6,4,9,6,3,1
31,No,Travel_Rarely,657,Research & Development,11,5,Technical Degree,1,1034,3,Male,57,3,2,Sales Representative,2,Married,7952,9256,2,Y,No,20,3,1,80,0,15,4,2,4,1,1,2
20,Yes,Non-Travel,1117,Sales,20,3,Medical,1,1035,2,Female,33,2,1,Sales Executive,1,Divorced,3681,2496,0,Y,No,20,3,3,80,2,0,5,2,0,0,0,0
49,No,Travel_Frequently,979,Research & Development,6,4,Life Sciences,1,1036,2,Male,53,2,3,Sales Representative,4,Divorced,8226,22181,3,Y,No,15,3,2,80,1,16,1,1,12,10,2,9
56,No,Non-Travel,616,Research & Development,18,5,Technical Degree,1,1037,4,Male,36,2,4,Sales Executive,4,Married,13531,15285,2,Y,No,15,3,1,80,1,11,6,1,9,6,4,2
18,No,Travel_Rarely,275,Research & Development,16,2,Medical,1,1038,2,Female,47,2,2,Laboratory Technician,4,Married,6738,23650,0,Y,No,22,3,2,80,0,1,6,3,0,0,0,0
36,No,Travel_Rarely,1160,Research & Development,10,4,Life Sciences,1,1039,3,Male,57,3,2,Research Scientist,3,Married,4856,16571,2,Y,No,22,4,4,80,2,8,6,2,8,2,1,5
53,No,Travel_Rarely,830,Research & Development,20,1,Life Sciences,1,1040,1,Male,42,4,5,Healthcare Representative,3,Divorced,18546,11644,4,Y,No,21,3,3,80,0,21,3,3,10,7,4,5
48,No,Travel_Rarely,1206,Research & Development,22,5,Life Sciences,1,1041,4,Female,35,4,4,Sales Executive,3,Divorced,13284,3620,4,Y,No,21,3,1,80,2,14,6,4,3,2,2,1
54,No,Travel_Rarely,482,Research & Development,19,1,Life Sciences,1,1042,3,Male,39,1,4,Sales Representative,3,Married,13093,20727,0,Y,Yes,14,3,2,80,3,22,0,1,11,10,1,5
35,No,Travel_Frequently,321,Sales,21,3,Life Sciences,1,1043,2,Male,76,4,2,Manufacturing Director,3,Married,4667,17194,1,Y,No,20,3,3,80,2,6,1,4,6,3,1,2
34,No,Non-Travel,611,Research & Development,16,2,Medical,1,1044,3,Male,38,1,2,Human Resources,1,Single,7627,23747,0,Y,No,15,3,3,80,0,8,4,4,1,0,0,1
48,No,Travel_Rarely,436,Research & Development,4,1,Life Sciences,1,1045,1,Male,32,1,4,Manager,1,Married,15209,8189,2,Y,No,18,4,4,80,3,14,5,3,10,4,1,6
24,No,Travel_Rarely,812,Sales,12,3,Life Sciences,1,1046,2,Female,80,4,1,Healthcare Representative,4,Divorced,3282,11572,1,Y,Yes,19,3,3,80,2,6,0,2,6,3,3,2
28,Yes,Travel_Rarely,802,Sales,10,5,Life Sciences,1,1047,2,Male,62,2,2,Sales Representative,1,Divorced,4843,8109,3,Y,No,22,3,1,80,3,7,2,1,5,2,2,2
43,No,Travel_Rarely,287,Sales,14,1,Life Sciences,1,1048,2,Male,96,4,4,Sales Executive,1,Married,13338,6097,1,Y,No,24,4,4,80,0,15,0,1,10,3,3,8
46,No,Travel_Rarely,755,Research & Development,23,2,Other,1,1049,4,Female,57,1,5,Healthcare Representative,4,Married,18560,24286,2,Y,No,17,3,3,80,3,15,0,3,9,4,2,4
23,No,Travel_Rarely,644,Research & Development,19,1,Life Sciences,1,1050,2,Female,57,1,2,Laboratory Technician,4,Single,7647,11269,0,Y,No,12,3,4,80,2,6,0,1,2,1,1,1
39,No,Travel_Rarely,827,Research & Development,18,1,Life Sciences,1,1051,1,Male,33,4,2,Manager,2,Single,5849,2221,1,Y,No,11,3,1,80,3,8,6,4,2,2,0,2
33,No,Travel_Rarely,1164,Research & Development,1,2,Medical,1,1052,2,Female,37,1,3,Sales Executive,1,Married,9397,3643,3,Y,Yes,16,3,3,80,3,10,6,1,8,3,1,2
39,No,Travel_Frequently,738,Research & Development,11,3,Technical Degree,1,1053,1,Male,89,3,3,Laboratory Technician,3,Divorced,8740,10554,3,Y,No,17,3,1,80,3,17,4,4,13,7,1,8
59,No,Travel_Rarely,489,Research & Development,8,4,Marketing,1,1054,2,Male,45,3,5,Healthcare Representative,1,Married,17937,2979,3,Y,No,19,3,1,80,1,14,0,4,5,3,2,3
21,No,Travel_Rarely,1364,Research & Development,17,4,Technical Degree,1,1055,3,Female,35,2,2,Laboratory Technician,2,Single,5623,24205,1,Y,Yes,16,3,4,80,3,5,5,2,4,1,2,1
60,No,Travel_Rarely,1170,Research & Development,26,4,Human Resources,1,1056,1,Male,83,1,4,Research Scientist,3,Married,12709,22638,4,Y,No,15,3,4,80,3,23,3,2,15,9,5,5
37,No,Travel_Rarely,1444,Sales,14,4,Medical,1,1057,1,Male,100,4,3,Laboratory Technician,4,Single,9934,24666,3,Y,No,22,3,4,80,3,15,5,3,7,6,3,5
51,No,Travel_Rarely,424,Human Resources,3,2,Other,1,1058,2,Male,54,3,4,Research Director,1,Single,13102,23332,2,Y,No,15,3,1,80,2,19,3,4,12,7,1,3
36,No,Travel_Frequently,960,Research & Development,11,5,Life Sciences,1,1059,2,Female,57,4,3,Sales Executive,3,Divorced,7814,3317,1,Y,No,11,3,4,80,3,10,0,1,8,4,2,2
31,No,Travel_Frequently,1155,Research & Development,1,1,Technical Degree,1,1060,1,Female,77,3,3,Research Scientist,1,Single,9476,18215,1,Y,No,17,3,1,80,2,9,6,1,9,7,4,4
51,No,Travel_Rarely,1349,Human Resources,21,4,Technical Degree,1,1061,2,Male,37,3,5,Human Resources,2,Married,18162,23357,1,Y,No,20,3,2,80,1,14,6,1,5,4,3,4
47,No,Travel_Rarely,373,Research & Development,8,1,Technical Degree,1,1062,4,Female,44,3,4,Human Resources,3,Married,13737,23430,3,Y,No,13,3,2,80,0,13,6,2,9,7,3,4
24,No,Travel_Rarely,454,Sales,24,4,Medical,1,1063,3,Male,91,3,2,Sales Executive,1,Single,2335,13539,2,Y,No,11,3,4,80,1,0,4,3,0,0,0,0
48,No,Travel_Rarely,1430,Research & Development,25,1,Marketing,1,1064,3,Female,83,2,5,Manufacturing Director,3,Single,18613,25391,3,Y,No,20,3,3,80,3,20,6,2,8,5,4,4
50,No,Travel_Rarely,893,Sales,28,2,Life Sciences,1,1065,1,Male,40,4,4,Sales Executive,4,Single,14713,6270,3,Y,No,13,3,2,80,0,17,0,2,8,5,2,4
34,Yes,Travel_Frequently,316,Research & Development,8,2,Medical,1,1066,4,Male,76,4,1,Human Resources,2,Married,2248,19189,0,Y,No,24,3,1,80,3,5,2,2,4,2,1,3
57,No,Travel_Rarely,371,Sales,29,4,Life Sciences,1,1067,3,Male,97,1,4,Laboratory Technician,4,Divorced,14671,8736,4,Y,Yes,16,3,2,80,2,20,2,1,9,5,1,7
45,No,Travel_Rarely,1498,Research & Development,24,1,Medical,1,1068,2,Male,45,4,4,Laboratory Technician,3,Married,13981,24798,0,Y,No,24,3,2,80,0,18,3,1,11,9,1,4
32,No,Travel_Rarely,1357,Research & Development,8,2,Medical,1,1069,3,Female,45,1,2,Research Scientist,4,Married,6805,24415,1,Y,Yes,12,3,3,80,0,11,0,1,4,2,1,3
18,Yes,Travel_Rarely,421,Sales,26,2,Life Sciences,1,1070,1,Male,96,3,1,Manufacturing Director,3,Married,2118,24996,1,Y,Yes,18,3,1,80,0,0,5,1,0,0,0,0
47,No,Non-Travel,873,Research & Development,8,4,Life Sciences,1,1071,3,Male,98,4,3,Sales Executive,4,Divorced,8210,3658,1,Y,No,17,3,2,80,2,4,2,4,1,1,0,1
26,No,Travel_Rarely,1094,Research & Development,15,5,Life Sciences,1,1072,2,Male,67,2,1,Sales Representative,1,Single,1236,8929,0,Y,Yes,15,3,3,80,1,6,0,4,1,0,0,1
50,No,Travel_Rarely,725,Research & Development,18,4,Medical,1,1073,1,Female,64,1,3,Laboratory Technician,2,Divorced,8390,11824,1,Y,Yes,16,3,3,80,0,13,1,2,8,2,3,1
40,Yes,Travel_Rarely,528,Sales,17,3,Medical,1,1074,1,Male,45,4,3,Manufacturing Director,2,Married,7994,25752,0,Y,Yes,16,3,3,80,0,14,0,3,4,3,1,2
38,No,Travel_Frequently,1080,Sales,6,2,Marketing,1,1075,2,Female,33,4,3,Research Director,4,Divorced,9652,18642,2,Y,No,11,3,2,80,2,14,4,1,10,3,2,6
25,No,Travel_Rarely,216,Research & Development,27,5,Life Sciences,1,1076,2,Male,70,2,2,Sales Executive,3,Single,4750,26596,2,Y,No,14,4,3,80,1,9,6,1,8,6,1,5
48,No,Travel_Rarely,392,Research & Development,22,1,Marketing,1,1077,1,Male,40,4,4,Sales Executive,1,Single,13492,23680,2,Y,No,15,3,1,80,3,21,0,3,15,3,7,5
25,No,Travel_Rarely,136,Research & Development,29,1,Medical,1,1078,4,Female,59,1,1,Laboratory Technician,4,Married,2190,9061,2,Y,No,19,4,2,80,3,9,0,4,8,3,4,2
35,No,Travel_Rarely,1346,Sales,27,2,Life Sciences,1,1079,2,Female,96,3,2,Sales Representative,3,Single,5533,6802,1,Y,No,15,3,4,80,0,15,6,4,8,3,2,2
53,Yes,Travel_Frequently,307,Research & Development,24,2,Life Sciences,1,1080,1,Female,95,1,3,Sales Executive,2,Married,10886,17720,2,Y,No,13,3,4,80,3,22,2,2,11,4,4,3
57,No,Travel_Rarely,1316,Research & Development,24,3,Medical,1,1081,1,Female,62,1,5,Sales Representative,2,Married,14803,21603,3,Y,No,21,3,3,80,0,24,0,2,15,13,7,4
60,No,Travel_Rarely,672,Sales,18,5,Life Sciences,1,1082,2,Female,51,2,5,Laboratory Technician,3,Married,18943,7578,9,Y,No,15,3,2,80,1,20,1,4,19,6,1,6
59,No,Travel_Rarely,248,Research & Development,11,4,Life Sciences,1,1083,1,Male,99,3,5,Manufacturing Director,4,Single,19999,18808,2,Y,No,11,3,4,80,2,15,4,1,9,3,5,2
41,No,Travel_Rarely,912,Research & Development,18,2,Life Sciences,1,1084,1,Female,92,1,3,Manufacturing Director,3,Married,7883,11900,2,Y,No,13,3,2,80,1,21,0,4,9,6,3,3
26,No,Travel_Rarely,546,Research & Development,6,2,Life Sciences,1,1085,1,Male,72,3,2,Sales Executive,4,Single,6132,21550,0,Y,No,19,3,4,80,2,5,2,2,4,3,1,3
54,No,Travel_Frequently,770,Research & Development,26,4,Life Sciences,1,1086,2,Female,82,4,4,Research Scientist,3,Divorced,15413,17636,2,Y,No,14,3,3,80,2,22,6,1,19,9,6,10
52,No,Travel_Rarely,1468,Research & Development,29,2,Life Sciences,1,1087,4,Female,61,1,3,Manager,1,Married,8169,19439,4,Y,No,24,3,1,80,3,15,3,4,10,7,2,4
60,No,Travel_Rarely,982,Research & Development,19,5,Marketing,1,1088,3,Female,78,1,4,Laboratory Technician,4,Married,13217,3026,3,Y,Yes,21,3,3,80,3,24,1,4,10,2,4,7
45,No,Travel_Rarely,126,Sales,9,3,Medical,1,1089,1,Male,69,3,4,Manufacturing Director,3,Divorced,15122,23088,1,Y,No,15,4,4,80,3,5,5,2,2,2,1,1
24,No,Travel_Frequently,235,Sales,5,3,Medical,1,1090,1,Male,43,2,2,Human Resources,3,Married,6094,18192,3,Y,No,25,3,4,80,3,3,3,1,2,1,0,0
39,No,Travel_Rarely,1179,Sales,11,5,Medical,1,1091,1,Female,34,1,2,Sales Executive,3,Married,5425,7096,0,Y,No,21,4,3,80,1,11,2,1,6,5,2,3
37,No,Travel_Rarely,1046,Research & Development,24,2,Medical,1,1092,1,Male,36,4,3,Laboratory Technician,1,Single,9233,14198,0,Y,Yes,21,3,1,80,3,12,1,2,10,6,5,4
54,Yes,Travel_Rarely,784,Research & Development,17,3,Life Sciences,1,1093,3,Male,86,2,5,Research Scientist,4,Married,19999,9050,1,Y,No,12,3,1,80,1,21,5,3,16,14,8,9
34,No,Travel_Rarely,1198,Sales,15,3,Life Sciences,1,1094,3,Female,91,1,2,Sales Executive,4,Married,5436,5176,0,Y,No,14,3,4,80,3,5,3,3,2,1,1,1
32,No,Non-Travel,415,Sales,11,2,Life Sciences,1,1095,2,Male,66,2,2,Human Resources,4,Single,5867,13942,2,Y,No,20,3,2,80,1,10,3,3,9,6,1,4
21,No,Travel_Rarely,424,Research & Development,16,1,Medical,1,1096,2,Female,70,3,2,Human Resources,3,Divorced,6127,19143,2,Y,No,17,3,2,80,2,7,5,3,1,1,0,0
53,No,Travel_Rarely,670,Research & Development,3,2,Medical,1,1097,3,Female,95,2,4,Research Scientist,1,Single,13446,21650,0,Y,Yes,23,3,3,80,3,25,2,1,19,7,2,7
50,No,Travel_Rarely,1208,Research & Development,9,1,Life Sciences,1,1098,2,Male,98,4,4,Human Resources,3,Married,15426,25566,3,Y,No,20,3,4,80,0,18,4,1,0,0,0,0
19,No,Travel_Rarely,1474,Research & Development,9,4,Medical,1,1099,4,Female,80,3,1,Sales Executive,2,Single,1763,17748,1,Y,Yes,12,3,2,80,3,0,1,4,0,0,0,0
36,No,Travel_Rarely,451,Research & Development,9,1,Other,1,1100,3,Female,66,1,2,Human Resources,3,Married,5342,2150,0,Y,No,24,3,3,80,3,5,4,1,4,3,2,2
38,No,Travel_Rarely,965,Sales,21,2,Life Sciences,1,1101,4,Male,61,2,2,Sales Representative,4,Divorced,6421,12009,2,Y,No,25,3,3,80,1,17,3,3,11,5,1,2
38,Yes,Travel_Rarely,722,Research & Development,3,5,Medical,1,1102,1,Female,71,2,2,Sales Executive,1,Single,4232,12996,3,Y,No,21,3,2,80,2,13,3,2,11,9,6,7
57,No,Travel_Frequently,1332,Research & Development,9,3,Medical,1,1103,2,Male,83,1,4,Manufacturing Director,2,Married,15046,26546,2,Y,No,22,4,3,80,1,19,2,3,9,4,5,5
24,No,Travel_Frequently,1227,Research & Development,13,4,Medical,1,1104,4,Male,100,1,2,Sales Representative,2,Married,5728,5235,0,Y,No,13,3,1,80,3,0,0,2,0,0,0,0
31,No,Travel_Rarely,343,Research & Development,11,4,Marketing,1,1105,3,Male,77,1,1,Research Scientist,4,Divorced,4590,24109,0,Y,No,22,3,2,80,0,4,6,1,0,0,0,0
25,No,Non-Travel,1062,Sales,12,2,Marketing,1,1106,4,Male,80,3,2,Research Scientist,3,Single,6235,7249,2,Y,No,20,4,2,80,2,7,2,2,6,4,2,5
28,No,Non-Travel,126,Research & Development,3,4,Life Sciences,1,1107,2,Male,31,1,2,Healthcare Representative,2,Divorced,5305,18749,2,Y,No,12,4,3,80,2,7,5,1,6,2,1,2
57,No,Travel_Rarely,805,Research & Development,16,2,Medical,1,1108,2,Male,55,2,3,Sales Executive,2,Married,8778,14337,0,Y,No,13,3,2,80,0,12,6,1,12,8,2,8
58,No,Travel_Rarely,475,Research & Development,4,4,Marketing,1,1109,4,Female,49,1,4,Sales Executive,2,Married,14321,26305,3,Y,No,19,3,2,80,3,22,3,2,16,7,1,7
19,No,Travel_Rarely,618,Research & Development,5,4,Life Sciences,1,1110,2,Female,88,4,2,Research Scientist,1,Married,7928,9348,1,Y,No,16,3,4,80,1,0,5,4,0,0,0,0
45,No,Travel_Rarely,563,Research & Development,21,5,Other,1,1111,2,Male,48,4,4,Manager,3,Married,14102,13940,4,Y,Yes,19,3,4,80,2,18,3,1,11,9,4,7
28,No,Travel_Rarely,889,Research & Development,13,5,Life Sciences,1,1112,2,Male,50,3,1,Research Scientist,4,Married,2834,18261,1,Y,Yes,25,3,4,80,3,7,0,4,2,1,0,2
26,No,Travel_Rarely,1287,Research & Development,8,1,Medical,1,1113,1,Female,76,2,2,Laboratory Technician,1,Single,5265,6743,0,Y,Yes,20,3,3,80,0,3,6,3,1,1,0,1
30,No,Non-Travel,828,Research & Development,29,2,Medical,1,1114,4,Male,67,3,2,Sales Executive,2,Married,5727,8669,2,Y,No,24,3,2,80,1,10,5,4,7,5,1,3
26,No,Travel_Rarely,1311,Research & Development,10,3,Medical,1,1115,4,Female,58,2,2,Sales Executive,4,Married,4139,20778,1,Y,No,11,3,2,80,2,6,3,3,4,2,2,2
39,No,Travel_Frequently,1459,Sales,5,2,Technical Degree,1,1116,1,Male,46,4,2,Healthcare Representative,3,Married,5041,21426,4,Y,No,14,3,4,80,0,16,5,1,5,2,3,2
60,No,Travel_Rarely,413,Research & Development,2,4,Life Sciences,1,1117,2,Female,93,3,5,Sales Executive,1,Single,17785,18883,5,Y,No,24,3,3,80,2,21,4,2,15,5,4,9
43,Yes,Travel_Rarely,1256,Research & Development,24,5,Medical,1,1118,3,Female,100,1,3,Healthcare Representative,1,Married,7442,6663,2,Y,Yes,21,3,4,80,2,13,5,1,7,2,3,3
49,Yes,Travel_Frequently,405,Research & Development,20,2,Medical,1,1119,1,Female,34,1,4,Laboratory Technician,1,Married,14965,7440,1,Y,No,16,3,4,80,3,14,0,1,10,6,5,3
39,No,Travel_Rarely,264,Research & Development,12,5,Technical Degree,1,1120,2,Female,96,4,3,Healthcare Representative,3,Married,8532,24688,1,Y,No,15,3,4,80,1,12,5,3,11,6,4,2
18,No,Travel_Rarely,393,Human Resources,7,5,Medical,1,1121,4,Female,88,3,1,Laboratory Technician,4,Divorced,2110,24512,1,Y,Yes,22,3,3,80,3,7,1,4,0,0,0,0
21,Yes,Travel_Rarely,678,Research & Development,18,5,Other,1,1122,4,Female,92,3,1,Research Director,1,Married,2820,12059,2,Y,Yes,11,3,2,80,2,1,6,3,0,0,0,0
29,Yes,Travel_Rarely,339,Research & Development,19,1,Technical Degree,1,1123,4,Female,61,2,2,Sales Executive,3,Married,5205,15836,1,Y,No,12,3,4,80,2,9,6,2,6,1,3,2
28,No,Travel_Rarely,922,Research & Development,1,2,Life Sciences,1,1124,4,Female,58,3,2,Human Resources,3,Single,5563,3475,0,Y,No,23,3,1,80,2,3,0,3,2,2,0,1
54,No,Travel_Rarely,935,Human Resources,5,1,Technical Degree,1,1125,3,Female,73,2,3,Research Scientist,4,Divorced,6691,18422,2,Y,Yes,22,3,2,80,3,10,4,1,10,8,4,5
54,No,Travel_Rarely,1087,Sales,22,1,Other,1,1126,2,Female,81,3,5,Sales Executive,3,Single,17690,4577,1,Y,No,23,3,4,80,2,18,2,1,14,10,4,4
54,No,Travel_Rarely,1375,Research & Development,4,1,Life Sciences,1,1127,4,Female,96,2,4,Manufacturing Director,4,Married,12270,4232,3,Y,No,18,3,3,80,1,19,1,3,10,6,1,7
45,No,Travel_Rarely,349,Research & Development,9,3,Medical,1,1128,2,Female,48,1,4,Research Scientist,2,Single,12920,15367,2,Y,No,15,3,3,80,3,13,6,4,9,3,4,3
41,No,Travel_Rarely,1471,Research & Development,11,1,Life Sciences,1,1129,3,Female,98,4,4,Laboratory Technician,2,Single,13133,23254,0,Y,Yes,16,3,3,80,2,7,2,3,1,1,0,0
45,No,Travel_Rarely,1262,Research & Development,6,2,Medical,1,1130,3,Female,57,4,4,Sales Representative,4,Divorced,12759,24783,0,Y,Yes,22,3,2,80,1,15,3,2,10,7,5,3
35,No,Travel_Rarely,177,Research & Development,13,5,Life Sciences,1,1131,3,Female,77,4,3,Sales Representative,3,Single,9417,12791,2,Y,No,14,3,4,80,2,10,2,2,9,7,5,3
46,No,Travel_Rarely,982,Research & Development,6,5,Marketing,1,1132,3,Male,87,3,3,Healthcare Representative,2,Single,10708,14928,1,Y,No,11,3,2,80,3,11,4,2,10,4,4,6
52,No,Travel_Frequently,462,Research & Development,5,5,Life Sciences,1,1133,4,Male,76,3,5,Human Resources,3,Single,19991,15648,2,Y,No,18,3,2,80,2,12,1,4,9,5,3,3
50,No,Travel_Rarely,196,Research & Development,3,1,Medical,1,1134,1,Male,34,4,4,Laboratory Technician,2,Divorced,13322,13305,0,Y,No,19,3,1,80,3,15,2,3,12,6,6,8
44,No,Travel_Rarely,1054,Research & Development,3,4,Life Sciences,1,1135,2,Male,92,3,4,Sales Executive,3,Divorced,14252,20051,0,Y,No,17,3,1,80,2,15,4,4,10,6,2,5
20,No,Travel_Rarely,184,Sales,24,4,Medical,1,1136,3,Male,33,4,1,Sales Representative,3,Divorced,2920,21340,0,Y,No,25,4,1,80,3,4,1,1,1,1,0,0
49,No,Non-Travel,350,Research & Development,19,1,Medical,1,1137,3,Female,68,4,5,Research Scientist,1,Divorced,18269,13673,0,Y,No,20,3,2,80,0,12,5,2,4,1,1,1
33,No,Travel_Rarely,1060,Research & Development,13,5,Medical,1,1138,3,Male,76,3,3,Sales Executive,3,Divorced,10090,7742,1,Y,No,22,4,2,80,3,9,6,1,1,0,0,1
49,No,Travel_Rarely,218,Research & Development,11,3,Life Sciences,1,1139,2,Male,47,3,4,Sales Executive,4,Married,16409,22988,2,Y,No,14,3,3,80,3,19,4,1,14,3,5,6
41,No,Travel_Rarely,1157,Research & Development,29,5,Life Sciences,1,1140,4,Male,84,4,3,Research Scientist,3,Single,6736,18945,1,Y,Yes,19,3,3,80,0,8,2,4,5,2,2,3
55,No,Travel_Rarely,139,Research & Development,22,1,Medical,1,1141,1,Male,72,3,4,Research Scientist,3,Married,15728,12246,1,Y,No,16,3,1,80,3,18,1,1,5,2,0,4
32,No,Travel_Rarely,535,Research & Development,29,4,Human Resources,1,1142,3,Male,57,1,2,Research Scientist,4,Single,4791,7530,0,Y,Yes,16,3,3,80,2,12,3,3,5,1,2,1
58,Yes,Travel_Rarely,460,Sales,12,1,Life Sciences,1,1143,1,Male,40,4,4,Manufacturing Director,2,Married,13685,12246,1,Y,No,12,3,1,80,1,15,3,1,9,4,3,4
54,No,Travel_Rarely,328,Research & Development,6,5,Medical,1,1144,3,Male,77,1,3,Manager,3,Single,8839,23147,3,Y,No,22,3,3,80,0,22,1,1,13,9,7,6
32,Yes,Travel_Rarely,845,Research & Development,5,4,Life Sciences,1,1145,1,Female,37,1,1,Human Resources,1,Single,4857,10338,3,Y,No,17,3,1,80,1,13,2,4,9,7,2,3
38,No,Travel_Rarely,409,Sales,5,1,Medical,1,1146,1,Male,94,2,4,Sales Executive,1,Married,14337,24043,0,Y,No,25,3,1,80,2,10,6,2,6,3,2,3
40,No,Travel_Frequently,312,Sales,7,2,Life Sciences,1,1147,2,Female,38,1,3,Sales Executive,3,Single,8995,8235,1,Y,No,19,3,4,80,2,10,1,2,2,1,1,1
51,No,Travel_Rarely,649,Research & Development,12,2,Medical,1,1148,1,Male,37,1,5,Manufacturing Director,1,Single,19999,6939,3,Y,Yes,13,3,1,80,0,20,1,1,10,7,3,6
47,No,Non-Travel,795,Research & Development,13,1,Life Sciences,1,1149,2,Male,44,1,4,Sales Executive,4,Single,15213,3719,0,Y,Yes,21,3,4,80,1,14,2,3,8,4,1,5
54,No,Travel_Frequently,984,Research & Development,9,1,Life Sciences,1,1150,3,Female,88,3,4,Research Scientist,4,Married,14613,5669,0,Y,No,11,3,2,80,0,9,6,4,9,3,1,2
33,No,Travel_Frequently,221,Sales,8,5,Life Sciences,1,1151,1,Male,90,4,1,Healthcare Representative,4,Single,4221,8587,0,Y,Yes,22,3,4,80,1,8,2,2,3,2,0,1
39,No,Travel_Frequently,364,Research & Development,4,5,Life Sciences,1,1152,3,Female,71,2,3,Sales Representative,1,Single,7783,20108,4,Y,No,16,3,1,80,3,13,2,4,7,6,2,5
36,Yes,Travel_Rarely,172,Research & Development,29,3,Medical,1,1153,2,Male,86,2,4,Sales Executive,2,Single,11919,15276,0,Y,No,11,3,2,80,3,12,2,2,8,4,3,4
57,No,Travel_Rarely,1207,Research & Development,3,5,Other,1,1154,4,Male,59,3,5,Healthcare Representative,3,Married,19999,18353,6,Y,Yes,18,3,4,80,3,16,6,3,8,7,3,5
31,No,Travel_Rarely,883,Research & Development,29,4,Medical,1,1155,3,Male,100,3,2,Healthcare Representative,1,Single,4255,4532,1,Y,No,18,3,1,80,0,6,2,4,3,1,1,2
43,No,Travel_Rarely,449,Sales,9,1,Technical Degree,1,1156,2,Male,33,4,2,Research Director,4,Single,4859,17576,3,Y,Yes,14,3,2,80,2,16,2,4,6,2,0,3
23,Yes,Travel_Rarely,845,Research & Development,9,4,Medical,1,1157,4,Female,73,3,1,Research Scientist,4,Divorced,2602,18271,1,Y,No,12,3,1,80,1,4,2,3,4,1,0,1
54,No,Travel_Rarely,1232,Sales,6,1,Life Sciences,1,1158,1,Female,57,4,4,Manager,4,Divorced,13395,14780,3,Y,No,20,4,2,80,1,12,6,2,12,9,5,7
34,No,Travel_Rarely,1165,Research & Development,18,5,Life Sciences,1,1159,3,Male,55,4,3,Manager,2,Single,7629,17990,2,Y,No,17,4,4,80,3,13,4,2,6,3,3,3
32,Yes,Non-Travel,1392,Sales,5,2,Life Sciences,1,1160,1,Female,86,2,3,Research Scientist,1,Single,9056,5308,2,Y,Yes,15,4,3,80,3,7,4,4,4,2,2,1
43,Yes,Travel_Rarely,423,Research & Development,12,1,Life Sciences,1,1161,2,Male,84,4,3,Healthcare Representative,4,Single,9069,14430,0,Y,Yes,19,3,2,80,2,17,1,2,2,2,1,1
39,No,Travel_Rarely,331,Sales,16,2,Technical Degree,1,1162,2,Female,68,4,3,Healthcare Representative,3,Married,9244,20012,0,Y,Yes,25,3,3,80,3,6,0,2,1,1,1,0
54,No,Travel_Rarely,1169,Research & Development,1,4,Medical,1,1163,3,Female,91,1,5,Research Scientist,4,Single,19669,5538,1,Y,No,24,3,2,80,1,17,0,4,9,3,5,5
40,No,Travel_Rarely,1384,Research & Development,7,5,Medical,1,1164,2,Male,42,4,2,Laboratory Technician,2,Divorced,5000,6136,0,Y,No,14,3,1,80,0,13,2,4,11,8,4,2
40,No,Travel_Frequently,346,Research & Development,29,3,Medical,1,1165,3,Male,35,3,3,Laboratory Technician,1,Divorced,7998,20737,4,Y,No,16,3,3,80,3,11,5,2,3,1,1,2
22,No,Travel_Rarely,1087,Sales,7,1,Life Sciences,1,1166,1,Female,46,4,2,Sales Representative,4,Married,6843,15613,1,Y,No,23,3,3,80,0,0,5,4,0,0,0,0
18,Yes,Travel_Rarely,904,Sales,6,5,Medical,1,1167,1,Male,36,3,1,Sales Executive,1,Single,2374,7657,2,Y,No,12,3,1,80,1,0,5,4,0,0,0,0
35,No,Travel_Rarely,1341,Research & Development,8,4,Life Sciences,1,1168,1,Male,90,1,2,Laboratory Technician,3,Divorced,4850,10726,3,Y,No,25,4,1,80,3,14,4,2,2,1,1,1
60,No,Travel_Rarely,371,Research & Development,29,3,Life Sciences,1,1169,2,Female,66,2,4,Sales Executive,2,Married,15115,24026,2,Y,Yes,17,4,3,80,3,21,3,2,13,5,2,6
57,No,Travel_Rarely,586,Research & Development,29,3,Life Sciences,1,1170,2,Male,60,3,5,Healthcare Representative,3,Divorced,18978,10353,0,Y,No,18,3,2,80,0,23,2,1,14,8,2,11
45,No,Non-Travel,969,Human Resources,11,5,Life Sciences,1,1171,4,Male,65,4,5,Manager,2,Single,18394,11031,2,Y,Yes,25,3,4,80,3,17,5,1,9,3,5,6
45,No,Travel_Rarely,1308,Research & Development,23,2,Medical,1,1172,2,Female,36,1,4,Laboratory Technician,1,Married,13405,22821,5,Y,Yes,13,4,2,80,2,16,1,1,7,3,1,3
34,No,Travel_Rarely,1254,Human Resources,11,1,Life Sciences,1,1173,3,Male,76,1,2,Manufacturing Director,3,Divorced,6849,7165,0,Y,No,13,3,2,80,0,8,0,1,6,3,3,4
25,No,Travel_Rarely,768,Sales,12,1,Life Sciences,1,1174,4,Female,99,1,1,Research Scientist,1,Divorced,3703,13456,1,Y,No,24,3,3,80,2,6,5,2,5,2,3,3
18,No,Travel_Rarely,619,Research & Development,15,4,Technical Degree,1,1175,3,Female,40,3,1,Research Scientist,1,Married,3284,9861,1,Y,Yes,21,3,4,80,1,7,3,4,2,0,1,1
32,Yes,Non-Travel,366,Research & Development,20,5,Other,1,1176,4,Male,47,1,2,Manager,2,Married,4100,14383,0,Y,Yes,17,3,3,80,2,8,4,1,3,2,0,2
31,No,Travel_Rarely,663,Research & Development,8,4,Medical,1,1177,3,Male,85,4,2,Sales Executive,2,Married,5789,8659,1,Y,Yes,12,3,3,80,0,14,6,2,14,7,7,12
26,No,Travel_Rarely,1494,Human Resources,5,4,Medical,1,1178,1,Male,86,3,2,Sales Representative,3,Married,5245,24413,1,Y,No,19,3,4,80,0,0,4,2,0,0,0,0
29,No,Travel_Rarely,419,Research & Development,16,2,Marketing,1,1179,2,Female,49,4,2,Healthcare Representative,2,Divorced,4405,5495,0,Y,Yes,22,3,4,80,2,1,5,3,1,1,0,0
19,Yes,Travel_Rarely,1426,Research & Development,4,3,Life Sciences,1,1180,4,Male,30,1,1,Research Director,3,Married,2278,16002,1,Y,No,11,3,3,80,2,5,3,3,0,0,0,0
44,No,Travel_Rarely,492,Research & Development,10,1,Medical,1,1181,1,Male,81,2,3,Research Scientist,2,Single,9335,17882,0,Y,No,14,3,2,80,0,10,2,3,3,1,0,2
57,No,Travel_Rarely,276,Sales,10,2,Life Sciences,1,1182,2,Male,48,2,4,Laboratory Technician,4,Single,15491,22050,4,Y,No,16,3,1,80,2,26,2,1,6,5,2,3
47,No,Travel_Frequently,1104,Research & Development,2,4,Life Sciences,1,1183,3,Male,87,4,3,Sales Executive,1,Married,7231,4531,4,Y,No,15,3,3,80,1,19,6,2,17,5,9,8
37,No,Travel_Rarely,739,Research & Development,5,5,Other,1,1184,4,Female,53,3,3,Human Resources,1,Divorced,7382,23583,2,Y,No,19,3,3,80,3,16,2,4,13,11,4,7
36,No,Travel_Rarely,1124,Research & Development,11,5,Marketing,1,1185,4,Male,99,2,1,Healthcare Representative,4,Single,3833,8308,2,Y,No,25,3,2,80,2,13,6,4,4,3,2,2
31,No,Travel_Frequently,1479,Research & Development,1,5,Other,1,1186,3,Female,91,2,3,Healthcare Representative,2,Married,8009,19407,1,Y,No,21,3,2,80,1,4,0,1,0,0,0,0
24,No,Travel_Rarely,308,Sales,22,1,Marketing,1,1187,1,Male,34,2,2,Manager,3,Divorced,6163,3403,0,Y,No,18,3,2,80,0,0,2,3,0,0,0,0
43,No,Travel_Rarely,868,Sales,5,5,Medical,1,1188,1,Male,83,2,4,Research Scientist,3,Married,13493,5681,4,Y,No,25,3,3,80,3,18,6,1,9,4,4,4
42,No,Travel_Rarely,473,Sales,18,2,Marketing,1,1189,3,Female,81,3,4,Healthcare Representative,4,Single,14692,15312,1,Y,No,23,3,4,80,2,7,4,3,6,5,1,3
18,No,Travel_Rarely,796,Research & Development,7,4,Medical,1,1190,1,Male,51,4,1,Sales Representative,3,Married,1352,5064,2,Y,No,19,3,2,80,0,7,2,1,4,1,2,2
35,No,Travel_Frequently,460,Sales,11,5,Medical,1,1191,3,Female,95,2,2,Sales Executive,1,Married,6159,13218,3,Y,No,11,3,3,80,0,11,1,4,10,7,5,5
29,No,Travel_Rarely,374,Research & Development,20,5,Life Sciences,1,1192,4,Male,85,4,1,Human Resources,3,Single,1009,12908,2,Y,No,15,3,2,80,0,6,3,4,5,4,1,1
25,No,Travel_Rarely,827,Research & Development,7,4,Medical,1,1193,1,Male,48,2,1,Human Resources,2,Married,4110,13903,0,Y,No,24,3,2,80,2,6,6,1,6,4,3,4
48,No,Travel_Rarely,688,Research & Development,29,2,Life Sciences,1,1194,4,Female,87,4,4,Human Resources,2,Married,13959,3667,5,Y,No,19,3,3,80,3,17,2,2,16,4,3,11
40,No,Travel_Rarely,1173,Sales,29,3,Medical,1,1195,1,Male,80,1,3,Sales Representative,3,Married,9029,20348,1,Y,No,24,3,3,80,2,11,3,1,11,8,1,5
45,No,Travel_Rarely,797,Research & Development,5,4,Life Sciences,1,1196,2,Male,66,3,4,Research Scientist,1,Married,14285,9583,2,Y,No,12,3,3,80,0,19,2,1,18,13,3,14
48,No,Travel_Frequently,945,Sales,6,3,Medical,1,1197,2,Female,93,4,2,Manufacturing Director,1,Single,3453,19932,1,Y,No,13,3,2,80,0,20,6,4,9,2,3,8
60,Yes,Travel_Rarely,1099,Research & Development,9,3,Life Sciences,1,1198,3,Male,66,2,5,Sales Executive,3,Single,19999,7285,2,Y,Yes,13,3,4,80,0,21,4,1,8,7,1,6
52,Yes,Travel_Rarely,178,Sales,27,3,Life Sciences,1,1199,2,Female,49,3,5,Manager,1,Single,19401,7299,3,Y,No,12,3,4,80,0,15,4,1,4,1,1,3
44,No,Non-Travel,730,Sales,4,3,Medical,1,1200,3,Male,66,1,3,Sales Executive,4,Single,9408,3056,4,Y,Yes,16,3,3,80,0,18,4,2,11,10,6,5
55,No,Travel_Rarely,834,Sales,4,1,Life Sciences,1,1201,1,Female,64,4,4,Research Director,3,Married,13041,23385,2,Y,Yes,25,3,4,80,0,11,2,2,9,2,3,7
38,Yes,Travel_Rarely,989,Research & Development,3,5,Other,1,1202,4,Male,41,2,2,Research Scientist,4,Single,5789,12034,2,Y,Yes,11,3,2,80,2,12,5,4,2,1,1,2
60,No,Travel_Rarely,157,Sales,3,1,Medical,1,1203,4,Male,70,2,3,Sales Executive,2,Married,6928,5444,3,Y,No,25,3,3,80,2,23,4,2,21,14,3,12
50,No,Travel_Rarely,243,Research & Development,5,5,Life Sciences,1,1204,2,Female,87,4,3,Sales Executive,3,Single,8679,8297,4,Y,No,12,3,1,80,3,13,0,3,10,3,1,3
45,No,Travel_Rarely,1288,Research & Development,12,1,Life Sciences,1,1205,4,Female,92,4,4,Manager,1,Single,12873,5511,5,Y,No,11,3,4,80,0,17,2,1,13,4,6,3
56,No,Travel_Rarely,1169,Research & Development,29,3,Technical Degree,1,1206,1,Male,80,1,4,Sales Executive,3,Single,19999,4633,3,Y,No,11,3,1,80,3,19,6,2,12,2,3,6
40,No,Travel_Rarely,689,Sales,3,3,Medical,1,1207,3,Male,64,4,3,Sales Executive,2,Married,9226,3911,3,Y,No,22,4,3,80,1,9,1,1,5,4,1,3
48,No,Travel_Rarely,106,Sales,12,3,Life Sciences,1,1208,2,Male,90,1,2,Sales Executive,4,Married,7097,20282,2,Y,Yes,13,3,1,80,0,18,6,2,10,2,5,5
30,No,Travel_Rarely,463,Research & Development,16,3,Life Sciences,1,1209,3,Female,96,4,1,Research Scientist,2,Divorced,2700,16612,0,Y,No,12,3,3,80,0,3,5,2,2,1,0,1
59,No,Travel_Frequently,999,Sales,9,5,Marketing,1,1210,3,Female,87,4,5,Human Resources,4,Single,19479,24821,3,Y,No,23,3,2,80,1,23,6,1,17,10,5,12
44,No,Travel_Rarely,1052,Research & Development,13,1,Human Resources,1,1211,1,Male,86,3,4,Laboratory Technician,4,Married,15086,26375,2,Y,Yes,20,3,4,80,0,6,5,3,0,0,0,0
51,No,Travel_Frequently,1256,Research & Development,8,5,Life Sciences,1,1212,2,Male,85,3,3,Research Scientist,1,Married,7213,17554,4,Y,No,16,3,1,80,1,17,0,3,11,5,1,3
37,No,Travel_Rarely,873,Research & Development,6,4,Life Sciences,1,1213,2,Male,64,2,2,Sales Executive,1,Single,4693,15509,0,Y,No,22,3,4,80,2,10,1,3,10,4,4,6
55,No,Travel_Rarely,1173,Sales,8,4,Life Sciences,1,1214,4,Male,85,2,4,Sales Executive,2,Single,15167,25238,1,Y,No,24,3,3,80,3,16,3,2,12,10,3,4
21,No,Travel_Rarely,431,Research & Development,24,1,Life Sciences,1,1215,1,Male,57,3,1,Research Scientist,3,Single,2738,25583,1,Y,No,19,3,4,80,0,4,2,3,4,3,1,3
22,No,Travel_Rarely,307,Sales,18,1,Marketing,1,1216,4,Female,97,4,1,Sales Executive,4,Single,2103,6239,1,Y,No,24,3,2,80,2,3,6,3,3,3,1,2
39,No,Travel_Rarely,570,Research & Development,10,2,Other,1,1217,1,Female,92,2,3,Sales Executive,2,Divorced,7743,16993,2,Y,Yes,16,3,3,80,0,15,5,2,3,2,1,1
49,No,Travel_Rarely,1281,Sales,3,2,Other,1,1218,1,Male,72,3,4,Sales Executive,4,Married,12533,21223,1,Y,No,23,3,1,80,1,17,5,1,15,12,6,8
52,No,Travel_Rarely,1340,Human Resources,2,4,Marketing,1,1219,1,Male,81,3,5,Research Scientist,3,Married,16649,23815,3,Y,No,20,3,3,80,2,18,6,3,6,5,3,4
36,No,Travel_Rarely,212,Research & Development,8,5,Life Sciences,1,1220,4,Female,88,4,3,Manager,3,Married,6465,12270,1,Y,No,14,3,2,80,1,11,0,1,2,1,1,2
45,Yes,Travel_Rarely,375,Sales,17,3,Other,1,1221,3,Female,70,4,2,Sales Executive,4,Married,5555,17966,4,Y,Yes,20,3,3,80,1,12,4,2,9,8,2,5
41,Yes,Travel_Rarely,194,Sales,16,4,Life Sciences,1,1222,3,Male,86,2,3,Healthcare Representative,2,Married,9306,14285,1,Y,Yes,16,4,4,80,1,11,6,3,8,2,4,7
59,No,Travel_Rarely,1169,Research & Development,14,1,Life Sciences,1,1223,3,Male,82,4,5,Healthcare Representative,3,Single,19999,17762,5,Y,No,12,4,2,80,1,21,6,3,16,4,7,8
46,No,Travel_Rarely,1251,Sales,3,4,Medical,1,1224,3,Female,49,2,3,Research Director,4,Married,8450,18637,3,Y,Yes,18,3,2,80,2,13,5,3,8,4,1,1
35,Yes,Travel_Rarely,1397,Sales,21,1,Life Sciences,1,1225,2,Male,40,1,2,Sales Executive,4,Single,3964,16624,2,Y,No,11,3,3,80,1,13,5,2,7,4,1,4
59,Yes,Travel_Rarely,356,Research & Development,13,4,Marketing,1,1226,1,Female,70,1,4,Sales Representative,1,Single,13966,21608,3,Y,No,17,3,4,80,2,20,5,2,16,8,3,11
22,No,Travel_Rarely,826,Research & Development,5,2,Other,1,1227,2,Male,30,1,1,Research Director,4,Single,3844,3916,1,Y,No,24,3,2,80,3,5,0,1,0,0,0,0
60,No,Travel_Rarely,726,Sales,22,3,Marketing,1,1228,2,Female,81,2,5,Human Resources,1,Married,19999,3583,1,Y,No,12,4,4,80,2,15,2,4,7,4,2,2
24,No,Travel_Rarely,1466,Research & Development,4,2,Marketing,1,1229,2,Female,78,2,2,Sales Representative,4,Married,6620,22862,1,Y,No,21,3,2,80,3,8,6,1,5,4,1,2
30,No,Travel_Rarely,1410,Sales,14,3,Life Sciences,1,1230,4,Male,37,1,1,Sales Executive,3,Married,3687,11761,0,Y,No,14,3,4,80,1,5,4,4,5,2,3,3
53,No,Non-Travel,1271,Human Resources,6,5,Life Sciences,1,1231,1,Female,51,1,5,Human Resources,4,Single,19114,11685,0,Y,No,19,4,3,80,1,14,1,3,12,5,3,9
49,No,Travel_Rarely,393,Sales,9,5,Marketing,1,1232,3,Male,67,1,4,Sales Representative,3,Divorced,14884,21145,3,Y,No,20,3,3,80,0,21,5,4,16,11,2,10
59,No,Travel_Frequently,568,Research & Development,16,2,Medical,1,1233,1,Female,81,4,4,Sales Executive,1,Single,12578,15718,1,Y,Yes,22,4,3,80,2,22,0,4,15,10,8,5
50,Yes,Travel_Rarely,1192,Research & Development,12,2,Technical Degree,1,1234,3,Male,30,2,3,Sales Executive,2,Divorced,6090,15416,1,Y,Yes,21,3,4,80,2,19,2,2,9,7,3,7
45,No,Travel_Rarely,952,Sales,10,3,Life Sciences,1,1235,3,Male,69,3,4,Human Resources,3,Married,16512,25356,3,Y,Yes,14,3,4,80,2,15,5,2,11,5,1,7
32,No,Travel_Rarely,918,Sales,5,4,Life Sciences,1,1236,1,Male,47,2,2,Sales Executive,3,Married,5444,10603,0,Y,Yes,16,4,2,80,2,7,5,4,6,1,1,5
18,No,Travel_Rarely,207,Research & Development,6,1,Life Sciences,1,1237,2,Female,58,2,1,Sales Representative,3,Married,3641,8656,2,Y,No,19,3,3,80,2,1,3,4,0,0,0,0
23,Yes,Travel_Rarely,668,Research & Development,6,4,Medical,1,1238,2,Female,64,1,2,Laboratory Technician,3,Married,2138,3103,1,Y,Yes,15,3,3,80,0,6,1,3,6,1,2,1
30,No,Travel_Frequently,1464,Research & Development,23,5,Marketing,1,1239,2,Female,44,1,2,Manager,3,Married,7354,25582,4,Y,No,23,3,3,80,0,11,3,4,4,3,1,3
19,Yes,Travel_Rarely,743,Research & Development,29,5,Other,1,1240,2,Male,51,1,1,Sales Executive,1,Single,4387,2277,0,Y,Yes,19,3,1,80,2,2,1,3,2,1,1,1
39,No,Travel_Rarely,1336,Research & Development,5,3,Life Sciences,1,1241,2,Female,59,3,3,Manager,1,Divorced,6621,12467,1,Y,No,21,3,2,80,0,18,6,1,14,7,5,12
51,No,Travel_Rarely,675,Research & Development,29,2,Medical,1,1242,3,Female,84,2,4,Laboratory Technician,2,Single,13619,12681,2,Y,Yes,20,3,1,80,3,16,6,3,9,7,4,3
59,No,Travel_Rarely,1286,Research & Development,5,2,Life Sciences,1,1243,1,Female,50,4,4,Human Resources,1,Married,14319,25171,3,Y,No,16,4,1,80,1,15,5,2,8,4,3,6
39,No,Travel_Frequently,1257,Research & Development,14,4,Life Sciences,1,1244,4,Female,75,1,3,Sales Executive,3,Married,6983,14137,1,Y,No,21,3,4,80,2,5,2,1,4,1,2,1
55,No,Travel_Rarely,970,Research & Development,4,3,Life Sciences,1,1245,4,Female,55,4,3,Sales Executive,4,Divorced,9087,2270,1,Y,No,20,3,3,80,2,12,1,3,6,4,1,1
60,No,Travel_Rarely,1239,Sales,25,1,Medical,1,1246,2,Female,48,1,5,Sales Executive,4,Married,19999,7802,2,Y,Yes,23,3,3,80,2,19,0,3,16,3,5,14
54,Yes,Non-Travel,168,Research & Development,21,4,Medical,1,1247,4,Female,37,3,4,Sales Executive,3,Single,14389,14814,4,Y,No,16,4,2,80,1,17,2,3,6,2,2,2
37,No,Non-Travel,623,Sales,24,1,Life Sciences,1,1248,2,Male,31,4,3,Human Resources,4,Married,6621,22008,5,Y,No,19,3,1,80,2,12,5,4,7,4,2,1
31,Yes,Travel_Rarely,226,Sales,8,5,Medical,1,1249,1,Female,54,1,3,Sales Executive,3,Single,7256,3466,1,Y,No,24,4,2,80,0,7,2,2,1,1,0,1
60,No,Travel_Rarely,1076,Research & Development,5,3,Marketing,1,1250,2,Female,48,2,5,Sales Executive,1,Married,18851,20111,2,Y,No,16,4,1,80,1,23,5,4,20,13,7,9
28,No,Travel_Frequently,510,Research & Development,23,2,Life Sciences,1,1251,4,Male,83,4,1,Sales Representative,3,Married,2701,6418,2,Y,No,23,3,3,80,0,6,1,2,4,2,1,2
35,Yes,Travel_Rarely,845,Sales,10,1,Life Sciences,1,1252,1,Male,66,4,2,Research Scientist,3,Divorced,5225,6780,3,Y,No,16,3,2,80,0,9,5,2,8,4,3,7
21,Yes,Travel_Rarely,1279,Sales,10,1,Medical,1,1253,2,Female,33,1,1,Research Scientist,3,Single,2682,5621,1,Y,Yes,12,3,4,80,0,1,0,1,1,0,0,0
52,No,Travel_Rarely,1147,Research & Development,7,5,Marketing,1,1254,1,Male,84,1,4,Healthcare Representative,4,Single,11835,6776,1,Y,Yes,11,3,4,80,1,22,2,4,16,13,8,3
45,No,Non-Travel,1033,Research & Development,9,3,Marketing,1,1255,2,Male,58,2,2,Laboratory Technician,4,Married,6467,17414,0,Y,No,18,3,3,80,0,8,1,2,3,1,1,2
21,Yes,Non-Travel,171,Sales,23,5,Life Sciences,1,1256,2,Male,72,2,1,Sales Representative,1,Single,3753,23633,0,Y,Yes,17,3,4,80,0,4,4,1,3,3,1,2
27,No,Travel_Rarely,962,Sales,7,5,Medical,1,1257,4,Male,38,2,3,Healthcare Representative,1,Single,9127,3794,2,Y,Yes,14,3,2,80,1,5,1,4,5,2,2,1
41,No,Travel_Rarely,571,Research & Development,7,1,Technical Degree,1,1258,4,Male,33,1,3,Research Scientist,3,Married,9016,24985,3,Y,Yes,24,3,1,80,2,15,0,4,5,2,1,3
41,No,Travel_Rarely,1484,Human Resources,6,2,Life Sciences,1,1259,4,Female,37,2,3,Manufacturing Director,1,Married,8159,7604,3,Y,No,23,3,3,80,0,12,2,1,11,8,5,4
52,No,Travel_Rarely,571,Sales,9,5,Medical,1,1260,2,Male,63,2,3,Research Director,2,Single,7772,26614,6,Y,No,20,3,1,80,2,17,0,3,11,5,6,2
29,No,Travel_Frequently,1148,Human Resources,25,3,Other,1,1261,3,Male,92,2,1,Research Scientist,4,Married,1779,22233,1,Y,No,22,3,4,80,2,6,2,4,5,3,2,2
57,No,Travel_Rarely,935,Research & Development,5,3,Life Sciences,1,1262,4,Male,98,4,5,Manager,3,Divorced,19999,19188,6,Y,No,19,3,1,80,0,24,1,3,19,16,10,15
37,No,Travel_Rarely,570,Sales,6,3,Medical,1,1263,3,Male,86,2,2,Laboratory Technician,4,Married,5475,14325,0,Y,No,20,3,4,80,0,10,6,2,9,7,2,3
53,No,Travel_Rarely,392,Research & Development,29,4,Technical Degree,1,1264,4,Female,94,4,5,Manufacturing Director,1,Single,17007,25228,5,Y,Yes,14,3,3,80,3,24,3,3,19,11,10,6
28,No,Travel_Rarely,464,Research & Development,6,5,Life Sciences,1,1265,4,Male,84,1,2,Manager,3,Single,5465,13915,0,Y,No,11,3,1,80,1,7,3,1,5,4,2,4
19,No,Travel_Frequently,844,Research & Development,11,5,Medical,1,1266,1,Female,82,3,1,Sales Executive,2,Single,1009,5792,0,Y,No,19,3,3,80,3,2,4,4,0,0,0,0
20,No,Travel_Rarely,1339,Research & Development,29,4,Medical,1,1267,1,Male,59,4,1,Laboratory Technician,1,Married,3298,10319,0,Y,Yes,12,3,3,80,2,2,0,3,2,1,1,2
34,No,Travel_Frequently,1470,Research & Development,10,3,Technical Degree,1,1268,3,Male,50,2,2,Sales Executive,2,Married,5672,5971,1,Y,Yes,13,3,3,80,0,11,0,1,4,1,2,3
58,No,Travel_Rarely,541,Research & Development,29,2,Technical Degree,1,1269,1,Male,74,3,5,Manager,4,Single,18350,8632,3,Y,No,18,3,2,80,2,17,1,2,15,3,5,7
20,No,Travel_Rarely,162,Research & Development,5,1,Technical Degree,1,1270,1,Male,31,3,1,Healthcare Representative,2,Single,1873,3128,0,Y,No,16,3,3,80,1,3,6,2,0,0,0,0
33,Yes,Travel_Rarely,410,Human Resources,29,4,Life Sciences,1,1271,1,Male,42,2,2,Research Scientist,4,Single,6175,13789,2,Y,No,16,4,2,80,1,8,5,4,8,3,2,2
22,No,Travel_Rarely,805,Research & Development,9,1,Marketing,1,1272,1,Male,62,3,2,Sales Executive,1,Single,5400,15505,1,Y,No,19,3,1,80,0,4,6,4,2,1,1,1
58,No,Travel_Rarely,663,Research & Development,1,4,Human Resources,1,1273,3,Male,74,3,5,Human Resources,3,Divorced,16670,14787,2,Y,No,23,4,3,80,1,21,5,2,17,5,4,5
47,No,Travel_Rarely,295,Research & Development,2,3,Medical,1,1274,2,Male,56,2,4,Research Scientist,2,Single,15445,7604,2,Y,No,11,3,2,80,3,16,0,1,9,2,4,4
50,No,Travel_Rarely,343,Sales,8,4,Medical,1,1275,4,Male,84,2,5,Research Scientist,2,Single,17872,8712,2,Y,No,15,4,2,80,0,16,1,1,12,8,4,5
48,No,Travel_Frequently,915,Sales,13,5,Life Sciences,1,1276,1,Female,77,2,4,Sales Executive,3,Married,12418,16260,3,Y,No,15,3,2,80,2,20,5,3,8,4,2,6
46,No,Travel_Rarely,474,Research & Development,10,3,Technical Degree,1,1277,2,Male,48,1,4,Manufacturing Director,3,Single,15630,10212,0,Y,No,14,3,3,80,0,16,3,2,13,11,2,5
51,No,Travel_Rarely,438,Research & Development,27,3,Life Sciences,1,1278,3,Female,35,2,4,Research Scientist,1,Single,15271,2285,4,Y,Yes,12,3,3,80,2,25,4,3,19,7,3,8
18,No,Travel_Frequently,628,Sales,16,3,Life Sciences,1,1279,2,Male,49,2,1,Research Director,3,Married,2495,20017,0,Y,No,15,3,4,80,3,2,1,2,0,0,0,0
55,No,Travel_Rarely,1362,Research & Development,9,2,Human Resources,1,1280,3,Male,95,2,4,Manager,2,Single,12497,15267,2,Y,Yes,13,3,3,80,3,22,3,4,12,3,3,4
49,No,Travel_Frequently,1279,Sales,12,1,Human Resources,1,1281,4,Male,46,1,4,Sales Executive,4,Single,12908,6851,2,Y,No,24,3,2,80,3,13,6,3,8,4,1,6
49,Yes,Travel_Rarely,546,Research & Development,8,1,Other,1,1282,3,Female,82,3,4,Manufacturing Director,1,Married,13475,24232,6,Y,No,16,3,4,80,2,20,3,4,11,3,2,7
34,No,Travel_Rarely,1174,Research & Development,16,4,Medical,1,1283,3,Female,78,1,3,Research Scientist,2,Married,9959,8471,0,Y,No,16,3,2,80,2,6,4,1,5,4,1,2
52,No,Travel_Rarely,1440,Sales,6,5,Life Sciences,1,1284,3,Male,98,1,5,Sales Executive,4,Single,19999,20172,4,Y,No,21,4,1,80,3,18,5,2,11,3,2,6
34,No,Travel_Frequently,493,Research & Development,16,1,Medical,1,1285,4,Female,95,1,2,Healthcare Representative,1,Divorced,5699,3235,1,Y,Yes,19,3,4,80,0,8,6,3,7,6,1,3
20,Yes,Travel_Rarely,107,Sales,10,2,Life Sciences,1,1286,4,Female,91,3,2,Sales Executive,1,Single,6280,11234,0,Y,No,15,4,4,80,0,4,1,3,4,2,2,3
57,No,Travel_Rarely,425,Research & Development,8,4,Technical Degree,1,1287,1,Male,52,2,5,Human Resources,3,Divorced,18749,8308,3,Y,No,15,3,2,80,0,18,6,2,11,8,5,5
28,No,Non-Travel,1264,Sales,27,4,Medical,1,1288,4,Male,60,2,2,Manufacturing Director,3,Divorced,4453,3793,1,Y,No,11,3,1,80,0,3,4,3,0,0,0,0
22,Yes,Travel_Rarely,250,Human Resources,29,4,Life Sciences,1,1289,1,Female,64,1,1,Sales Executive,3,Married,1199,12855,0,Y,Yes,14,3,2,80,0,2,5,3,0,0,0,0
44,No,Travel_Frequently,467,Research & Development,13,4,Life Sciences,1,1290,4,Female,77,2,4,Human Resources,2,Single,14388,8198,2,Y,No,16,3,2,80,1,19,1,3,18,8,4,8
28,No,Travel_Rarely,1434,Sales,8,1,Life Sciences,1,1291,2,Male,40,2,1,Manufacturing Director,1,Divorced,4080,8330,1,Y,No,17,3,1,80,2,8,0,3,1,1,0,1
54,Yes,Non-Travel,383,Sales,9,2,Technical Degree,1,1292,3,Male,90,2,4,Sales Executive,2,Married,13387,14630,0,Y,No,14,3,1,80,3,13,0,1,6,4,2,1
37,No,Non-Travel,771,Sales,9,3,Medical,1,1293,3,Male,75,1,3,Laboratory Technician,1,Single,9925,23883,1,Y,No,24,3,1,80,2,14,2,1,10,4,1,6
18,No,Non-Travel,1337,Research & Development,1,1,Life Sciences,1,1294,2,Female,44,3,1,Human Resources,4,Married,2538,8503,0,Y,No,22,3,2,80,0,0,3,2,0,0,0,0
58,Yes,Travel_Rarely,1285,Research & Development,18,2,Life Sciences,1,1295,4,Female,33,1,5,Laboratory Technician,2,Married,19100,5991,3,Y,Yes,17,3,1,80,0,22,2,1,14,12,5,4
40,No,Travel_Frequently,527,Research & Development,14,2,Life Sciences,1,1296,3,Female,30,2,2,Laboratory Technician,3,Divorced,5235,21430,1,Y,No,23,3,1,80,1,13,1,3,6,2,1,5
29,No,Travel_Frequently,451,Research & Development,12,5,Life Sciences,1,1297,2,Male,55,3,2,Laboratory Technician,2,Married,6984,12457,1,Y,No,15,4,4,80,2,9,5,3,4,1,1,1
47,No,Travel_Rarely,917,Research & Development,21,2,Human Resources,1,1298,2,Female,51,1,4,Research Scientist,3,Divorced,14591,25384,2,Y,No,21,3,1,80,3,21,5,1,17,8,6,13
40,No,Travel_Rarely,552,Research & Development,4,5,Medical,1,1299,2,Female,40,3,2,Sales Executive,1,Married,5430,19761,3,Y,No,22,3,4,80,1,8,4,4,3,1,1,1
19,No,Non-Travel,1131,Research & Development,1,4,Life Sciences,1,1300,1,Male,61,2,1,Manufacturing Director,1,Married,3092,6482,1,Y,No,20,4,3,80,0,4,4,3,0,0,0,0
50,No,Travel_Rarely,1047,Research & Development,8,4,Marketing,1,1301,4,Male,31,3,4,Human Resources,2,Married,12573,21200,1,Y,No,15,3,2,80,0,20,5,2,16,10,3,4
35,No,Travel_Rarely,687,Research & Development,19,5,Life Sciences,1,1302,4,Male,74,1,2,Manager,2,Divorced,2820,2232,0,Y,No,21,3,4,80,2,7,1,1,6,4,2,4
48,Yes,Travel_Rarely,674,Human Resources,13,5,Life Sciences,1,1303,4,Male,61,2,4,Sales Executive,2,Divorced,13362,13463,2,Y,No,12,4,1,80,3,12,6,1,3,2,0,2
56,No,Travel_Rarely,243,Research & Development,10,2,Medical,1,1304,4,Male,48,2,4,Laboratory Technician,2,Divorced,13767,4187,2,Y,Yes,16,3,3,80,0,18,6,4,9,3,1,6
44,No,Travel_Frequently,1071,Sales,29,3,Life Sciences,1,1305,3,Male,62,1,5,Sales Executive,3,Married,19638,21355,3,Y,Yes,23,4,2,80,0,14,2,1,11,3,3,5
46,No,Travel_Rarely,1390,Sales,29,3,Medical,1,1306,4,Female,61,3,3,Research Scientist,2,Married,8304,22089,0,Y,No,20,4,4,80,0,9,2,4,8,6,1,2
28,Yes,Travel_Rarely,1325,Research & Development,20,5,Technical Degree,1,1307,4,Male,89,3,1,Healthcare Representative,1,Single,2437,25483,1,Y,No,16,3,4,80,2,8,1,3,5,2,0,4
28,No,Travel_Frequently,1006,Research & Development,10,1,Human Resources,1,1308,1,Male,76,2,1,Research Scientist,4,Divorced,1009,3431,0,Y,Yes,17,3,3,80,1,1,4,3,0,0,0,0
35,No,Travel_Rarely,1118,Research & Development,29,3,Life Sciences,1,1309,2,Male,46,3,3,Research Director,3,Single,9133,23195,1,Y,No,17,3,1,80,3,14,2,4,6,3,3,3
54,No,Travel_Rarely,1348,Research & Development,5,2,Medical,1,1310,1,Male,88,2,4,Laboratory Technician,2,Single,14253,20680,0,Y,Yes,17,4,4,80,3,19,1,4,10,7,1,7
40,No,Travel_Rarely,407,Research & Development,25,2,Life Sciences,1,1311,3,Male,53,4,2,Healthcare Representative,3,Married,6477,23338,0,Y,No,14,3,4,80,2,18,4,2,15,5,5,9
32,No,Travel_Frequently,1174,Research & Development,26,4,Medical,1,1312,1,Female,46,2,3,Research Director,2,Married,8533,12185,1,Y,No,22,3,1,80,0,10,1,4,10,8,5,5
51,No,Non-Travel,246,Sales,8,2,Life Sciences,1,1313,4,Female,81,4,4,Manager,2,Married,15376,18355,4,Y,Yes,12,3,1,80,2,15,0,1,15,6,3,9
54,No,Travel_Rarely,1183,Research & Development,29,4,Medical,1,1314,4,Female,86,2,5,Human Resources,1,Single,18339,12705,2,Y,Yes,22,3,4,80,1,15,6,4,10,9,4,2
56,No,Travel_Rarely,407,Sales,4,5,Life Sciences,1,1315,2,Female,30,3,5,Sales Representative,4,Single,18951,18970,1,Y,No,19,3,4,80,3,19,0,2,16,6,2,4
30,No,Travel_Rarely,926,Research & Development,16,4,Human Resources,1,1316,3,Female,96,1,2,Manufacturing Director,2,Single,5789,20293,0,Y,No,17,4,2,80,2,7,6,3,7,5,4,5
48,No,Travel_Rarely,105,Research & Development,24,1,Technical Degree,1,1317,4,Female,74,1,5,Research Scientist,3,Married,19792,9394,3,Y,No,22,3,4,80,3,19,4,4,5,2,0,4
43,No,Travel_Rarely,110,Research & Development,15,1,Life Sciences,1,1318,4,Male,59,4,2,Research Scientist,1,Single,6000,10064,1,Y,No,25,3,2,80,1,9,2,2,9,7,2,5
37,No,Travel_Rarely,1008,Research & Development,3,3,Marketing,1,1319,2,Male,83,1,2,Research Director,1,Married,6073,26599,2,Y,No,17,4,4,80,1,17,3,1,13,7,7,2
35,No,Travel_Rarely,1335,Research & Development,23,3,Life Sciences,1,1320,4,Male,69,3,2,Sales Executive,2,Single,5823,22279,1,Y,Yes,19,3,3,80,1,14,2,4,10,8,4,2
22,No,Travel_Rarely,256,Research & Development,29,4,Marketing,1,1321,1,Female,97,2,3,Human Resources,1,Married,8269,3430,0,Y,No,17,3,3,80,3,3,2,1,3,2,0,1
29,No,Travel_Rarely,1262,Research & Development,14,3,Life Sciences,1,1322,1,Female,30,3,3,Research Scientist,4,Married,9582,4444,3,Y,No,18,3,1,80,2,13,4,3,7,4,3,4
41,No,Travel_Frequently,1156,Research & Development,2,1,Life Sciences,1,1323,2,Male,67,1,4,Manager,1,Married,11991,21852,2,Y,Yes,16,4,4,80,1,9,6,2,4,1,2,1
56,Yes,Travel_Rarely,1117,Sales,13,5,Medical,1,1324,2,Female,80,1,4,Research Scientist,3,Divorced,13245,19992,1,Y,No,18,4,1,80,3,19,1,2,11,4,3,2
55,No,Travel_Rarely,482,Sales,7,5,Medical,1,1325,3,Female,32,2,4,Human Resources,2,Single,15910,7419,0,Y,No,11,3,1,80,1,14,3,2,8,7,1,5
26,No,Travel_Rarely,1328,Research & Development,12,4,Medical,1,1326,4,Male,91,4,1,Sales Executive,1,Married,2193,24600,1,Y,Yes,22,3,2,80,3,12,6,3,7,6,1,2
47,No,Travel_Frequently,953,Sales,20,4,Medical,1,1327,1,Female,54,2,3,Research Scientist,1,Married,8406,2526,0,Y,No,12,3,4,80,2,9,0,1,8,2,4,4
21,No,Travel_Rarely,359,Research & Development,4,5,Life Sciences,1,1328,2,Female,31,3,2,Research Director,2,Single,7165,6184,0,Y,Yes,25,3,4,80,0,0,0,1,0,0,0,0
47,No,Travel_Rarely,1334,Research & Development,29,3,Life Sciences,1,1329,4,Male,57,3,3,Research Scientist,1,Divorced,8349,15827,1,Y,Yes,16,3,3,80,1,12,4,2,5,1,1,1
32,No,Travel_Rarely,495,Research & Development,9,1,Medical,1,1330,3,Male,89,2,2,Research Scientist,3,Divorced,4499,15912,1,Y,Yes,21,3,4,80,2,12,0,4,7,2,1,3
37,No,Travel_Rarely,797,Sales,14,4,Medical,1,1331,2,Male,98,4,3,Human Resources,1,Married,9938,7433,1,Y,No,11,3,3,80,3,13,6,3,5,2,1,1
48,No,Non-Travel,321,Research & Development,8,3,Life Sciences,1,1332,2,Female,40,3,3,Sales Representative,1,Divorced,8153,18057,5,Y,No,16,3,1,80,2,15,0,4,3,2,1,1
36,No,Travel_Rarely,646,Sales,20,4,Life Sciences,1,1333,3,Male,57,2,3,Sales Executive,1,Married,8235,23000,2,Y,No,25,3,4,80,0,13,5,2,3,1,1,2
52,No,Travel_Rarely,1005,Research & Development,29,4,Medical,1,1334,3,Female,89,2,3,Manufacturing Director,4,Married,6124,5400,0,Y,No,18,3,2,80,1,16,2,1,4,3,0,3
40,No,Travel_Frequently,1357,Research & Development,6,3,Medical,1,1335,4,Male,31,2,3,Research Scientist,1,Single,8347,21640,2,Y,No,17,4,3,80,3,13,6,2,10,9,1,2
60,No,Travel_Rarely,714,Sales,18,2,Marketing,1,1336,4,Male,68,4,4,Sales Executive,3,Single,14820,15623,3,Y,No,15,3,3,80,1,26,6,1,8,3,1,2
45,No,Travel_Rarely,965,Sales,7,3,Medical,1,1337,4,Male,68,1,3,Healthcare Representative,2,Single,7983,24533,4,Y,Yes,21,3,2,80,1,13,5,3,5,3,0,2
30,No,Travel_Rarely,245,Sales,19,4,Medical,1,1338,1,Female,56,1,2,Sales Executive,2,Married,3962,8377,1,Y,No,20,3,2,80,3,4,4,4,2,1,0,2
51,No,Travel_Rarely,435,Research & Development,12,4,Medical,1,1339,2,Male,52,2,4,Laboratory Technician,4,Married,13423,19164,4,Y,No,18,4,2,80,1,18,1,2,9,3,4,6
35,No,Travel_Rarely,906,Research & Development,23,3,Life Sciences,1,1340,2,Female,96,4,2,Research Scientist,3,Single,4762,20861,0,Y,No,25,3,2,80,3,12,0,1,11,8,1,6
40,No,Travel_Frequently,160,Sales,15,3,Life Sciences,1,1341,3,Female,55,3,3,Research Director,3,Married,8196,11056,1,Y,No,19,4,4,80,0,12,1,3,12,7,2,3
23,No,Non-Travel,575,Sales,29,5,Life Sciences,1,1342,4,Female,73,4,1,Manufacturing Director,1,Single,2379,16240,0,Y,No,23,3,2,80,2,7,0,3,6,2,2,5
23,No,Travel_Frequently,185,Research & Development,8,2,Technical Degree,1,1343,2,Male,83,3,2,Sales Executive,4,Married,7497,20365,0,Y,No,18,3,2,80,0,3,5,4,0,0,0,0
42,No,Travel_Rarely,787,Sales,4,1,Life Sciences,1,1344,2,Female,32,2,3,Human Resources,1,Single,8863,12319,2,Y,No,18,3,3,80,0,13,2,2,10,4,4,3
26,No,Travel_Rarely,469,Research & Development,7,4,Medical,1,1345,4,Male,88,1,1,Sales Representative,3,Married,1009,18544,0,Y,No,19,3,1,80,2,6,3,2,4,1,2,2
60,No,Travel_Rarely,467,Research & Development,8,5,Medical,1,1346,3,Female,84,4,4,Research Scientist,3,Married,14086,20586,3,Y,No,16,3,1,80,2,21,4,3,16,14,3,7
54,No,Non-Travel,747,Research & Development,11,4,Life Sciences,1,1347,2,Male,43,3,4,Human Resources,4,Married,13952,8033,2,Y,No,22,3,1,80,0,23,4,1,22,6,1,12
48,No,Travel_Frequently,327,Research & Development,9,3,Technical Degree,1,1348,4,Male,42,1,5,Research Scientist,1,Single,19999,20320,2,Y,Yes,17,3,1,80,1,16,4,1,7,2,0,3
49,No,Travel_Rarely,1162,Research & Development,14,2,Medical,1,1349,2,Female,70,4,4,Research Scientist,2,Married,13813,16860,0,Y,No,15,3,2,80,1,14,5,4,14,5,1,4
43,No,Travel_Rarely,731,Research & Development,2,3,Life Sciences,1,1350,1,Female,95,3,2,Laboratory Technician,1,Divorced,5278,7335,3,Y,No,15,3,1,80,1,15,0,1,12,5,6,7
20,No,Travel_Frequently,1363,Sales,9,1,Marketing,1,1351,1,Female,93,3,2,Sales Executive,1,Single,7736,23063,0,Y,Yes,15,3,2,80,3,6,1,3,1,1,0,1
34,No,Non-Travel,417,Sales,9,3,Medical,1,1352,1,Male,41,2,2,Manager,4,Married,4217,2732,2,Y,No,25,3,3,80,3,11,5,3,3,2,1,1
39,Yes,Travel_Frequently,188,Research & Development,21,2,Life Sciences,1,1353,4,Female,72,2,3,Manufacturing Director,1,Single,9457,17228,2,Y,Yes,15,3,2,80,0,13,5,2,12,5,7,6
57,No,Travel_Rarely,667,Sales,5,2,Marketing,1,1354,1,Male,64,2,4,Human Resources,4,Single,14077,8277,1,Y,No,14,4,2,80,3,14,4,2,11,7,5,2
27,No,Travel_Rarely,248,Research & Development,5,3,Medical,1,1355,4,Male,78,1,3,Research Scientist,4,Married,7899,19752,0,Y,No,21,3,3,80,0,0,6,4,0,0,0,0
39,No,Travel_Rarely,636,Research & Development,12,5,Life Sciences,1,1356,1,Male,67,2,2,Sales Executive,1,Single,4722,24074,2,Y,Yes,23,4,3,80,3,15,6,4,8,4,4,6
32,No,Travel_Rarely,1179,Human Resources,22,2,Other,1,1357,1,Male,70,1,3,Research Scientist,2,Married,10130,18672,1,Y,No,17,3,4,80,2,9,0,1,9,8,2,5
23,No,Non-Travel,1415,Research & Development,1,5,Medical,1,1358,2,Male,70,3,1,Sales Executive,4,Divorced,3558,11977,1,Y,Yes,17,3,4,80,2,4,3,4,2,1,0,2
22,Yes,Travel_Rarely,741,Research & Development,20,3,Medical,1,1359,1,Male,31,1,1,Human Resources,3,Single,3721,18028,1,Y,No,20,4,1,80,0,6,6,1,5,4,2,3
33,No,Travel_Rarely,363,Research & Development,18,5,Life Sciences,1,1360,1,Female,67,3,3,Manager,1,Single,9568,7111,3,Y,No,20,3,2,80,2,15,2,4,12,5,6,8
21,No,Travel_Rarely,643,Sales,11,2,Life Sciences,1,1361,4,Male,40,2,1,Sales Representative,4,Divorced,3410,4201,3,Y,No,12,3,3,80,2,8,0,2,2,1,1,1
20,No,Travel_Rarely,502,Research & Development,13,5,Medical,1,1362,2,Female,61,2,3,Manager,4,Married,7227,11280,2,Y,No,24,4,1,80,1,6,0,2,3,2,1,1
33,No,Travel_Rarely,270,Research & Development,25,4,Medical,1,1363,2,Male,68,1,2,Research Scientist,2,Divorced,3614,17384,1,Y,Yes,16,3,3,80,2,5,5,3,1,1,0,1
26,No,Travel_Rarely,1208,Human Resources,7,4,Medical,1,1364,4,Male,80,2,2,Sales Executive,2,Single,7348,11636,0,Y,No,19,3,1,80,3,2,6,2,0,0,0,0
41,No,Travel_Frequently,1123,Research & Development,3,3,Marketing,1,1365,4,Male,90,1,4,Laboratory Technician,2,Married,14250,4879,1,Y,No,11,3,2,80,0,3,4,1,3,2,1,2
18,No,Travel_Rarely,515,Sales,18,3,Life Sciences,1,1366,2,Male,41,1,1,Sales Representative,3,Divorced,3095,13402,1,Y,Yes,20,3,4,80,1,4,0,1,2,1,0,1
30,No,Travel_Rarely,780,Research & Development,17,3,Medical,1,1367,2,Female,71,2,1,Research Scientist,4,Single,5165,23766,3,Y,Yes,12,3,3,80,1,11,2,3,10,3,1,5
37,No,Travel_Rarely,772,Research & Development,1,5,Marketing,1,1368,2,Male,85,3,2,Sales Executive,3,Divorced,4223,13301,0,Y,No,11,3,3,80,0,14,2,3,10,2,2,2
59,No,Travel_Rarely,703,Sales,29,4,Marketing,1,1369,2,Female,53,2,5,Healthcare Representative,4,Married,15972,13546,5,Y,No,25,3,1,80,1,22,6,2,12,5,6,5
45,No,Travel_Rarely,1166,Research & Development,16,1,Marketing,1,1370,1,Male,32,1,2,Sales Executive,1,Divorced,3326,9517,2,Y,No,12,3,4,80,0,13,3,2,5,1,3,3
55,No,Travel_Frequently,1077,Sales,6,4,Technical Degree,1,1371,4,Male,95,3,5,Manufacturing Director,4,Single,18363,13961,0,Y,No,22,3,2,80,0,16,1,2,9,5,2,7
32,No,Travel_Rarely,108,Sales,17,5,Life Sciences,1,1372,3,Female,89,2,3,Sales Executive,4,Married,8641,9552,1,Y,No,19,3,4,80,3,5,3,4,4,2,1,3
37,No,Non-Travel,415,Research & Development,15,4,Medical,1,1373,3,Female,80,3,4,Laboratory Technician,2,Single,15670,25932,0,Y,Yes,14,4,4,80,1,9,5,1,1,1,0,1
36,No,Travel_Rarely,1438,Sales,8,3,Other,1,1374,2,Female,83,4,3,Laboratory Technician,1,Divorced,9512,22011,1,Y,Yes,16,4,4,80,1,6,4,3,6,4,3,3
56,Yes,Travel_Rarely,679,Research & Development,13,2,Medical,1,1375,3,Female,51,1,5,Research Director,1,Single,15926,19565,9,Y,Yes,13,4,1,80,2,25,2,2,22,8,7,4
59,No,Travel_Rarely,748,Sales,13,4,Life Sciences,1,1376,1,Female,86,4,5,Manager,4,Single,19999,18606,1,Y,No,20,4,4,80,3,15,5,1,8,5,3,3
59,No,Travel_Rarely,1165,Research & Development,12,4,Other,1,1377,1,Male,100,4,5,Sales Executive,1,Divorced,18507,10193,2,Y,Yes,23,3,3,80,3,19,2,1,18,16,1,15
50,No,Travel_Frequently,1162,Sales,11,2,Life Sciences,1,1378,4,Male,51,3,4,Sales Representative,1,Single,15473,19014,0,Y,No,16,3,2,80,2,9,0,2,6,3,1,4
39,Yes,Travel_Rarely,892,Research & Development,15,3,Life Sciences,1,1379,1,Female,63,1,2,Sales Representative,1,Married,6155,26038,3,Y,Yes,24,3,4,80,1,12,6,1,8,6,4,4
41,Yes,Travel_Rarely,1388,Sales,14,2,Life Sciences,1,1380,4,Male,90,1,3,Healthcare Representative,1,Single,8506,6838,0,Y,No,13,3,3,80,1,12,5,3,7,3,2,5
60,Yes,Travel_Rarely,925,Research & Development,8,1,Medical,1,1381,2,Male,45,1,5,Human Resources,4,Married,18716,23527,5,Y,No,25,4,3,80,2,19,5,2,15,10,2,2
30,No,Travel_Frequently,1326,Research & Development,5,1,Life Sciences,1,1382,3,Female,79,3,2,Sales Representative,1,Single,4165,26796,0,Y,Yes,22,3,4,80,3,4,6,4,0,0,0,0
32,No,Travel_Rarely,737,Sales,13,1,Medical,1,1383,3,Female,32,3,1,Sales Executive,4,Married,1455,3640,0,Y,No,11,3,3,80,3,8,4,1,8,5,1,5
56,No,Travel_Frequently,409,Research & Development,20,3,Human Resources,1,1384,3,Female,98,2,4,Laboratory Technician,2,Married,13801,4258,4,Y,No,23,3,3,80,3,17,0,2,7,6,1,1
34,No,Travel_Rarely,257,Research & Development,13,3,Medical,1,1385,4,Female,35,2,2,Research Scientist,3,Married,3834,14212,4,Y,No,11,3,4,80,2,8,5,2,2,1,0,1
28,No,Travel_Frequently,877,Research & Development,7,3,Medical,1,1386,2,Male,31,1,2,Laboratory Technician,3,Single,7477,19092,0,Y,Yes,25,3,4,80,0,13,0,3,13,9,5,3
42,No,Travel_Rarely,1347,Research & Development,2,5,Technical Degree,1,1387,4,Male,59,4,4,Human Resources,4,Single,14116,15077,1,Y,Yes,21,3,3,80,1,13,4,2,7,6,1,4
31,No,Travel_Rarely,675,Sales,29,2,Marketing,1,1388,2,Female,86,4,2,Healthcare Representative,3,Married,8011,20608,1,Y,No,14,3,4,80,0,9,6,1,0,0,0,0
56,No,Non-Travel,1117,Research & Development,16,2,Life Sciences,1,1389,4,Male,44,1,4,Research Scientist,1,Single,13477,22581,0,Y,No,24,4,4,80,1,17,2,2,17,4,5,5
57,No,Travel_Rarely,845,Research & Development,15,2,Life Sciences,1,1390,2,Female,74,2,3,Human Resources,4,Single,7791,8748,3,Y,No,15,3,3,80,2,16,2,4,3,1,1,2
31,No,Travel_Rarely,1228,Sales,8,2,Medical,1,1391,4,Male,54,4,3,Manager,1,Married,9209,15069,0,Y,No,12,3,1,80,2,7,6,4,6,5,2,3
40,No,Travel_Rarely,1191,Research & Development,2,3,Technical Degree,1,1392,4,Male,100,2,2,Research Scientist,3,Married,5189,4013,0,Y,No,15,3,3,80,0,20,3,3,14,10,7,3
60,No,Travel_Rarely,1076,Research & Development,7,2,Medical,1,1393,3,Female,63,3,5,Human Resources,4,Married,19999,5039,6,Y,Yes,23,3,2,80,2,19,6,4,6,5,1,4
49,No,Travel_Rarely,597,Research & Development,29,2,Life Sciences,1,1394,4,Female,61,3,5,Research Scientist,3,Married,19999,20459,1,Y,No,24,3,3,80,1,17,2,4,10,4,4,3
27,No,Travel_Rarely,677,Research & Development,4,4,Marketing,1,1395,3,Male,31,3,1,Laboratory Technician,2,Divorced,4319,24429,1,Y,Yes,24,3,2,80,2,3,1,4,3,2,1,2
43,No,Travel_Frequently,768,Research & Development,2,5,Medical,1,1396,3,Male,49,4,4,Laboratory Technician,2,Married,15637,16179,0,Y,Yes,19,3,2,80,3,3,3,2,3,2,0,2
44,No,Travel_Frequently,1250,Sales,29,2,Medical,1,1397,2,Female,31,2,4,Human Resources,4,Divorced,14981,20252,1,Y,Yes,13,3,4,80,1,10,2,2,9,7,1,2
46,No,Travel_Rarely,951,Research & Development,6,1,Technical Degree,1,1398,2,Female,92,4,4,Research Scientist,3,Married,13341,26142,3,Y,No,24,4,1,80,0,22,4,4,15,10,6,13
19,No,Travel_Rarely,341,Sales,10,2,Marketing,1,1399,1,Female,63,2,1,Research Scientist,4,Single,4368,4032,0,Y,No,18,3,1,80,3,4,2,4,0,0,0,0
30,No,Travel_Frequently,479,Research & Development,16,3,Medical,1,1400,3,Male,53,1,1,Healthcare Representative,4,Divorced,3837,20217,3,Y,No,24,4,3,80,1,13,5,3,6,4,3,2
54,No,Travel_Rarely,537,Research & Development,29,5,Medical,1,1401,3,Male,47,1,3,Research Director,3,Divorced,7759,17618,2,Y,No,12,3,3,80,0,16,2,1,11,7,1,5
28,Yes,Travel_Rarely,949,Research & Development,29,1,Medical,1,1402,3,Male,79,3,2,Sales Executive,2,Married,4911,25247,0,Y,Yes,14,4,4,80,1,0,2,1,0,0,0,0
30,No,Travel_Rarely,1171,Sales,11,1,Medical,1,1403,3,Male,75,3,2,Sales Executive,3,Single,5390,9601,0,Y,Yes,14,4,1,80,1,3,4,2,0,0,0,0
31,No,Travel_Rarely,310,Sales,7,3,Medical,1,1404,1,Male,53,4,1,Human Resources,2,Single,4334,17891,0,Y,No,17,3,4,80,1,9,1,3,3,2,1,1
25,No,Travel_Rarely,1111,Research & Development,4,5,Medical,1,1405,4,Male,50,1,1,Sales Representative,1,Married,3140,23074,0,Y,No,23,3,4,80,3,5,1,3,5,1,2,3
24,No,Travel_Frequently,970,Research & Development,16,3,Medical,1,1406,2,Female,97,3,2,Research Scientist,2,Married,5493,14496,2,Y,Yes,17,3,1,80,1,4,3,2,3,1,0,2
32,No,Non-Travel,390,Research & Development,13,5,Medical,1,1407,3,Male,34,1,2,Research Scientist,2,Married,5309,8821,1,Y,No,20,3,4,80,1,6,2,4,2,1,0,1
55,No,Travel_Rarely,302,Research & Development,2,4,Life Sciences,1,1408,1,Female,67,1,4,Laboratory Technician,1,Married,13576,25622,1,Y,No,18,4,4,80,1,21,2,4,6,5,2,3
18,No,Travel_Rarely,307,Research & Development,10,1,Medical,1,1409,3,Female,98,3,1,Healthcare Representative,2,Married,1603,5995,0,Y,Yes,25,3,1,80,2,0,2,1,0,0,0,0
30,No,Travel_Rarely,1185,Sales,13,3,Medical,1,1410,2,Male,52,3,1,Manufacturing Director,3,Single,3954,22487,0,Y,No,25,4,1,80,3,8,4,4,6,2,2,2
20,No,Travel_Rarely,430,Research & Development,17,4,Life Sciences,1,1411,4,Male,34,3,1,Sales Representative,1,Single,1779,22970,1,Y,No,24,3,3,80,2,3,2,1,2,0,0,1
42,No,Travel_Frequently,373,Sales,5,3,Life Sciences,1,1412,4,Male,88,4,3,Sales Executive,1,Single,8581,2967,2,Y,No,13,3,3,80,3,11,4,2,5,2,0,2
28,Yes,Travel_Rarely,685,Research & Development,13,1,Life Sciences,1,1413,4,Male,94,4,2,Sales Representative,4,Divorced,5009,10853,0,Y,Yes,23,3,4,80,1,3,1,4,2,1,0,1
52,No,Non-Travel,1004,Sales,4,1,Other,1,1414,2,Male,34,1,5,Sales Executive,4,Married,19920,16614,0,Y,Yes,22,3,4,80,2,15,6,2,4,3,1,1
43,No,Travel_Rarely,720,Sales,16,4,Technical Degree,1,1415,3,Male,56,1,3,Research Director,2,Divorced,8090,4628,1,Y,No,16,3,1,80,2,19,6,3,12,6,2,7
51,No,Travel_Rarely,913,Research & Development,10,3,Medical,1,1416,3,Female,36,3,5,Sales Executive,1,Married,17793,5815,7,Y,No,14,3,4,80,3,20,0,4,16,4,4,9
45,No,Travel_Rarely,614,Research & Development,29,3,Life Sciences,1,1417,2,Female,93,4,3,Sales Executive,2,Married,9687,10331,4,Y,Yes,25,3,4,80,1,17,0,2,15,12,4,7
36,No,Travel_Rarely,696,Sales,6,2,Marketing,1,1418,2,Male,89,3,2,Sales Executive,1,Married,4509,25703,1,Y,No,22,3,3,80,0,7,0,4,3,1,1,2
55,No,Travel_Frequently,919,Sales,8,2,Medical,1,1419,3,Female,87,1,5,Research Scientist,4,Divorced,19186,12752,1,Y,No,14,3,2,80,3,13,1,3,11,2,1,7
38,No,Travel_Rarely,1003,Research & Development,2,4,Other,1,1420,1,Male,52,3,3,Laboratory Technician,1,Divorced,10029,18926,1,Y,Yes,14,4,3,80,2,14,5,3,13,7,3,2
58,No,Travel_Rarely,1132,Research & Development,12,1,Life Sciences,1,1421,2,Female,80,2,5,Healthcare Representative,3,Married,18124,17175,0,Y,Yes,19,4,3,80,0,23,1,1,18,4,3,7
60,No,Travel_Rarely,1284,Sales,9,3,Life Sciences,1,1422,3,Female,42,1,4,Human Resources,2,Single,13876,13334,4,Y,No,18,3,2,80,3,21,4,3,13,4,2,4
43,No,Travel_Rarely,561,Research & Development,12,2,Medical,1,1423,4,Male,40,3,5,Laboratory Technician,2,Married,18483,4228,2,Y,No,23,3,1,80,1,11,1,2,8,7,4,6
47,Yes,Travel_Frequently,269,Sales,11,4,Life Sciences,1,1424,3,Female,71,2,4,Manufacturing Director,4,Single,14158,25999,1,Y,Yes,21,4,3,80,2,9,0,2,3,2,1,1
28,Yes,Travel_Rarely,231,Research & Development,29,4,Medical,1,1425,3,Male,98,4,2,Research Scientist,2,Single,5418,15470,0,Y,No,23,3,2,80,1,9,0,4,7,5,1,3
53,No,Travel_Rarely,1046,Research & Development,17,3,Marketing,1,1426,4,Male,48,3,4,Sales Representative,4,Married,15104,10470,3,Y,No,17,3,1,80,3,21,6,2,19,13,9,10
46,No,Travel_Rarely,703,Sales,21,2,Life Sciences,1,1427,1,Female,63,2,4,Sales Executive,4,Divorced,13255,13123,4,Y,No,25,4,2,80,1,12,3,2,12,3,3,6
56,No,Travel_Rarely,674,Sales,13,2,Medical,1,1428,3,Male,100,1,4,Research Scientist,2,Single,15529,13155,4,Y,Yes,25,3,1,80,2,16,4,4,11,9,2,8
29,No,Travel_Rarely,1126,Sales,14,2,Medical,1,1429,3,Male,60,2,4,Sales Executive,2,Single,15926,26475,0,Y,No,25,3,2,80,2,11,1,2,5,3,2,2
51,No,Travel_Rarely,1043,Sales,12,2,Technical Degree,1,1430,4,Male,88,2,4,Sales Executive,1,Divorced,14308,12032,3,Y,No,21,3,4,80,3,14,3,3,5,1,2,2
38,No,Travel_Rarely,1379,Research & Development,13,4,Medical,1,1431,3,Male,78,3,4,Manufacturing Director,4,Single,13052,26631,2,Y,No,16,3,3,80,2,17,4,3,11,5,6,6
25,No,Travel_Rarely,1324,Research & Development,7,1,Life Sciences,1,1432,1,Male,93,2,2,Sales Executive,3,Single,5451,5378,1,Y,Yes,13,3,1,80,0,4,5,1,1,1,0,1
25,No,Travel_Rarely,1149,Research & Development,20,1,Medical,1,1433,1,Male,53,1,3,Sales Executive,2,Married,8350,7093,0,Y,No,19,3,2,80,3,3,4,3,3,1,1,3
42,No,Non-Travel,1014,Research & Development,29,3,Medical,1,1434,3,Female,89,1,3,Sales Representative,3,Divorced,10627,5826,0,Y,No,16,4,3,80,0,12,4,2,11,4,1,6
31,No,Travel_Rarely,1355,Research & Development,13,2,Marketing,1,1435,2,Male,88,2,2,Sales Executive,2,Married,5376,25672,1,Y,No,13,4,4,80,2,6,4,3,6,3,2,3
22,No,Travel_Rarely,325,Research & Development,5,5,Medical,1,1436,2,Male,92,3,2,Healthcare Representative,3,Married,7159,16813,2,Y,Yes,15,3,2,80,1,7,2,2,3,2,0,1
36,No,Travel_Rarely,1436,Research & Development,24,4,Life Sciences,1,1437,2,Male,94,2,3,Research Scientist,4,Married,8634,14317,4,Y,No,23,3,4,80,1,13,4,1,10,2,3,8
46,No,Travel_Rarely,683,Sales,29,4,Marketing,1,1438,3,Male,53,4,4,Human Resources,2,Single,14055,3825,1,Y,No,15,4,1,80,3,18,2,1,15,9,8,9
31,No,Travel_Frequently,448,Sales,8,3,Medical,1,1439,2,Male,88,1,2,Manager,3,Married,5075,6239,1,Y,No,12,3,4,80,0,8,5,3,3,1,0,1
59,No,Travel_Rarely,869,Research & Development,4,3,Life Sciences,1,1440,3,Male,77,2,5,Sales Executive,3,Divorced,18687,25282,3,Y,No,14,3,1,80,0,18,3,4,15,9,7,7
51,No,Travel_Rarely,1350,Sales,19,3,Medical,1,1441,2,Male,36,2,5,Human Resources,1,Married,19999,26090,1,Y,No,13,3,3,80,3,16,4,2,8,3,3,4
40,No,Non-Travel,279,Research & Development,13,1,Human Resources,1,1442,1,Female,94,2,3,Laboratory Technician,1,Single,7623,10253,0,Y,No,13,3,1,80,1,10,3,1,10,5,1,3
58,No,Travel_Frequently,344,Research & Development,18,3,Medical,1,1443,3,Female,81,4,5,Research Scientist,2,Single,19999,19800,2,Y,No,17,3,4,80,1,25,3,4,9,6,4,6
36,No,Travel_Frequently,1001,Research & Development,12,5,Life Sciences,1,1444,3,Male,78,2,2,Healthcare Representative,2,Single,7229,10087,1,Y,No,24,3,1,80,3,13,4,2,4,3,1,2
24,No,Travel_Rarely,1036,Sales,10,2,Medical,1,1445,1,Male,34,1,2,Manager,1,Single,4790,26098,0,Y,No,16,3,2,80,2,4,1,2,0,0,0,0
19,No,Travel_Rarely,1098,Research & Development,6,1,Life Sciences,1,1446,3,Male,100,3,1,Research Scientist,4,Single,4450,5572,2,Y,No,25,3,3,80,2,0,3,4,0,0,0,0
58,No,Travel_Rarely,1356,Research & Development,16,3,Medical,1,1447,1,Female,98,3,4,Research Scientist,3,Divorced,15258,4346,6,Y,No,24,3,1,80,0,25,2,1,9,7,1,7
59,No,Travel_Rarely,1167,Research & Development,4,2,Medical,1,1448,2,Male,91,2,5,Sales Executive,1,Single,19999,10834,4,Y,No,13,3,3,80,1,20,0,1,5,2,1,2
49,Yes,Travel_Rarely,1236,Research & Development,20,4,Life Sciences,1,1449,1,Male,53,2,4,Manufacturing Director,4,Married,13237,6530,4,Y,Yes,20,3,2,80,2,15,5,1,14,8,5,6
22,No,Travel_Frequently,269,Sales,19,5,Life Sciences,1,1450,3,Male,35,4,1,Human Resources,2,Married,2857,19307,3,Y,No,22,4,2,80,0,9,4,2,7,4,3,5
30,No,Travel_Rarely,600,Research & Development,16,5,Human Resources,1,1451,4,Male,82,2,3,Laboratory Technician,4,Divorced,8355,24932,0,Y,No,21,3,2,80,2,5,0,4,0,0,0,0
19,No,Travel_Rarely,1087,Human Resources,28,2,Life Sciences,1,1452,4,Male,65,3,2,Human Resources,1,Divorced,8009,25936,0,Y,Yes,14,3,4,80,3,1,0,3,1,1,0,1
20,No,Travel_Rarely,1247,Research & Development,9,5,Marketing,1,1453,1,Male,47,4,1,Sales Executive,1,Married,2988,26558,0,Y,No,21,3,2,80,1,2,6,4,2,2,1,1
28,Yes,Travel_Rarely,613,Research & Development,9,1,Medical,1,1454,1,Male,49,2,1,Sales Representative,1,Single,2780,6890,0,Y,No,18,3,4,80,3,1,5,2,0,0,0,0
42,No,Travel_Rarely,914,Research & Development,9,2,Medical,1,1455,4,Male,77,3,3,Human Resources,2,Married,7122,3381,2,Y,Yes,14,4,1,80,3,13,5,2,9,5,4,5
20,No,Travel_Frequently,397,Research & Development,14,2,Life Sciences,1,1456,3,Male,92,2,3,Manager,4,Single,7334,6517,0,Y,No,13,3,3,80,2,0,4,2,0,0,0,0
60,No,Travel_Rarely,1311,Sales,11,5,Life Sciences,1,1457,2,Male,71,3,4,Sales Executive,3,Single,13179,20981,2,Y,No,16,3,2,80,1,18,5,1,15,9,3,10
37,No,Travel_Frequently,834,Research & Development,8,4,Life Sciences,1,1458,4,Female,96,3,3,Research Scientist,1,Single,8934,5556,3,Y,Yes,15,3,3,80,0,8,4,3,8,2,2,1
29,No,Travel_Rarely,235,Sales,9,2,Medical,1,1459,1,Female,70,4,2,Sales Executive,2,Divorced,3791,19123,0,Y,Yes,19,3,4,80,2,4,0,2,4,2,2,1
40,No,Travel_Rarely,902,Research & Development,15,1,Other,1,1460,1,Male,70,2,3,Healthcare Representative,2,Single,7701,16389,0,Y,No,17,4,3,80,2,8,3,4,4,2,2,1
51,No,Travel_Rarely,471,Research & Development,26,4,Technical Degree,1,1461,2,Male,55,1,3,Human Resources,3,Married,6267,21769,4,Y,No,12,4,2,80,2,17,2,3,15,10,8,3
31,No,Travel_Frequently,740,Research & Development,7,4,Life Sciences,1,1462,2,Male,34,2,2,Research Scientist,4,Married,7182,5006,2,Y,No,21,3,1,80,1,7,1,4,6,4,2,1
20,Yes,Travel_Rarely,586,Research & Development,1,5,Life Sciences,1,1463,1,Female,48,3,1,Sales Executive,1,Married,3128,13030,1,Y,No,11,3,4,80,0,3,6,1,1,1,0,0
20,No,Travel_Rarely,1276,Human Resources,19,3,Life Sciences,1,1464,3,Male,54,2,1,Research Scientist,1,Single,3372,4288,1,Y,No,18,3,2,80,3,11,4,1,11,4,3,3
54,No,Travel_Rarely,1284,Sales,5,1,Other,1,1465,2,Female,74,4,5,Manufacturing Director,3,Divorced,17692,2648,1,Y,No,11,3,1,80,3,17,6,2,13,11,6,3
22,Yes,Travel_Frequently,319,Sales,26,2,Life Sciences,1,1466,3,Male,43,3,1,Manufacturing Director,1,Married,4394,20621,1,Y,No,23,3,2,80,3,5,0,3,0,0,0,0
45,No,Travel_Rarely,554,Sales,21,4,Life Sciences,1,1467,3,Male,66,4,3,Research Scientist,3,Married,10304,15849,7,Y,No,15,3,1,80,0,16,6,3,7,6,4,5
34,Yes,Travel_Frequently,670,Research & Development,22,2,Medical,1,1468,4,Male,67,3,3,Manager,2,Married,8580,21848,0,Y,No,12,4,3,80,3,8,4,3,7,5,4,2
51,No,Non-Travel,1296,Human Resources,12,1,Medical,1,1469,4,Male,66,2,4,Sales Executive,2,Divorced,13425,4049,2,Y,No,14,4,4,80,3,17,3,4,10,4,2,7
20,No,Travel_Frequently,475,Sales,25,5,Life Sciences,1,1470,3,Female,99,4,1,Healthcare Representative,1,Married,3663,9928,0,Y,No,19,3,2,80,1,2,1,2,0,0,0,0
56,No,Travel_Rarely,1081,Research & Development,16,3,Medical,1,1471,2,Male,43,1,5,Laboratory Technician,4,Married,19882,5502,0,Y,Yes,22,3,3,80,2,19,4,2,5,3,2,1
48,No,Travel_Rarely,170,Sales,15,2,Life Sciences,1,1472,3,Male,54,2,3,Sales Executive,1,Married,9544,16575,2,Y,No,12,4,4,80,0,13,4,2,5,4,1,2
37,No,Non-Travel,1442,Research & Development,13,3,Life Sciences,1,1473,2,Male,56,4,4,Healthcare Representative,1,Single,14797,16098,1,Y,Yes,15,3,4,80,2,8,4,2,4,1,0,2
26,No,Travel_Rarely,575,Sales,17,4,Life Sciences,1,1474,2,Male,82,4,2,Healthcare Representative,3,Single,6657,20582,0,Y,Yes,12,3,1,80,3,5,1,3,4,1,2,2
60,No,Travel_Rarely,477,Research & Development,3,1,Life Sciences,1,1475,2,Female,76,2,5,Laboratory Technician,1,Single,18169,4321,2,Y,No,14,3,1,80,0,13,4,4,6,2,1,4
30,No,Travel_Rarely,1105,Research & Development,8,3,Other,1,1476,1,Female,89,3,2,Sales Representative,1,Single,6594,3313,0,Y,Yes,15,3,2,80,2,12,0,2,3,2,0,1
39,Yes,Travel_Frequently,956,Research & Development,8,2,Medical,1,1477,1,Female,67,2,2,Laboratory Technician,1,Single,4955,23382,5,Y,No,19,3,2,80,1,19,0,2,13,6,4,4
34,No,Travel_Rarely,832,Sales,11,1,Marketing,1,1478,3,Female,88,3,1,Research Scientist,3,Divorced,1009,17901,0,Y,No,12,3,1,80,0,9,3,4,3,2,0,2
27,Yes,Travel_Rarely,1402,Research & Development,5,1,Life Sciences,1,1479,1,Female,31,2,1,Human Resources,4,Divorced,2444,5039,0,Y,No,20,3,1,80,0,8,0,2,1,0,0,0
35,No,Travel_Rarely,686,Human Resources,7,3,Medical,1,1480,1,Male,40,3,3,Human Resources,4,Divorced,7835,9221,2,Y,No,22,3,4,80,3,13,4,1,3,1,1,2
24,No,Travel_Frequently,855,Research & Development,4,3,Other,1,1481,3,Male,73,3,1,Sales Executive,4,Married,3289,12278,0,Y,No,25,3,1,80,0,0,3,2,0,0,0,0
18,No,Travel_Rarely,765,Research & Development,7,3,Life Sciences,1,1482,4,Female,46,4,1,Human Resources,1,Married,4006,12283,1,Y,No,18,3,2,80,0,5,1,1,2,1,1,1
30,No,Travel_Frequently,343,Research & Development,6,4,Other,1,1483,1,Female,50,1,1,Sales Representative,1,Single,3231,20354,0,Y,No,18,3,1,80,3,5,1,2,5,2,1,2
22,No,Travel_Frequently,538,Sales,7,3,Medical,1,1484,1,Female,45,3,1,Sales Executive,1,Married,5410,10965,1,Y,Yes,20,3,3,80,2,11,3,4,4,3,2,2
35,Yes,Non-Travel,944,Research & Development,21,3,Marketing,1,1485,2,Male,39,1,2,Laboratory Technician,1,Single,4870,16957,1,Y,No,25,4,3,80,1,8,4,4,4,4,1,2
55,No,Travel_Frequently,272,Sales,11,5,Life Sciences,1,1486,1,Female,51,1,4,Sales Executive,1,Married,11615,19984,3,Y,Yes,11,3,3,80,2,21,5,4,11,4,5,9
24,Yes,Travel_Rarely,1122,Research & Development,10,4,Medical,1,1487,4,Male,95,3,2,Manufacturing Director,3,Divorced,5834,4622,0,Y,No,13,3,2,80,1,4,4,2,1,0,0,0
18,No,Travel_Rarely,926,Sales,28,5,Medical,1,1488,4,Male,33,2,2,Human Resources,1,Divorced,4846,13768,0,Y,No,14,3,1,80,0,9,3,2,5,4,2,4
22,No,Travel_Rarely,1009,Sales,15,2,Other,1,1489,1,Female,100,3,3,Research Scientist,1,Single,7197,8442,1,Y,No,13,3,2,80,1,2,4,4,1,0,0,0
39,No,Non-Travel,1241,Research & Development,16,4,Technical Degree,1,1490,1,Male,68,4,2,Laboratory Technician,2,Married,5143,21023,2,Y,No,18,3,4,80,3,15,4,4,6,4,2,1
29,Yes,Travel_Rarely,777,Research & Development,13,4,Life Sciences,1,1491,3,Male,84,1,1,Research Scientist,4,Single,2060,5363,2,Y,Yes,11,4,1,80,2,9,2,1,3,2,0,2
39,No,Travel_Rarely,1204,Research & Development,22,3,Human Resources,1,1492,2,Male,82,2,3,Manufacturing Director,2,Single,7678,9939,1,Y,No,12,4,4,80,1,12,1,4,6,5,2,5
19,No,Travel_Frequently,1148,Human Resources,24,1,Technical Degree,1,1493,3,Female,34,1,1,Sales Representative,2,Single,4827,17537,1,Y,No,21,3,4,80,3,3,3,1,3,1,1,1
32,No,Travel_Rarely,427,Sales,15,3,Medical,1,1494,4,Male,48,4,3,Sales Executive,1,Single,8649,15574,1,Y,No,13,3,3,80,2,5,0,2,3,3,1,2
35,No,Travel_Frequently,480,Sales,21,5,Life Sciences,1,1495,2,Male,91,4,3,Manufacturing Director,3,Married,8182,3072,0,Y,No,15,3,4,80,0,0,1,3,0,0,0,0
36,No,Travel_Rarely,708,Research & Development,17,4,Life Sciences,1,1496,4,Male,75,4,4,Research Scientist,2,Married,15917,24682,1,Y,No,11,3,2,80,3,13,1,3,4,1,1,3
41,No,Travel_Rarely,235,Research & Development,15,1,Life Sciences,1,1497,2,Male,56,4,4,Manager,4,Single,13645,4017,3,Y,Yes,22,3,3,80,0,10,3,4,6,3,2,4
51,No,Travel_Rarely,873,Research & Development,9,2,Life Sciences,1,1498,1,Female,68,2,5,Manager,1,Divorced,17524,13004,2,Y,No,24,3,3,80,3,20,6,3,19,9,7,12
38,No,Travel_Rarely,1376,Research & Development,7,3,Other,1,1499,4,Male,60,2,3,Manager,4,Married,6908,3596,4,Y,No,21,3,3,80,0,12,6,2,8,3,3,5
54,No,Travel_Rarely,1223,Research & Development,3,5,Life Sciences,1,1500,2,Male,37,4,4,Research Scientist,3,Married,13904,16446,2,Y,No,17,3,3,80,1,22,0,2,8,7,2,4
40,No,Non-Travel,1120,Sales,29,3,Medical,1,1501,1,Female,96,3,3,Manufacturing Director,2,Married,6529,10929,0,Y,No,16,3,1,80,0,14,5,3,8,3,2,7
29,No,Travel_Rarely,376,Research & Development,22,5,Medical,1,1502,3,Male,47,2,1,Healthcare Representative,2,Married,1593,18792,1,Y,No,11,3,4,80,2,0,1,4,0,0,0,0
27,No,Travel_Rarely,1221,Research & Development,9,4,Medical,1,1503,3,Male,91,1,3,Manager,4,Married,8042,17713,0,Y,No,14,3,3,80,1,8,6,4,8,2,3,3
31,No,Travel_Frequently,286,Research & Development,3,2,Life Sciences,1,1504,2,Male,47,1,3,Manufacturing Director,3,Married,9858,24815,1,Y,No,17,4,1,80,2,6,1,4,6,4,3,5
43,No,Travel_Frequently,676,Sales,17,1,Medical,1,1505,1,Female,72,1,3,Research Director,1,Divorced,10050,3221,3,Y,No,11,3,3,80,0,17,0,3,5,4,1,3
28,No,Travel_Rarely,1403,Research & Development,9,5,Medical,1,1506,1,Female,64,3,3,Research Scientist,3,Single,9292,17936,1,Y,No,24,3,4,80,3,8,5,2,2,1,0,1
57,No,Non-Travel,1164,Research & Development,22,3,Medical,1,1507,4,Male,92,2,4,Sales Executive,3,Married,13995,10567,2,Y,No,20,3,1,80,1,21,5,4,9,6,4,6
38,Yes,Travel_Rarely,305,Sales,5,5,Life Sciences,1,1508,1,Male,74,4,2,Human Resources,2,Single,4816,17345,1,Y,Yes,13,3,4,80,1,10,2,1,10,2,4,4
55,No,Travel_Rarely,831,Research & Development,8,5,Marketing,1,1509,2,Male,72,4,5,Sales Executive,3,Divorced,19466,26047,5,Y,No,24,3,2,80,0,15,3,4,7,5,0,3
47,No,Travel_Rarely,1483,Research & Development,10,3,Life Sciences,1,1510,4,Male,51,2,3,Human Resources,3,Single,10638,22852,5,Y,Yes,14,3,2,80,1,13,5,4,7,3,2,2
32,Yes,Travel_Frequently,725,Research & Development,19,1,Medical,1,1511,2,Male,91,2,2,Healthcare Representative,2,Single,5670,26330,0,Y,No,20,3,2,80,2,2,5,3,2,1,0,1
27,No,Travel_Rarely,938,Research & Development,7,5,Medical,1,1512,2,Male,39,1,2,Human Resources,1,Divorced,4946,26795,0,Y,Yes,25,3,3,80,0,3,2,3,3,2,1,2
49,Yes,Travel_Rarely,636,Research & Development,17,3,Life Sciences,1,1513,4,Female,65,2,4,Manufacturing Director,1,Married,13811,21488,1,Y,Yes,16,3,1,80,2,10,5,3,7,6,1,5
32,Yes,Travel_Frequently,799,Sales,3,1,Marketing,1,1514,4,Female,49,3,3,Sales Representative,3,Single,8180,24481,0,Y,Yes,23,4,2,80,3,3,5,1,0,0,0,0
28,Yes,Travel_Rarely,826,Sales,11,3,Life Sciences,1,1515,3,Female,62,4,2,Manager,4,Single,6159,19186,0,Y,No,24,3,4,80,3,6,5,1,0,0,0,0
58,No,Travel_Rarely,365,Research & Development,29,1,Human Resources,1,1516,1,Male,32,3,5,Laboratory Technician,2,Married,18084,5204,1,Y,Yes,19,3,1,80,3,21,6,3,8,4,4,3
38,No,Travel_Frequently,1418,Research & Development,29,2,Technical Degree,1,1517,2,Female,79,4,2,Research Scientist,2,Divorced,5987,24355,2,Y,Yes,20,4,2,80,3,10,5,1,2,0,1,1
20,No,Travel_Rarely,1304,Sales,25,2,Life Sciences,1,1518,3,Female,83,3,1,Sales Executive,3,Married,3682,18940,1,Y,No,13,3,3,80,1,1,3,3,0,0,0,0
39,No,Travel_Rarely,241,Research & Development,2,3,Life Sciences,1,1519,4,Male,79,3,2,Research Scientist,4,Single,5913,23624,1,Y,No,23,4,2,80,0,8,2,2,8,5,3,5
37,No,Travel_Rarely,342,Sales,11,3,Life Sciences,1,1520,3,Female,79,2,4,Human Resources,3,Married,12697,10277,0,Y,Yes,14,4,1,80,2,9,6,1,5,3,2,4
55,No,Non-Travel,1002,Sales,12,5,Technical Degree,1,1521,3,Female,32,2,3,Research Scientist,3,Married,8321,16695,2,Y,No,15,3,3,80,2,15,3,3,13,8,6,8
48,Yes,Travel_Rarely,662,Research & Development,23,2,Medical,1,1522,2,Male,77,2,3,Manager,3,Single,7868,12416,2,Y,Yes,23,3,1,80,1,15,6,2,14,6,4,5
26,Yes,Travel_Rarely,1051,Research & Development,13,4,Life Sciences,1,1523,2,Female,53,4,1,Laboratory Technician,1,Divorced,2911,2388,2,Y,No,14,4,2,80,0,0,6,2,0,0,0,0
24,No,Travel_Rarely,169,Research & Development,5,5,Medical,1,1524,3,Male,73,3,1,Research Scientist,3,Single,2200,18166,1,Y,No,21,3,3,80,0,7,0,4,2,1,1,2
43,Yes,Travel_Rarely,1151,Research & Development,25,4,Life Sciences,1,1525,3,Male,75,1,3,Human Resources,4,Divorced,9992,9642,2,Y,No,16,3,3,80,2,11,0,3,3,2,0,1
20,Yes,Non-Travel,133,Research & Development,29,2,Medical,1,1526,1,Female,51,1,1,Sales Executive,1,Divorced,3224,5708,0,Y,Yes,16,3,4,80,0,4,3,4,4,4,2,3
31,Yes,Travel_Rarely,377,Research & Development,20,4,Medical,1,1527,2,Male,39,1,3,Manufacturing Director,1,Single,6558,7345,1,Y,Yes,24,4,4,80,2,10,0,2,4,2,1,1
23,No,Travel_Rarely,1121,Research & Development,7,2,Life Sciences,1,1528,4,Male,38,4,2,Laboratory Technician,2,Married,3904,19345,1,Y,No,11,3,1,80,3,5,4,2,4,3,1,2
18,No,Travel_Rarely,587,Sales,29,3,Marketing,1,1529,3,Male,61,1,1,Sales Executive,4,Married,4446,19850,0,Y,Yes,22,3,2,80,3,4,0,3,4,3,2,3
57,No,Travel_Rarely,392,Research & Development,22,4,Life Sciences,1,1530,3,Male,72,1,4,Sales Executive,1,Married,13784,9403,2,Y,No,13,3,1,80,1,12,5,1,8,3,3,6
21,No,Travel_Rarely,1335,Research & Development,19,2,Medical,1,1531,4,Male,30,2,2,Manager,3,Married,5032,10583,0,Y,Yes,23,3,4,80,0,1,2,4,1,0,0,0
18,No,Non-Travel,941,Research & Development,29,1,Medical,1,1532,2,Male,82,2,2,Sales Executive,1,Single,6854,22497,1,Y,No,21,3,1,80,2,5,4,2,4,1,1,1
58,No,Travel_Rarely,504,Research & Development,22,5,Other,1,1533,1,Male,47,4,4,Sales Representative,1,Single,13818,13903,3,Y,No,20,3,4,80,2,21,3,2,6,5,1,1
26,No,Travel_Rarely,1112,Research & Development,11,4,Medical,1,1534,3,Female,87,4,1,Healthcare Representative,1,Married,1566,11351,1,Y,Yes,20,3,1,80,3,12,4,3,8,2,1,2
53,No,Travel_Rarely,288,Research & Development,29,1,Technical Degree,1,1535,2,Male,79,1,5,Sales Executive,3,Single,17647,23392,2,Y,Yes,11,3,1,80,0,23,4,1,9,5,3,7
19,No,Travel_Rarely,789,Sales,6,2,Life Sciences,1,1536,4,Male,81,3,1,Research Scientist,3,Single,3753,3338,0,Y,No,16,3,4,80,0,3,2,2,3,1,1,1
24,No,Travel_Rarely,366,Research & Development,7,2,Technical Degree,1,1537,1,Male,44,4,1,Sales Executive,2,Married,5435,18994,1,Y,No,21,3,1,80,0,3,5,1,0,0,0,0
22,No,Travel_Rarely,1019,Research & Development,8,5,Life Sciences,1,1538,2,Female,76,4,2,Sales Representative,3,Single,6507,17006,0,Y,No,19,3,2,80,2,0,5,3,0,0,0,0
48,Yes,Travel_Rarely,482,Sales,13,5,Medical,1,1539,1,Female,78,2,3,Manufacturing Director,4,Divorced,8042,11995,2,Y,No,13,4,3,80,0,13,2,3,10,9,5,7
44,No,Travel_Frequently,438,Research & Development,15,4,Life Sciences,1,1540,2,Male,88,1,4,Sales Executive,4,Divorced,13728,20767,3,Y,No,22,3,3,80,3,12,0,1,5,2,2,2
38,No,Travel_Frequently,459,Sales,10,3,Other,1,1541,3,Male,70,4,3,Manufacturing Director,3,Divorced,8558,9061,0,Y,Yes,15,3,4,80,1,8,3,1,1,1,0,1
28,No,Travel_Rarely,1244,Sales,11,1,Other,1,1542,4,Male,84,2,1,Laboratory Technician,3,Single,1009,17453,3,Y,No,20,4,2,80,3,3,4,4,3,2,2,1
21,No,Non-Travel,1312,Human Resources,15,2,Medical,1,1543,4,Female,62,1,1,Healthcare Representative,1,Married,3028,8504,1,Y,No,20,3,3,80,1,4,5,2,3,1,1,1
42,No,Travel_Rarely,390,Research & Development,6,1,Medical,1,1544,1,Female,97,3,3,Sales Executive,3,Divorced,9201,21489,4,Y,Yes,14,3,4,80,0,18,1,4,14,10,3,11
27,No,Travel_Rarely,321,Research & Development,18,4,Medical,1,1545,4,Male,80,4,2,Sales Executive,3,Married,7628,12494,1,Y,No,11,3,1,80,0,9,3,3,8,5,2,2
43,No,Travel_Frequently,927,Sales,1,1,Life Sciences,1,1546,3,Female,30,4,3,Research Scientist,4,Married,9809,22120,0,Y,No,25,3,2,80,0,12,5,4,5,1,2,4
47,No,Travel_Rarely,999,Human Resources,12,4,Medical,1,1547,1,Male,86,4,3,Manager,3,Married,10816,16553,2,Y,No,22,4,2,80,3,18,3,2,14,10,3,8
54,No,Travel_Rarely,1269,Sales,8,5,Medical,1,1548,1,Female,40,3,3,Healthcare Representative,1,Married,10517,3146,1,Y,Yes,11,4,4,80,3,19,5,2,16,10,3,13
39,No,Travel_Frequently,1250,Research & Development,29,2,Medical,1,1549,4,Female,34,4,3,Research Scientist,3,Single,10174,17428,3,Y,No,13,3,3,80,2,11,4,3,0,0,0,0
18,Yes,Travel_Rarely,1210,Sales,10,4,Life Sciences,1,1550,3,Female,71,1,1,Sales Executive,3,Married,3031,2140,0,Y,Yes,19,3,3,80,0,1,1,3,1,1,0,0
30,No,Travel_Frequently,162,Sales,13,5,Technical Degree,1,1551,1,Male,65,2,2,Manager,4,Single,5914,20355,1,Y,No,24,3,1,80,1,6,1,3,0,0,0,0
54,No,Travel_Rarely,173,Research & Development,10,3,Life Sciences,1,1552,2,Male,58,1,4,Sales Executive,2,Divorced,11996,7680,3,Y,No,14,3,4,80,2,20,5,2,13,6,5,10
40,No,Travel_Frequently,362,Sales,5,3,Medical,1,1553,4,Male,59,1,3,Manufacturing Director,4,Married,8656,26558,4,Y,Yes,18,3,1,80,3,12,4,3,9,4,4,7
44,No,Travel_Rarely,614,Research & Development,5,2,Life Sciences,1,1554,1,Male,54,4,3,Laboratory Technician,2,Single,9179,7690,0,Y,No,21,3,2,80,0,11,5,2,8,3,1,3
37,Yes,Travel_Rarely,1133,Sales,4,3,Life Sciences,1,1555,3,Female,95,2,5,Research Scientist,2,Married,18660,13396,2,Y,No,24,3,3,80,0,7,2,4,5,3,2,3
24,Yes,Travel_Rarely,1293,Research & Development,12,5,Life Sciences,1,1556,4,Male,82,3,2,Laboratory Technician,4,Married,3650,16114,0,Y,Yes,19,3,4,80,3,5,0,3,2,1,0,1
56,No,Travel_Frequently,1106,Research & Development,9,4,Life Sciences,1,1557,1,Female,86,1,4,Sales Executive,1,Single,15899,5646,1,Y,No,17,3,2,80,1,20,1,2,10,3,1,4
51,No,Travel_Rarely,1290,Research & Development,2,2,Medical,1,1558,3,Female,68,1,4,Manufacturing Director,1,Divorced,14487,7799,1,Y,No,13,3,2,80,1,15,3,4,13,10,7,7
60,Yes,Travel_Frequently,622,Sales,29,3,Medical,1,1559,3,Male,83,1,3,Sales Executive,4,Married,10565,26307,4,Y,Yes,19,3,1,80,1,16,0,1,9,3,1,6
54,No,Travel_Rarely,991,Research & Development,19,4,Medical,1,1560,2,Female,67,2,5,Laboratory Technician,4,Married,19891,11180,0,Y,No,18,3,3,80,1,22,1,4,21,7,1,11
30,No,Travel_Rarely,291,Human Resources,14,1,Medical,1,1561,3,Male,94,3,3,Laboratory Technician,1,Divorced,10142,21307,0,Y,No,24,3,1,80,1,11,1,2,0,0,0,0
28,No,Travel_Rarely,253,Sales,2,4,Life Sciences,1,1562,3,Male,33,1,2,Sales Executive,4,Married,6896,13392,0,Y,Yes,18,3,3,80,3,0,0,1,0,0,0,0
28,No,Travel_Rarely,1255,Sales,16,2,Life Sciences,1,1563,2,Male,86,3,1,Healthcare Representative,3,Married,2185,7384,1,Y,No,22,4,1,80,2,11,2,4,4,3,2,3
57,No,Non-Travel,666,Research & Development,13,2,Medical,1,1564,2,Male,62,1,4,Manager,4,Single,13389,17057,3,Y,Yes,17,3,2,80,0,18,5,3,15,7,2,6
41,Yes,Travel_Rarely,1117,Sales,22,3,Medical,1,1565,3,Male,52,4,3,Human Resources,2,Single,7986,5548,2,Y,No,18,3,2,80,0,13,2,1,4,3,1,3
37,No,Travel_Rarely,1444,Research & Development,7,3,Medical,1,1566,1,Female,73,4,3,Sales Executive,3,Married,7340,26917,2,Y,Yes,11,3,3,80,2,14,2,2,9,8,4,7
59,No,Travel_Rarely,904,Research & Development,8,5,Life Sciences,1,1567,1,Female,95,3,5,Sales Executive,1,Married,19999,18919,4,Y,No,18,3,2,80,3,26,3,2,11,4,4,4
43,No,Travel_Rarely,250,Sales,15,2,Marketing,1,1568,3,Female,49,3,3,Research Scientist,3,Married,8551,19241,5,Y,No,14,3,1,80,3,16,4,3,8,2,1,5
57,No,Travel_Rarely,1020,Research & Development,8,2,Life Sciences,1,1569,2,Male,64,3,5,Human Resources,2,Married,19551,2739,2,Y,No,15,3,4,80,3,20,2,4,14,4,3,11
60,No,Travel_Frequently,1221,Research & Development,16,2,Medical,1,1570,4,Male,46,1,5,Laboratory Technician,2,Married,17403,8713,0,Y,No,25,3,4,80,2,16,0,2,12,10,4,8
21,No,Travel_Rarely,486,Research & Development,5,5,Life Sciences,1,1571,4,Female,88,4,2,Research Scientist,2,Divorced,6482,11722,0,Y,Yes,21,3,2,80,0,0,2,4,0,0,0,0
33,No,Travel_Rarely,685,Research & Development,11,5,Medical,1,1572,1,Male,69,4,1,Manager,2,Divorced,2509,10830,5,Y,No,13,3,2,80,0,11,0,4,5,3,2,3
49,No,Travel_Rarely,979,Sales,7,3,Life Sciences,1,1573,4,Male,50,3,3,Sales Executive,1,Married,10013,4926,6,Y,No,19,3,1,80,2,20,1,2,19,11,4,13
52,No,Travel_Rarely,1142,Research & Development,21,4,Medical,1,1574,4,Male,94,4,4,Manufacturing Director,4,Divorced,13178,3181,1,Y,No,17,3,1,80,3,14,4,4,9,8,4,5
24,No,Travel_Rarely,355,Research & Development,29,5,Life Sciences,1,1575,2,Male,46,2,2,Laboratory Technician,2,Divorced,7098,16927,0,Y,No,22,3,2,80,1,3,1,4,1,0,0,0
31,No,Travel_Rarely,177,Sales,29,5,Medical,1,1576,3,Male,38,4,3,Healthcare Representative,2,Single,9629,12542,0,Y,Yes,15,3,3,80,0,5,2,2,4,2,1,1
41,No,Travel_Rarely,992,Research & Development,2,4,Life Sciences,1,1577,2,Male,48,1,3,Manager,4,Married,7941,8057,1,Y,Yes,20,4,3,80,2,10,2,3,4,3,2,3
52,No,Travel_Frequently,116,Sales,17,3,Medical,1,1578,1,Male,51,3,4,Research Scientist,2,Single,15701,16766,2,Y,Yes,22,3,3,80,1,21,6,4,14,5,1,7
22,No,Non-Travel,733,Research & Development,7,5,Life Sciences,1,1579,1,Female,48,2,1,Healthcare Representative,3,Married,4379,26768,0,Y,No,21,3,1,80,2,4,1,3,0,0,0,0
43,No,Non-Travel,521,Sales,5,2,Life Sciences,1,1580,3,Male,34,4,4,Laboratory Technician,4,Married,14588,25739,1,Y,Yes,19,4,1,80,0,12,0,3,4,1,1,2
30,No,Travel_Frequently,714,Research & Development,17,2,Medical,1,1581,3,Female,100,3,2,Sales Executive,4,Married,4308,23951,0,Y,Yes,11,3,2,80,1,16,3,4,7,3,3,5
27,No,Travel_Rarely,1317,Research & Development,5,4,Life Sciences,1,1582,2,Male,53,1,4,Research Director,2,Married,14960,8767,0,Y,No,21,3,2,80,2,1,4,3,1,0,0,0
40,No,Travel_Frequently,1409,Research & Development,26,1,Life Sciences,1,1583,2,Female,98,2,2,Manager,3,Married,5579,6332,1,Y,No,25,3,3,80,3,13,3,2,13,6,3,10
35,No,Travel_Rarely,1051,Human Resources,17,3,Marketing,1,1584,4,Female,79,4,4,Human Resources,4,Married,14059,8158,0,Y,No,20,3,3,80,1,5,4,3,3,1,1,2
45,No,Travel_Rarely,621,Research & Development,22,5,Marketing,1,1585,3,Female,86,4,4,Manager,3,Divorced,14089,9818,0,Y,No,19,3,1,80,3,13,6,4,6,5,1,2
31,No,Travel_Rarely,956,Research & Development,15,1,Technical Degree,1,1586,3,Male,52,2,1,Research Scientist,2,Divorced,2964,2523,0,Y,No,18,3,4,80,1,8,4,2,8,4,1,3
53,No,Travel_Rarely,296,Research & Development,4,5,Life Sciences,1,1587,3,Female,76,2,4,Laboratory Technician,3,Married,12961,9913,2,Y,No,12,3,3,80,2,20,3,4,9,4,2,7
21,No,Non-Travel,1495,Research & Development,9,3,Medical,1,1588,1,Female,58,1,2,Laboratory Technician,1,Single,3682,16405,1,Y,Yes,25,3,2,80,1,2,4,1,2,1,1,1
55,No,Travel_Frequently,1322,Research & Development,29,5,Marketing,1,1589,2,Male,55,1,4,Sales Executive,4,Single,11934,8317,4,Y,No,16,3,3,80,2,17,1,2,8,7,3,5
19,No,Travel_Rarely,587,Research & Development,11,4,Life Sciences,1,1590,1,Male,96,1,2,Laboratory Technician,3,Single,5859,26896,0,Y,No,21,3,2,80,1,1,1,1,1,0,0,0
49,No,Travel_Rarely,136,Sales,10,1,Marketing,1,1591,4,Male,91,2,4,Research Scientist,2,Married,11091,23235,2,Y,Yes,19,3,1,80,0,12,2,4,9,2,4,7
32,Yes,Travel_Rarely,1289,Research & Development,29,4,Life Sciences,1,1592,2,Male,54,1,3,Sales Executive,2,Single,9371,11336,0,Y,Yes,21,3,3,80,3,10,5,3,7,2,0,5
34,No,Travel_Rarely,144,Research & Development,14,1,Technical Degree,1,1593,1,Male,30,1,2,Research Director,1,Divorced,6107,12360,0,Y,Yes,12,3,1,80,0,10,5,1,8,6,1,4
18,Yes,Travel_Frequently,255,Sales,27,2,Medical,1,1594,2,Female,68,4,1,Sales Executive,4,Married,2637,14492,1,Y,No,21,4,1,80,2,3,3,1,1,1,0,0
48,Yes,Non-Travel,110,Sales,11,5,Medical,1,1595,2,Female,98,4,4,Laboratory Technician,3,Married,15232,10355,1,Y,Yes,19,3,2,80,0,15,4,3,3,2,0,1
25,Yes,Travel_Rarely,340,Human Resources,5,5,Medical,1,1596,4,Male,96,4,2,Sales Representative,1,Single,5188,3544,1,Y,No,18,4,4,80,2,4,5,2,1,0,0,1
46,No,Travel_Rarely,1384,Research & Development,1,1,Life Sciences,1,1597,1,Female,63,4,2,Healthcare Representative,2,Married,6002,11663,2,Y,No,22,4,3,80,0,18,1,1,12,7,2,9
49,No,Travel_Rarely,769,Sales,11,2,Life Sciences,1,1598,4,Male,66,1,4,Sales Executive,1,Married,11650,16316,2,Y,No,20,3,4,80,0,19,0,4,15,10,7,6
54,No,Travel_Rarely,335,Research & Development,13,1,Marketing,1,1599,1,Male,91,1,4,Healthcare Representative,2,Married,11310,8432,3,Y,Yes,22,3,4,80,3,23,5,2,16,7,8,6
48,Yes,Travel_Rarely,1442,Research & Development,25,2,Medical,1,1600,4,Male,42,4,3,Manager,4,Single,8218,7325,5,Y,No,20,4,4,80,3,16,0,3,7,2,4,2
30,No,Travel_Rarely,683,Research & Development,1,5,Medical,1,1601,3,Male,49,1,2,Research Director,3,Divorced,6007,15067,1,Y,No,22,3,3,80,1,12,1,4,10,4,1,3
49,No,Travel_Rarely,1084,Research & Development,18,1,Life Sciences,1,1602,3,Male,40,4,4,Research Scientist,2,Single,15140,2478,2,Y,Yes,24,3,2,80,1,14,2,1,8,5,2,7
53,Yes,Travel_Rarely,862,Human Resources,12,4,Medical,1,1603,3,Male,71,1,5,Sales Executive,3,Single,18787,20522,1,Y,No,23,3,2,80,2,17,5,2,4,4,0,3
31,No,Travel_Rarely,259,Research & Development,11,5,Life Sciences,1,1604,1,Male,93,1,2,Healthcare Representative,3,Divorced,5796,19125,3,Y,Yes,25,3,1,80,1,12,2,3,9,3,2,4
23,No,Travel_Frequently,1094,Research & Development,29,5,Life Sciences,1,1605,4,Female,52,4,2,Research Scientist,1,Single,6443,26141,2,Y,No,19,3,3,80,0,7,0,4,0,0,0,0
56,No,Travel_Rarely,1436,Research & Development,17,2,Human Resources,1,1606,3,Female,92,3,4,Sales Representative,1,Single,13847,5773,2,Y,No,18,3,3,80,0,18,0,1,4,2,1,1
24,No,Travel_Frequently,1466,Research & Development,29,4,Medical,1,1607,1,Male,66,1,1,Healthcare Representative,4,Married,3705,21973,0,Y,Yes,12,3,4,80,2,1,1,2,0,0,0,0
43,No,Travel_Rarely,1171,Sales,6,3,Medical,1,1608,1,Female,47,1,4,Sales Representative,4,Married,12645,4613,1,Y,Yes,20,3,1,80,3,12,0,4,11,9,5,3
28,No,Travel_Rarely,1039,Sales,9,1,Other,1,1609,3,Male,98,4,1,Human Resources,1,Single,1012,21255,2,Y,Yes,21,3,4,80,2,4,2,2,4,2,0,2
23,No,Travel_Rarely,1131,Human Resources,26,2,Life Sciences,1,1610,1,Female,74,2,1,Manufacturing Director,4,Single,2359,7776,2,Y,Yes,15,3,2,80,2,10,0,1,8,2,4,7
51,No,Travel_Rarely,1455,Research & Development,6,4,Human Resources,1,1611,3,Male,68,4,3,Human Resources,1,Single,9430,22555,1,Y,No,11,4,1,80,3,19,5,2,8,3,1,4
24,No,Travel_Rarely,872,Research & Development,6,4,Medical,1,1612,2,Male,41,3,2,Healthcare Representative,3,Married,4647,5519,1,Y,No,23,3,2,80,0,2,0,1,2,2,1,1
46,No,Travel_Rarely,1368,Research & Development,5,3,Medical,1,1613,3,Male,69,4,4,Sales Executive,4,Single,14781,22293,1,Y,Yes,12,3,4,80,2,10,1,3,9,5,3,2
47,No,Travel_Rarely,651,Research & Development,8,4,Life Sciences,1,1614,4,Male,46,4,4,Sales Representative,1,Married,12768,17606,1,Y,No,21,3,2,80,0,12,0,4,5,2,0,2
20,Yes,Non-Travel,544,Research & Development,15,4,Life Sciences,1,1615,4,Female,59,3,2,Manager,4,Divorced,4801,3228,0,Y,No,25,3,1,80,1,0,2,1,0,0,0,0
25,No,Travel_Rarely,255,Sales,18,2,Medical,1,1616,3,Male,95,1,3,Human Resources,4,Single,8790,8745,0,Y,No,24,4,2,80,1,4,5,2,0,0,0,0
52,No,Travel_Rarely,748,Sales,14,2,Life Sciences,1,1617,3,Female,100,4,3,Research Scientist,2,Married,7699,13938,3,Y,No,14,3,3,80,2,21,4,3,14,5,6,9
39,No,Travel_Frequently,967,Research & Development,9,5,Life Sciences,1,1618,1,Male,58,2,2,Research Scientist,4,Single,4902,18805,0,Y,No,20,3,2,80,0,8,6,1,6,5,1,3
23,Yes,Travel_Rarely,671,Research & Development,13,5,Medical,1,1619,4,Male,52,2,1,Sales Representative,1,Single,1009,20391,1,Y,Yes,25,4,1,80,3,12,4,3,7,3,3,2
60,Yes,Travel_Rarely,280,Research & Development,29,1,Marketing,1,1620,4,Male,44,3,5,Sales Executive,3,Single,19999,15691,2,Y,Yes,21,3,1,80,2,17,2,1,5,2,1,3
29,No,Travel_Frequently,717,Sales,12,4,Life Sciences,1,1621,1,Male,44,2,2,Healthcare Representative,2,Divorced,5358,19304,0,Y,No,15,4,1,80,1,2,6,3,1,0,1,0
18,No,Travel_Rarely,926,Research & Development,9,1,Marketing,1,1622,4,Male,67,3,1,Manufacturing Director,3,Married,1866,10901,1,Y,Yes,12,4,3,80,1,7,1,2,4,3,1,1
57,No,Travel_Rarely,266,Research & Development,1,5,Human Resources,1,1623,1,Female,98,2,4,Sales Executive,2,Married,16199,10234,1,Y,Yes,18,3,2,80,0,24,0,4,14,5,5,7
18,No,Travel_Rarely,855,Research & Development,11,3,Marketing,1,1624,3,Male,90,4,1,Sales Executive,2,Married,2053,6912,0,Y,No,20,3,2,80,1,1,2,4,0,0,0,0
41,No,Travel_Rarely,635,Sales,25,4,Marketing,1,1625,1,Male,50,1,2,Sales Representative,3,Divorced,4881,18702,3,Y,No,13,3,2,80,0,13,6,4,9,4,1,3
60,No,Non-Travel,935,Research & Development,2,4,Medical,1,1626,1,Male,89,2,4,Sales Executive,1,Single,12846,18848,1,Y,No,16,3,3,80,3,22,5,1,12,3,1,3
42,No,Travel_Rarely,110,Research & Development,4,4,Life Sciences,1,1627,1,Male,63,4,3,Manager,4,Single,9825,24843,2,Y,No,17,3,4,80,3,13,3,4,8,2,3,3
43,No,Travel_Rarely,1257,Research & Development,8,2,Life Sciences,1,1628,2,Female,77,4,4,Manager,3,Divorced,15721,15154,2,Y,Yes,18,3,3,80,2,8,6,1,7,1,3,5
34,No,Travel_Rarely,659,Sales,7,5,Human Resources,1,1629,2,Female,48,4,2,Healthcare Representative,2,Married,7101,17386,0,Y,Yes,11,3,3,80,3,0,4,1,0,0,0,0
23,No,Travel_Rarely,676,Sales,13,3,Medical,1,1630,2,Female,87,3,1,Laboratory Technician,3,Married,4589,20046,2,Y,No,15,4,3,80,0,1,1,4,1,1,0,0
42,No,Travel_Rarely,256,Sales,29,3,Marketing,1,1631,2,Female,63,3,2,Sales Executive,2,Married,4783,23815,3,Y,No,23,3,1,80,3,19,0,4,8,3,4,2
56,No,Travel_Rarely,711,Research & Development,5,2,Other,1,1632,3,Male,85,1,5,Sales Representative,3,Married,19999,14699,8,Y,No,15,3,4,80,1,25,0,2,15,7,8,11
21,No,Travel_Frequently,657,Research & Development,7,1,Life Sciences,1,1633,2,Male,47,2,1,Sales Executive,3,Single,2765,20695,0,Y,Yes,23,3,3,80,3,2,5,4,0,0,0,0
55,No,Travel_Rarely,185,Sales,11,3,Life Sciences,1,1634,3,Male,98,3,4,Research Scientist,4,Single,12149,22069,2,Y,Yes,23,3,4,80,3,15,2,1,4,1,0,3
35,No,Travel_Frequently,910,Research & Development,7,2,Medical,1,1635,2,Male,59,2,1,Human Resources,2,Married,2488,16609,0,Y,Yes,23,3,2,80,0,10,2,2,4,1,0,1
41,No,Travel_Rarely,503,Sales,13,4,Life Sciences,1,1636,2,Male,76,2,2,Research Scientist,2,Married,5891,15785,0,Y,Yes,19,3,1,80,3,13,2,1,6,5,3,4
25,No,Travel_Rarely,599,Research & Development,17,2,Medical,1,1637,1,Male,67,3,1,Research Scientist,2,Married,2226,18703,0,Y,No,16,3,3,80,3,7,0,3,5,3,2,2
44,No,Travel_Rarely,215,Research & Development,7,5,Marketing,1,1638,2,Female,72,3,3,Human Resources,4,Married,8676,22350,0,Y,Yes,14,3,2,80,3,4,0,4,3,2,1,2
25,No,Travel_Frequently,996,Sales,22,4,Medical,1,1639,1,Male,48,2,1,Sales Executive,4,Divorced,3644,15975,2,Y,No,19,3,1,80,0,16,5,3,9,5,5,5
29,Yes,Travel_Rarely,300,Sales,9,3,Life Sciences,1,1640,3,Female,94,2,2,Sales Executive,1,Divorced,5993,15784,2,Y,No,22,4,4,80,3,10,4,3,2,2,0,1
49,No,Travel_Rarely,932,Sales,6,4,Marketing,1,1641,3,Male,44,1,4,Laboratory Technician,1,Married,14786,7515,1,Y,No,23,3,3,80,1,15,1,1,11,3,5,5
20,No,Travel_Frequently,698,Sales,3,4,Life Sciences,1,1642,4,Male,55,2,3,Sales Representative,4,Single,8284,26046,1,Y,Yes,12,3,4,80,0,0,0,3,0,0,0,0
37,Yes,Travel_Rarely,1140,Research & Development,19,4,Technical Degree,1,1643,2,Male,60,2,2,Research Director,1,Married,4627,3514,3,Y,Yes,24,3,1,80,2,14,3,2,10,8,5,8
43,Yes,Travel_Rarely,670,Sales,15,3,Life Sciences,1,1644,1,Male,64,4,3,Manager,1,Married,6736,23342,1,Y,Yes,15,3,1,80,0,14,0,3,6,1,3,3
23,No,Travel_Rarely,1017,Sales,5,5,Technical Degree,1,1645,4,Female,46,2,2,Human Resources,1,Married,5394,11641,0,Y,No,14,3,2,80,2,4,2,1,3,2,1,1
30,No,Travel_Rarely,1409,Human Resources,6,2,Medical,1,1646,3,Male,90,4,1,Sales Executive,1,Single,2355,8422,0,Y,No,16,3,4,80,0,9,5,3,1,0,0,1
32,No,Travel_Rarely,464,Research & Development,14,3,Medical,1,1647,2,Male,73,3,2,Healthcare Representative,1,Married,5358,7737,0,Y,No,16,4,3,80,2,7,1,2,4,2,2,1
46,No,Travel_Rarely,268,Sales,18,2,Medical,1,1648,4,Male,99,2,4,Sales Executive,3,Married,11515,20228,1,Y,Yes,13,3,4,80,0,16,5,4,3,2,1,2
59,No,Non-Travel,950,Research & Development,15,3,Life Sciences,1,1649,3,Male,54,2,5,Human Resources,3,Married,17178,9305,2,Y,Yes,15,3,4,80,2,22,6,4,10,6,2,7
53,No,Travel_Rarely,310,Research & Development,19,5,Medical,1,1650,3,Male,59,4,5,Human Resources,1,Divorced,19612,5381,5,Y,No,23,3,4,80,3,18,1,4,15,9,8,4
26,No,Travel_Rarely,408,Research & Development,29,4,Technical Degree,1,1651,2,Male,70,4,1,Research Scientist,3,Married,1037,13564,1,Y,Yes,11,3,2,80,0,6,4,2,0,0,0,0
18,No,Non-Travel,1150,Research & Development,23,2,Marketing,1,1652,2,Male,71,4,1,Sales Representative,1,Married,2772,24784,1,Y,No,21,4,1,80,0,6,5,3,3,1,1,2
20,No,Travel_Rarely,1058,Sales,19,5,Life Sciences,1,1653,2,Male,42,4,2,Healthcare Representative,3,Married,4503,23728,0,Y,No,24,3,4,80,3,0,3,3,0,0,0,0
43,Yes,Travel_Rarely,133,Sales,8,4,Medical,1,1654,3,Male,89,1,4,Sales Executive,3,Married,12927,10699,3,Y,No,21,3,3,80,1,10,2,4,4,1,2,2
24,No,Travel_Rarely,924,Research & Development,4,3,Technical Degree,1,1655,4,Male,100,4,2,Healthcare Representative,2,Single,5602,18187,0,Y,No,18,3,2,80,2,4,6,4,4,2,2,2
27,No,Travel_Rarely,1011,Research & Development,29,1,Marketing,1,1656,4,Male,66,3,3,Human Resources,2,Married,8534,13984,0,Y,No,19,3,2,80,0,3,2,1,3,2,1,1
54,No,Travel_Rarely,552,Research & Development,8,3,Medical,1,1657,2,Female,56,3,3,Research Scientist,4,Married,9156,12012,6,Y,No,19,3,4,80,1,16,1,4,14,6,4,8
55,No,Non-Travel,1146,Sales,16,5,Life Sciences,1,1658,4,Male,58,2,5,Sales Executive,4,Married,17678,2606,2,Y,No,16,3,2,80,3,23,0,2,10,4,2,5
54,No,Travel_Frequently,1109,Research & Development,3,3,Human Resources,1,1659,3,Female,34,3,5,Human Resources,4,Single,17939,5972,0,Y,No,23,4,4,80,3,17,6,4,4,3,2,3
28,Yes,Travel_Rarely,980,Sales,2,1,Life Sciences,1,1660,1,Female,34,4,1,Laboratory Technician,1,Divorced,4348,23702,1,Y,No,20,3,1,80,3,0,1,3,0,0,0,0
44,No,Travel_Rarely,451,Research & Development,22,1,Life Sciences,1,1661,4,Male,56,3,5,Laboratory Technician,2,Married,18730,26076,1,Y,No,11,3,2,80,1,12,0,2,7,2,2,5
44,No,Travel_Frequently,504,Research & Development,6,5,Marketing,1,1662,1,Female,45,1,4,Manager,2,Married,14439,25704,3,Y,Yes,22,3,1,80,3,13,0,1,8,7,3,4
25,No,Travel_Rarely,866,Research & Development,16,3,Life Sciences,1,1663,1,Female,50,4,1,Healthcare Representative,1,Single,2403,25898,0,Y,No,14,3,4,80,1,5,2,4,1,0,0,1
41,Yes,Travel_Frequently,246,Sales,6,4,Technical Degree,1,1664,1,Female,53,4,3,Research Scientist,2,Married,9046,13811,1,Y,No,19,3,4,80,1,14,4,1,6,5,0,2
40,No,Travel_Rarely,676,Research & Development,18,2,Life Sciences,1,1665,3,Male,42,3,2,Sales Executive,1,Married,2513,3732,1,Y,No,13,4,1,80,1,13,4,1,11,2,4,6
35,No,Travel_Rarely,1490,Research & Development,11,1,Marketing,1,1666,1,Male,58,1,3,Sales Representative,2,Married,9882,6773,1,Y,Yes,18,3,3,80,3,9,5,1,2,1,1,1
50,No,Travel_Frequently,999,Research & Development,10,3,Other,1,1667,3,Male,32,2,4,Laboratory Technician,3,Married,13454,21880,1,Y,No,13,3,4,80,0,12,4,3,5,3,1,2
47,Yes,Travel_Rarely,1302,Research & Development,15,4,Other,1,1668,3,Female,85,2,3,Healthcare Representative,2,Divorced,7001,19372,9,Y,Yes,14,3,3,80,3,13,0,2,7,2,1,1
40,No,Travel_Rarely,555,Research & Development,17,2,Human Resources,1,1669,3,Male,79,4,4,Research Director,3,Married,12725,26716,0,Y,No,24,3,3,80,3,9,5,3,4,3,1,2
49,No,Travel_Frequently,1122,Sales,7,4,Technical Degree,1,1670,2,Male,41,4,4,Sales Executive,2,Married,13684,9489,3,Y,No,12,3,2,80,2,14,1,4,7,3,3,1
50,No,Travel_Rarely,1129,Sales,16,3,Life Sciences,1,1671,2,Male,41,1,3,Research Director,2,Married,8368,12023,5,Y,Yes,15,3,1,80,0,18,6,2,9,5,1,4
42,No,Travel_Rarely,363,Research & Development,17,2,Other,1,1672,3,Male,35,1,3,Manager,2,Married,8669,26002,5,Y,No,11,3,4,80,2,14,2,1,11,8,4,5
29,No,Travel_Rarely,410,Sales,22,2,Human Resources,1,1673,2,Female,43,1,2,Human Resources,1,Married,4069,24872,0,Y,No,13,3,4,80,0,9,0,2,5,3,2,3
50,No,Travel_Rarely,703,Sales,27,2,Medical,1,1674,3,Male,71,4,4,Research Scientist,1,Married,15045,9843,0,Y,No,21,3,4,80,1,15,2,3,2,1,1,2
48,No,Travel_Rarely,991,Research & Development,12,2,Life Sciences,1,1675,3,Male,35,4,3,Research Scientist,1,Single,7871,25936,1,Y,Yes,19,3,1,80,0,20,3,3,8,3,3,6
60,No,Travel_Rarely,1093,Sales,6,4,Life Sciences,1,1676,3,Male,30,1,5,Healthcare Representative,3,Single,18311,16432,2,Y,No,16,3,3,80,2,23,5,1,5,1,2,4
24,No,Travel_Rarely,1466,Sales,5,2,Medical,1,1677,2,Male,70,4,1,Human Resources,1,Single,2728,26818,0,Y,No,12,3,2,80,1,5,3,4,3,3,0,2
36,No,Travel_Frequently,243,Sales,7,4,Medical,1,1678,1,Male,96,3,1,Human Resources,2,Divorced,3795,3325,1,Y,Yes,21,3,2,80,3,12,0,3,6,4,1,1
57,No,Travel_Rarely,997,Sales,8,2,Life Sciences,1,1679,3,Male,63,2,5,Laboratory Technician,1,Married,18959,16437,6,Y,No,14,3,2,80,2,17,0,2,15,10,1,5
40,No,Travel_Rarely,1439,Research & Development,9,2,Life Sciences,1,1680,2,Female,48,3,2,Manufacturing Director,2,Married,4849,26745,0,Y,No,18,3,1,80,1,4,4,2,4,2,2,1
58,No,Travel_Rarely,338,Research & Development,11,5,Medical,1,1681,2,Male,89,1,4,Sales Executive,2,Married,13612,26061,3,Y,No,12,3,3,80,3,17,0,4,11,5,6,2
18,No,Travel_Frequently,1436,Sales,13,5,Life Sciences,1,1682,1,Male,89,1,1,Manager,1,Married,4463,16443,1,Y,No,17,3,3,80,1,4,3,1,1,0,0,1
19,No,Travel_Rarely,1278,Research & Development,14,3,Other,1,1683,3,Female,89,2,1,Sales Representative,3,Divorced,4266,3148,1,Y,No,24,3,4,80,1,2,6,2,2,1,1,2
52,No,Travel_Frequently,312,Research & Development,20,2,Life Sciences,1,1684,4,Male,56,3,4,Sales Representative,4,Divorced,14439,26384,1,Y,Yes,20,3,4,80,1,16,5,2,16,8,6,9
33,No,Travel_Rarely,397,Human Resources,29,4,Life Sciences,1,1685,4,Female,32,4,2,Research Scientist,3,Divorced,5678,6031,0,Y,No,18,3,3,80,2,5,4,3,1,0,0,1
40,No,Travel_Rarely,377,Research & Development,14,1,Life Sciences,1,1686,2,Male,100,3,3,Human Resources,1,Divorced,11276,9583,0,Y,No,13,3,4,80,3,5,2,1,3,1,1,2
36,No,Non-Travel,230,Sales,8,3,Technical Degree,1,1687,1,Female,93,2,2,Sales Executive,4,Single,6056,23921,2,Y,No,14,4,2,80,3,15,3,4,7,4,3,3
35,Yes,Travel_Frequently,610,Research & Development,20,3,Technical Degree,1,1688,1,Male,65,3,2,Laboratory Technician,4,Single,5717,15222,1,Y,Yes,25,3,1,80,2,8,0,2,6,3,2,2
58,No,Travel_Rarely,718,Research & Development,19,4,Life Sciences,1,1689,2,Female,85,1,5,Manufacturing Director,4,Married,18757,8514,1,Y,Yes,25,3,4,80,0,18,5,3,5,2,2,4
22,No,Travel_Rarely,731,Research & Development,7,1,Life Sciences,1,1690,1,Male,98,3,1,Manufacturing Director,1,Married,3428,2551,1,Y,No,15,3,2,80,3,1,0,3,1,1,0,1
51,No,Travel_Rarely,1265,Research & Development,19,1,Medical,1,1691,1,Male,34,4,5,Manager,1,Single,15346,6626,1,Y,Yes,20,3,2,80,1,21,0,1,11,7,3,4
56,No,Travel_Rarely,717,Sales,5,2,Life Sciences,1,1692,3,Female,63,2,5,Healthcare Representative,4,Married,19999,21291,4,Y,Yes,22,3,2,80,2,22,4,4,16,3,4,4
46,No,Travel_Frequently,369,Research & Development,4,1,Marketing,1,1693,1,Male,91,3,3,Sales Executive,4,Single,6974,19943,3,Y,No,17,3,4,80,1,11,4,2,10,7,4,7
34,No,Travel_Frequently,1063,Research & Development,5,3,Life Sciences,1,1694,3,Male,80,2,1,Sales Executive,2,Single,2138,6240,1,Y,No,14,3,2,80,1,13,3,3,13,7,6,9
24,No,Travel_Rarely,997,Research & Development,20,5,Medical,1,1695,4,Male,37,4,1,Manufacturing Director,2,Single,1320,24534,0,Y,Yes,16,3,3,80,1,4,3,3,4,2,2,2
47,No,Travel_Rarely,758,Research & Development,10,2,Life Sciences,1,1696,4,Female,34,1,4,Manager,3,Divorced,13116,12686,0,Y,Yes,18,3,3,80,2,12,4,3,4,3,1,3
38,No,Travel_Rarely,1000,Research & Development,22,3,Medical,1,1697,4,Male,53,1,2,Laboratory Technician,4,Married,5092,19511,2,Y,No,16,3,3,80,1,9,3,3,6,2,3,3
24,No,Travel_Rarely,359,Research & Development,29,2,Medical,1,1698,2,Female,61,4,1,Research Scientist,2,Married,4067,18781,2,Y,No,18,4,3,80,0,1,0,3,0,0,0,0
33,No,Travel_Frequently,1190,Research & Development,29,1,Life Sciences,1,1699,3,Female,38,3,2,Sales Executive,3,Divorced,7047,4968,0,Y,Yes,13,3,1,80,1,4,3,3,3,1,1,2
59,No,Travel_Rarely,466,Research & Development,7,4,Life Sciences,1,1700,1,Male,49,2,5,Sales Representative,4,Divorced,19999,4139,2,Y,No,15,3,4,80,1,23,0,2,9,2,4,6
29,No,Travel_Rarely,169,Human Resources,10,2,Life Sciences,1,1701,1,Male,66,4,2,Laboratory Technician,2,Married,5623,17363,0,Y,Yes,13,3,2,80,2,6,0,4,4,2,2,3
25,No,Travel_Rarely,676,Research & Development,12,3,Life Sciences,1,1702,4,Male,86,2,2,Manufacturing Director,2,Divorced,5237,21610,1,Y,Yes,16,3,1,80,1,7,3,3,0,0,0,0
47,No,Non-Travel,437,Research & Development,29,4,Other,1,1703,1,Female,70,2,3,Laboratory Technician,1,Single,9435,25478,5,Y,No,15,3,1,80,0,16,4,4,14,3,1,5
26,Yes,Travel_Rarely,827,Research & Development,7,5,Life Sciences,1,1704,2,Male,67,1,3,Research Scientist,3,Married,7475,22162,0,Y,No,17,3,2,80,2,7,0,3,6,3,1,5
57,No,Travel_Rarely,749,Sales,24,1,Life Sciences,1,1705,2,Male,82,3,5,Research Scientist,2,Single,17841,16700,2,Y,No,25,3,3,80,3,12,2,3,2,1,1,1
54,No,Travel_Rarely,1391,Sales,16,3,Life Sciences,1,1706,2,Male,75,4,5,Sales Executive,1,Married,18559,15325,3,Y,Yes,23,3,3,80,1,15,6,2,11,6,5,2
60,No,Travel_Rarely,683,Sales,1,5,Marketing,1,1707,3,Male,46,4,5,Manager,3,Married,18959,12160,4,Y,No,20,3,4,80,2,22,5,2,9,2,3,6
57,No,Travel_Rarely,236,Research & Development,9,3,Human Resources,1,1708,4,Female,48,3,4,Research Scientist,3,Single,11520,17160,1,Y,Yes,18,3,4,80,1,15,5,4,9,4,1,4
28,No,Travel_Rarely,818,Sales,5,1,Marketing,1,1709,3,Female,38,1,2,Research Scientist,1,Married,6780,25950,0,Y,Yes,15,3,2,80,1,7,4,3,7,4,2,4
27,No,Travel_Rarely,1225,Research & Development,9,2,Medical,1,1710,3,Male,38,1,3,Human Resources,3,Married,8788,4440,0,Y,No,12,3,4,80,3,1,1,2,0,0,0,0
32,No,Travel_Rarely,472,Research & Development,1,4,Marketing,1,1711,3,Male,88,2,3,Laboratory Technician,3,Married,9458,14010,0,Y,No,20,3,3,80,3,8,2,4,8,6,2,2
38,No,Travel_Frequently,536,Sales,29,4,Life Sciences,1,1712,2,Female,78,4,1,Laboratory Technician,2,Single,1115,13271,2,Y,No,14,4,4,80,0,16,4,1,15,13,6,4
55,No,Travel_Rarely,354,Research & Development,8,2,Technical Degree,1,1713,2,Female,75,3,5,Laboratory Technician,2,Single,18202,9668,3,Y,No,11,3,1,80,2,21,4,1,9,2,1,6
49,No,Travel_Rarely,1117,Research & Development,9,1,Marketing,1,1714,4,Female,61,4,3,Research Scientist,3,Married,7641,23042,0,Y,No,25,3,3,80,3,9,0,3,4,2,2,1
45,No,Travel_Rarely,335,Research & Development,29,2,Life Sciences,1,1715,2,Male,36,4,4,Sales Executive,4,Divorced,13757,15713,3,Y,No,14,3,3,80,2,17,6,2,17,14,6,10
55,No,Travel_Frequently,462,Sales,3,2,Medical,1,1716,2,Female,59,4,5,Research Director,4,Divorced,18960,4318,6,Y,Yes,12,3,1,80,2,25,6,4,7,4,2,4
45,No,Travel_Frequently,223,Research & Development,17,4,Life Sciences,1,1717,1,Male,40,2,2,Laboratory Technician,2,Single,6544,19422,5,Y,No,19,3,3,80,3,23,0,3,16,14,4,5
34,No,Travel_Frequently,640,Research & Development,6,5,Life Sciences,1,1718,1,Male,98,3,3,Manager,3,Married,8619,26717,2,Y,Yes,20,4,3,80,2,10,4,4,10,7,5,3
35,No,Travel_Rarely,1313,Research & Development,2,1,Technical Degree,1,1719,4,Female,58,1,3,Human Resources,2,Married,7610,6772,0,Y,No,15,3,1,80,3,4,1,2,1,1,0,0
40,Yes,Travel_Rarely,721,Sales,18,4,Life Sciences,1,1720,1,Male,38,2,3,Sales Executive,1,Divorced,11125,14195,1,Y,Yes,14,4,4,80,0,13,2,2,2,1,1,2
21,No,Travel_Rarely,267,Research & Development,28,4,Marketing,1,1721,3,Male,50,2,2,Healthcare Representative,4,Single,5181,8075,2,Y,No,13,3,4,80,2,8,6,2,7,3,2,6
49,No,Travel_Rarely,1150,Research & Development,11,4,Other,1,1722,1,Male,75,1,5,Sales Executive,2,Married,17912,2412,3,Y,No,17,3,2,80,0,15,4,3,9,5,3,4
46,No,Travel_Rarely,597,Sales,20,5,Medical,1,1723,4,Female,62,1,4,Laboratory Technician,2,Married,11738,12818,1,Y,Yes,17,3,1,80,0,18,2,3,18,10,9,3
49,No,Travel_Rarely,334,Research & Development,7,1,Life Sciences,1,1724,2,Male,34,2,4,Research Director,3,Single,14108,10559,4,Y,No,16,3,1,80,2,13,0,4,10,7,1,6
40,No,Travel_Rarely,129,Sales,17,4,Medical,1,1725,4,Female,55,1,4,Sales Executive,3,Single,14829,24558,2,Y,No,24,3,1,80,3,13,5,1,4,4,1,2
51,No,Travel_Rarely,586,Research & Development,12,1,Marketing,1,1726,4,Male,78,3,5,Human Resources,2,Single,17632,14561,3,Y,No,25,3,1,80,3,8,2,1,2,1,1,1
58,No,Travel_Rarely,320,Research & Development,8,5,Life Sciences,1,1727,3,Male,67,2,5,Manufacturing Director,1,Married,19750,17800,0,Y,Yes,24,3,2,80,3,16,4,4,14,7,4,6
42,No,Travel_Rarely,840,Sales,5,3,Life Sciences,1,1728,4,Female,69,1,3,Laboratory Technician,3,Married,8600,25977,2,Y,No,19,3,3,80,2,12,1,3,12,10,2,7
37,No,Travel_Frequently,705,Research & Development,27,1,Medical,1,1729,4,Female,76,1,3,Sales Executive,4,Married,6372,15290,0,Y,No,25,3,3,80,1,9,5,2,5,4,3,2
22,No,Travel_Rarely,1020,Research & Development,12,4,Human Resources,1,1730,3,Male,81,2,2,Manufacturing Director,1,Single,6251,19657,0,Y,Yes,14,3,3,80,0,0,2,2,0,0,0,0
51,No,Travel_Frequently,486,Research & Development,9,4,Life Sciences,1,1731,2,Female,60,1,4,Laboratory Technician,1,Divorced,13682,15172,1,Y,No,22,3,3,80,3,15,5,4,6,4,2,3
56,No,Travel_Rarely,208,Research & Development,10,3,Life Sciences,1,1732,4,Female,83,3,5,Sales Executive,4,Married,17649,16564,2,Y,No,20,3,1,80,3,20,0,4,11,10,5,4
48,No,Travel_Frequently,260,Research & Development,18,2,Other,1,1733,4,Male,94,4,3,Laboratory Technician,3,Divorced,9648,7293,2,Y,Yes,20,4,4,80,0,15,4,1,15,7,7,12
55,No,Travel_Frequently,234,Sales,20,1,Life Sciences,1,1734,2,Female,39,3,5,Sales Executive,3,Single,19999,26165,2,Y,No,12,3,1,80,3,18,6,2,14,4,4,6
55,No,Travel_Rarely,475,Research & Development,12,5,Life Sciences,1,1735,2,Female,81,1,4,Human Resources,2,Divorced,12623,9721,4,Y,No,13,3,2,80,1,21,3,4,10,3,1,2
52,No,Non-Travel,1105,Research & Development,17,1,Medical,1,1736,2,Male,49,1,3,Research Scientist,2,Divorced,8852,9440,0,Y,No,24,3,3,80,2,16,3,3,16,8,8,4
39,No,Travel_Rarely,866,Research & Development,9,5,Life Sciences,1,1737,4,Female,37,4,3,Laboratory Technician,1,Divorced,8744,10510,2,Y,No,15,3,1,80,0,16,4,4,10,8,5,7
22,No,Travel_Rarely,613,Sales,10,3,Life Sciences,1,1738,1,Male,47,4,1,Sales Representative,4,Divorced,2918,11550,1,Y,No,16,3,2,80,0,0,5,1,0,0,0,0
18,Yes,Travel_Frequently,433,Sales,19,4,Medical,1,1739,1,Male,96,2,1,Manager,3,Married,2381,10866,3,Y,Yes,21,3,4,80,2,8,5,3,2,1,0,1
26,No,Travel_Rarely,333,Research & Development,9,4,Medical,1,1740,3,Male,73,2,2,Research Director,4,Married,5322,21226,1,Y,No,24,3,1,80,1,9,0,1,7,3,2,1
36,No,Travel_Rarely,305,Sales,4,5,Medical,1,1741,4,Female,62,2,2,Human Resources,4,Married,6626,20096,2,Y,No,16,4,3,80,0,8,2,2,4,3,0,1
49,No,Travel_Rarely,469,Sales,18,1,Life Sciences,1,1742,2,Male,48,3,5,Sales Executive,1,Married,19491,16899,1,Y,Yes,23,3,3,80,3,14,5,1,9,3,4,4
37,No,Travel_Rarely,799,Research & Development,16,5,Medical,1,1743,3,Female,67,1,3,Laboratory Technician,4,Divorced,6187,9540,2,Y,No,20,3,1,80,3,11,6,2,9,5,5,4
18,No,Travel_Rarely,937,Sales,22,1,Medical,1,1744,1,Male,66,4,2,Manager,2,Single,2928,7548,0,Y,No,13,3,1,80,0,4,4,2,2,1,0,1
27,No,Travel_Rarely,1422,Sales,18,5,Marketing,1,1745,4,Female,58,2,2,Sales Executive,2,Married,3271,19088,1,Y,No,19,3,1,80,2,9,0,1,9,5,5,5
60,No,Travel_Rarely,1433,Sales,15,2,Marketing,1,1746,4,Male,61,1,5,Manager,2,Divorced,17370,20799,5,Y,No,25,3,1,80,0,16,4,4,10,5,5,7
60,No,Travel_Rarely,468,Research & Development,4,5,Medical,1,1747,3,Female,81,2,5,Sales Executive,2,Single,18094,12104,4,Y,No,25,3,3,80,2,22,6,2,8,5,3,5
34,No,Travel_Rarely,1124,Research & Development,12,1,Technical Degree,1,1748,1,Female,71,4,2,Human Resources,2,Single,4957,8748,0,Y,Yes,25,3,2,80,2,1,5,1,0,0,0,0
52,No,Travel_Rarely,284,Research & Development,8,3,Technical Degree,1,1749,1,Male,32,2,4,Manager,3,Single,13921,13443,1,Y,No,12,3,3,80,2,16,5,4,13,11,3,7
48,No,Travel_Rarely,1215,Sales,18,3,Life Sciences,1,1750,3,Female,54,4,4,Manufacturing Director,2,Married,13959,16012,4,Y,No,23,3,2,80,2,20,3,1,20,17,10,6
58,Yes,Travel_Rarely,1400,Sales,29,5,Other,1,1751,1,Female,34,4,4,Laboratory Technician,3,Divorced,13942,3557,1,Y,No,18,3,2,80,0,15,6,1,6,2,1,3
56,No,Travel_Rarely,952,Research & Development,20,1,Technical Degree,1,1752,1,Male,95,4,5,Human Resources,2,Single,19999,23418,3,Y,No,17,3,1,80,0,13,4,4,5,1,1,1
45,No,Travel_Frequently,854,Research & Development,3,1,Life Sciences,1,1753,4,Male,52,1,3,Manager,2,Married,6488,19972,2,Y,No,17,4,4,80,3,14,3,2,7,2,2,5
34,No,Non-Travel,620,Research & Development,15,4,Life Sciences,1,1754,3,Female,98,2,2,Sales Representative,1,Married,5901,8945,3,Y,Yes,21,3,1,80,2,14,6,2,12,4,1,6
44,No,Travel_Rarely,1337,Research & Development,8,1,Medical,1,1755,3,Male,47,4,4,Sales Representative,4,Married,14395,22828,2,Y,No,18,3,4,80,1,14,0,2,11,4,5,6
31,Yes,Travel_Rarely,1446,Research & Development,19,4,Medical,1,1756,3,Male,54,1,3,Sales Executive,1,Married,6985,21050,2,Y,No,12,3,1,80,3,1,0,3,1,1,0,1
32,No,Travel_Frequently,1089,Research & Development,21,1,Marketing,1,1757,2,Male,59,1,2,Sales Executive,3,Divorced,6141,14699,1,Y,No,16,4,4,80,1,2,5,2,1,1,0,0
44,Yes,Travel_Frequently,215,Human Resources,11,5,Medical,1,1758,1,Male,94,1,3,Sales Executive,2,Married,8947,23545,1,Y,Yes,24,3,3,80,3,14,0,1,13,5,4,3
42,Yes,Travel_Rarely,1330,Sales,9,3,Life Sciences,1,1759,3,Male,36,1,3,Healthcare Representative,4,Single,8448,7183,2,Y,No,13,3,4,80,3,8,6,4,7,5,1,5
42,No,Travel_Rarely,1231,Research & Development,15,5,Life Sciences,1,1760,1,Male,86,4,3,Healthcare Representative,1,Married,5599,9992,2,Y,Yes,14,3,4,80,0,13,6,4,11,9,2,4
34,No,Travel_Rarely,603,Research & Development,7,1,Technical Degree,1,1761,2,Male,76,2,2,Research Scientist,2,Married,6657,26908,1,Y,No,12,3,2,80,3,9,1,1,2,1,0,1
35,No,Travel_Rarely,462,Research & Development,22,2,Life Sciences,1,1762,3,Male,46,1,2,Human Resources,3,Married,5772,6990,0,Y,No,21,3,1,80,3,7,6,3,3,2,2,1
18,No,Non-Travel,1175,Research & Development,18,3,Marketing,1,1763,4,Female,89,3,1,Sales Executive,4,Single,3484,23340,1,Y,Yes,23,3,3,80,3,8,3,2,6,5,3,3
43,No,Travel_Rarely,951,Research & Development,9,1,Life Sciences,1,1764,3,Female,69,2,3,Sales Representative,1,Single,4431,23655,3,Y,Yes,23,3,3,80,2,15,3,1,12,11,4,6
42,No,Travel_Rarely,1152,Research & Development,5,1,Medical,1,1765,4,Female,65,1,2,Laboratory Technician,4,Divorced,4862,11528,1,Y,No,12,3,4,80,2,17,6,2,7,5,3,5
58,No,Travel_Rarely,1474,Sales,14,2,Medical,1,1766,2,Male,56,4,5,Laboratory Technician,1,Single,17280,13709,8,Y,Yes,25,4,1,80,1,23,5,3,10,5,4,7
39,No,Travel_Frequently,617,Research & Development,24,4,Life Sciences,1,1767,1,Male,59,3,4,Sales Executive,2,Married,15552,25443,0,Y,No,24,3,4,80,0,10,6,1,8,3,1,4
38,No,Travel_Rarely,1278,Research & Development,21,4,Medical,1,1768,2,Male,86,2,2,Manager,4,Married,4174,9848,4,Y,No,23,3,4,80,0,10,6,2,9,8,1,6
20,Yes,Travel_Frequently,757,Sales,4,1,Medical,1,1769,3,Male,98,4,2,Sales Representative,2,Single,7275,11331,0,Y,No,23,3,3,80,0,1,5,2,0,0,0,0
26,No,Travel_Rarely,1289,Research & Development,17,1,Life Sciences,1,1770,1,Male,93,1,2,Research Scientist,3,Single,6643,2352,2,Y,No,23,3,2,80,3,7,3,2,0,0,0,0
32,Yes,Travel_Rarely,441,Research & Development,18,4,Life Sciences,1,1771,4,Female,53,3,2,Laboratory Technician,2,Married,5766,10992,0,Y,No,11,3,1,80,1,6,1,3,5,2,2,3
34,No,Travel_Rarely,1251,Research & Development,10,2,Marketing,1,1772,2,Male,74,4,3,Healthcare Representative,4,Married,9862,6925,2,Y,No,21,3,1,80,0,15,0,2,5,3,1,1
33,No,Travel_Rarely,1088,Sales,12,4,Marketing,1,1773,3,Male,100,1,2,Research Scientist,1,Married,4367,7176,0,Y,No,24,3,4,80,2,6,1,4,1,0,0,0
34,No,Non-Travel,735,Research & Development,20,2,Medical,1,1774,4,Female,74,2,3,Healthcare Representative,4,Married,7582,14862,3,Y,Yes,19,3,2,80,0,9,3,3,2,2,1,1
51,No,Travel_Rarely,1385,Sales,13,2,Marketing,1,1775,3,Male,30,1,4,Laboratory Technician,1,Single,15107,21293,3,Y,No,24,3,2,80,2,16,0,3,9,5,4,6
23,No,Travel_Rarely,651,Sales,2,2,Life Sciences,1,1776,1,Female,81,3,1,Research Director,3,Single,1872,22739,0,Y,No,11,3,1,80,2,2,2,3,0,0,0,0
32,No,Travel_Rarely,1139,Research & Development,6,2,Life Sciences,1,1777,2,Male,70,3,1,Manager,2,Single,1409,11430,3,Y,No,19,3,2,80,2,15,5,4,3,1,1,1
25,No,Travel_Rarely,826,Sales,8,4,Medical,1,1778,2,Male,65,1,2,Sales Executive,4,Married,5114,14603,1,Y,No,25,3,1,80,3,3,0,1,2,1,0,0
31,Yes,Travel_Rarely,299,Sales,6,3,Medical,1,1779,4,Female,32,1,2,Sales Representative,3,Married,4441,4006,1,Y,No,19,3,4,80,0,6,2,4,4,3,2,1
47,No,Travel_Frequently,500,Research & Development,21,4,Marketing,1,1780,3,Female,63,2,4,Research Scientist,1,Divorced,16238,8979,0,Y,No,17,3,2,80,1,12,6,4,4,3,0,1
20,No,Travel_Rarely,1220,Research & Development,16,1,Life Sciences,1,1781,3,Female,86,2,2,Human Resources,1,Single,6430,9857,0,Y,No,15,3,2,80,1,3,2,1,0,0,0,0
32,No,Travel_Rarely,769,Human Resources,4,3,Medical,1,1782,4,Female,69,1,2,Healthcare Representative,3,Married,4809,25234,1,Y,Yes,22,3,3,80,2,7,5,1,4,2,2,2
19,No,Travel_Rarely,1290,Research & Development,16,3,Medical,1,1783,1,Male,49,3,2,Sales Executive,3,Married,4298,23259,0,Y,No,25,3,3,80,2,0,4,1,0,0,0,0
59,No,Travel_Rarely,279,Research & Development,23,5,Life Sciences,1,1784,1,Female,88,4,5,Manager,3,Married,19406,11289,1,Y,No,16,3,1,80,3,18,5,3,15,9,2,4
49,No,Travel_Rarely,1176,Human Resources,10,3,Medical,1,1785,3,Female,61,2,4,Sales Executive,2,Married,15425,6389,3,Y,Yes,18,3,1,80,2,18,5,2,10,6,3,3
28,No,Travel_Rarely,1348,Research & Development,15,1,Medical,1,1786,3,Male,75,2,2,Research Director,3,Single,5849,6150,1,Y,Yes,17,4,2,80,3,10,4,1,8,5,2,2
26,No,Travel_Rarely,1488,Research & Development,13,4,Life Sciences,1,1787,2,Male,31,1,3,Human Resources,4,Married,7359,14848,1,Y,No,20,4,3,80,2,5,6,2,5,2,3,3
22,Yes,Travel_Rarely,1129,Research & Development,5,1,Life Sciences,1,1788,3,Male,40,2,1,Manager,1,Married,1276,25637,0,Y,No,17,3,4,80,3,4,1,2,4,2,1,1
38,No,Travel_Frequently,761,Sales,16,5,Life Sciences,1,1789,1,Male,44,3,3,Manufacturing Director,3,Married,8046,17005,1,Y,No,21,3,4,80,2,9,1,1,6,4,2,2
50,No,Travel_Frequently,188,Research & Development,8,2,Technical Degree,1,1790,1,Female,39,4,3,Healthcare Representative,4,Single,8879,11967,3,Y,No,25,3,2,80,0,14,4,3,5,2,2,2
43,No,Travel_Rarely,388,Research & Development,29,4,Life Sciences,1,1791,4,Male,60,1,4,Laboratory Technician,1,Married,13435,22727,2,Y,No,15,3,4,80,1,10,5,1,4,3,2,1
55,No,Travel_Rarely,1023,Sales,4,4,Life Sciences,1,1792,1,Female,59,4,4,Sales Executive,2,Married,15209,14108,4,Y,No,14,3,1,80,3,13,4,3,7,3,2,3
32,No,Travel_Rarely,1335,Sales,12,3,Life Sciences,1,1793,3,Male,35,3,2,Human Resources,3,Married,6133,7518,0,Y,No,19,3,1,80,0,5,6,1,2,1,1,1
29,No,Travel_Rarely,1161,Human Resources,23,3,Life Sciences,1,1794,4,Male,76,3,2,Research Scientist,4,Single,5785,22760,0,Y,No,18,4,3,80,2,10,4,4,6,5,2,2
38,No,Travel_Rarely,950,Research & Development,9,1,Life Sciences,1,1795,3,Male,64,2,3,Research Scientist,3,Married,9109,24805,2,Y,No,17,3,1,80,3,9,5,2,4,1,1,1
26,No,Travel_Rarely,1305,Sales,16,1,Medical,1,1796,2,Male,57,4,1,Sales Executive,4,Married,1333,9260,0,Y,No,13,3,1,80,1,4,0,3,3,1,0,1
59,Yes,Travel_Frequently,532,Sales,29,4,Life Sciences,1,1797,2,Male,47,1,3,Human Resources,3,Married,7902,26520,4,Y,Yes,12,3,4,80,0,19,0,2,17,10,7,3
25,No,Travel_Rarely,561,Research & Development,22,5,Life Sciences,1,1798,1,Female,57,1,2,Human Resources,4,Married,4252,15261,1,Y,No,18,3,4,80,0,9,5,4,8,2,1,6
38,No,Travel_Rarely,224,Research & Development,16,5,Life Sciences,1,1799,1,Male,41,2,1,Research Scientist,3,Single,3461,8097,2,Y,No,21,3,3,80,2,7,3,4,1,0,0,1
40,No,Travel_Rarely,983,Research & Development,20,2,Life Sciences,1,1800,3,Male,93,3,4,Research Scientist,2,Single,12770,23668,4,Y,Yes,19,3,1,80,2,12,2,4,8,6,3,4
20,No,Travel_Rarely,357,Research & Development,17,2,Life Sciences,1,1801,3,Male,66,2,2,Sales Representative,3,Married,5598,5602,1,Y,No,22,3,1,80,2,2,5,3,0,0,0,0
38,Yes,Travel_Rarely,487,Sales,6,2,Medical,1,1802,2,Male,91,4,3,Laboratory Technician,2,Married,8303,8472,1,Y,Yes,13,3,1,80,0,11,2,4,0,0,0,0
37,No,Travel_Rarely,233,Sales,15,4,Medical,1,1803,2,Female,90,1,4,Human Resources,3,Married,14720,11230,3,Y,No,25,3,2,80,1,11,0,1,7,2,2,3
29,Yes,Travel_Rarely,1287,Research & Development,29,4,Marketing,1,1804,1,Male,63,3,2,Human Resources,3,Married,4064,24366,1,Y,No,21,3,4,80,2,7,3,2,1,0,0,0
23,No,Travel_Frequently,390,Research & Development,27,4,Life Sciences,1,1805,1,Female,58,2,3,Manager,1,Married,9042,25739,0,Y,Yes,20,3,3,80,3,7,0,4,7,3,3,5
19,No,Travel_Frequently,1324,Research & Development,10,5,Technical Degree,1,1806,2,Female,80,2,1,Sales Executive,3,Married,1717,6862,0,Y,Yes,23,3,4,80,0,2,6,1,2,2,0,1
18,No,Travel_Rarely,425,Research & Development,10,2,Medical,1,1807,4,Female,57,1,1,Manager,1,Married,1843,2491,4,Y,Yes,25,3,4,80,2,8,2,1,5,3,1,2
38,No,Non-Travel,208,Research & Development,29,4,Life Sciences,1,1808,2,Male,62,4,3,Human Resources,2,Married,8329,23372,1,Y,Yes,23,4,3,80,2,11,2,3,1,0,1,1
21,No,Travel_Rarely,1468,Research & Development,12,3,Medical,1,1809,1,Female,59,1,2,Research Scientist,3,Single,6933,15391,0,Y,No,18,3,1,80,2,0,5,2,0,0,0,0
59,No,Travel_Frequently,500,Research & Development,9,5,Marketing,1,1810,3,Female,72,1,5,Research Director,3,Divorced,17990,11893,2,Y,Yes,21,3,1,80,0,22,0,2,8,5,3,2
28,No,Travel_Rarely,1110,Research & Development,6,2,Life Sciences,1,1811,1,Female,33,3,2,Laboratory Technician,1,Divorced,3367,2294,1,Y,Yes,17,3,2,80,0,7,4,2,2,1,0,0
46,No,Travel_Rarely,245,Research & Development,14,1,Life Sciences,1,1812,2,Male,49,1,4,Human Resources,4,Married,12866,15745,1,Y,No,13,4,3,80,2,14,6,4,5,2,1,2
46,No,Travel_Rarely,362,Research & Development,8,2,Medical,1,1813,3,Male,78,3,4,Healthcare Representative,3,Divorced,13538,5433,1,Y,No,25,3,4,80,2,13,0,2,7,2,1,2
39,Yes,Travel_Rarely,659,Research & Development,13,4,Life Sciences,1,1814,1,Female,65,3,3,Sales Executive,2,Divorced,10743,15826,1,Y,No,20,3,4,80,2,4,6,1,2,1,1,2
55,No,Travel_Rarely,1156,Research & Development,16,5,Other,1,1815,4,Female,79,1,5,Laboratory Technician,2,Married,19466,5881,0,Y,No,22,3,4,80,3,11,4,3,10,7,5,4
22,No,Travel_Rarely,109,Sales,29,5,Life Sciences,1,1816,3,Male,75,1,1,Sales Executive,1,Married,2096,7197,0,Y,No,21,3,2,80,1,9,1,4,8,6,1,3
28,No,Travel_Rarely,985,Sales,10,1,Life Sciences,1,1817,4,Female,53,1,3,Laboratory Technician,2,Married,8330,5230,0,Y,Yes,16,3,4,80,1,4,5,1,2,1,1,0
28,No,Travel_Rarely,1195,Research & Development,1,3,Life Sciences,1,1818,3,Male,61,1,2,Human Resources,3,Single,7385,6402,1,Y,No,22,3,4,80,3,9,5,1,4,3,2,1
23,No,Travel_Rarely,242,Research & Development,10,1,Life Sciences,1,1819,4,Male,34,2,1,Research Scientist,4,Single,2712,19536,0,Y,No,15,3,1,80,2,0,6,3,0,0,0,0
30,No,Non-Travel,704,Research & Development,10,2,Technical Degree,1,1820,3,Male,83,2,2,Human Resources,3,Married,5226,19811,1,Y,No,21,3,3,80,2,3,6,4,2,1,1,0
31,No,Travel_Rarely,1424,Research & Development,9,5,Marketing,1,1821,1,Female,61,4,3,Sales Executive,2,Divorced,8013,13511,1,Y,Yes,23,3,2,80,2,10,4,1,8,5,1,3
50,No,Non-Travel,848,Sales,11,5,Technical Degree,1,1822,1,Male,48,2,4,Healthcare Representative,4,Married,14835,22651,2,Y,No,20,3,4,80,3,16,0,3,13,5,7,4
30,Yes,Travel_Rarely,1150,Research & Development,2,1,Medical,1,1823,1,Female,67,3,2,Human Resources,3,Divorced,4870,26031,0,Y,No,18,3,4,80,1,9,5,4,5,4,1,1
55,No,Travel_Rarely,1139,Research & Development,5,1,Medical,1,1824,1,Male,30,2,3,Healthcare Representative,3,Married,9547,5504,8,Y,Yes,21,3,1,80,1,18,5,1,6,3,1,4
51,No,Travel_Rarely,679,Research & Development,9,4,Life Sciences,1,1825,4,Male,59,2,4,Human Resources,3,Married,15275,7826,7,Y,No,12,3,3,80,0,16,5,2,5,3,1,4
56,No,Travel_Rarely,1097,Research & Development,22,3,Life Sciences,1,1826,4,Male,94,3,5,Human Resources,2,Single,19736,20811,1,Y,Yes,23,3,4,80,3,16,1,3,10,6,3,2
22,No,Travel_Rarely,1426,Sales,12,3,Technical Degree,1,1827,3,Male,57,3,1,Healthcare Representative,1,Married,2731,16766,0,Y,Yes,18,3,3,80,2,0,5,3,0,0,0,0
60,No,Travel_Frequently,541,Research & Development,18,5,Medical,1,1828,1,Female,55,3,5,Sales Representative,3,Single,17322,10235,5,Y,No,19,3,4,80,3,25,5,3,13,4,4,8
44,No,Travel_Rarely,169,Research & Development,4,5,Medical,1,1829,4,Male,61,2,3,Sales Executive,4,Single,8231,16553,3,Y,No,14,3,3,80,1,19,0,1,4,3,2,2
60,No,Travel_Frequently,1195,Research & Development,7,5,Medical,1,1830,2,Male,47,3,4,Laboratory Technician,4,Single,13198,16898,4,Y,No,13,3,4,80,1,17,0,4,7,2,2,4
33,No,Travel_Rarely,540,Research & Development,1,4,Marketing,1,1831,4,Female,45,2,2,Research Scientist,4,Single,4565,16852,1,Y,No,16,3,4,80,0,4,0,2,3,1,2,2
58,No,Travel_Rarely,997,Sales,2,5,Life Sciences,1,1832,3,Male,63,1,4,Sales Representative,2,Single,13713,15409,5,Y,No,23,3,4,80,3,18,4,3,17,14,9,14
43,No,Travel_Rarely,323,Research & Development,29,4,Medical,1,1833,2,Male,76,2,5,Healthcare Representative,4,Married,19575,2868,3,Y,Yes,11,3,1,80,1,14,2,3,7,3,3,2
21,No,Non-Travel,406,Research & Development,4,5,Medical,1,1834,4,Male,47,2,2,Healthcare Representative,1,Married,4753,20607,1,Y,Yes,20,3,4,80,0,2,5,3,2,1,1,1
35,No,Travel_Rarely,1159,Research & Development,5,3,Technical Degree,1,1835,3,Male,45,4,2,Human Resources,2,Single,3850,6767,2,Y,No,25,3,2,80,2,11,6,2,6,3,3,4
23,No,Travel_Rarely,142,Research & Development,6,1,Life Sciences,1,1836,4,Male,82,4,3,Sales Executive,3,Divorced,7350,15590,0,Y,Yes,21,3,3,80,3,4,0,2,0,0,0,0
58,No,Travel_Rarely,796,Sales,29,5,Life Sciences,1,1837,3,Male,65,1,4,Human Resources,2,Married,16028,15391,2,Y,No,15,3,3,80,0,19,5,1,13,10,2,6
31,No,Travel_Rarely,1158,Sales,4,5,Medical,1,1838,2,Female,51,2,2,Sales Executive,1,Divorced,6158,4420,0,Y,No,15,3,3,80,2,16,5,3,10,4,5,8
27,No,Non-Travel,758,Sales,11,2,Technical Degree,1,1839,1,Female,90,2,2,Research Scientist,1,Married,4351,9265,0,Y,No,16,4,1,80,1,4,0,2,3,2,1,2
41,Yes,Travel_Frequently,333,Sales,7,3,Other,1,1840,4,Female,100,1,2,Healthcare Representative,4,Single,7047,9047,3,Y,No,13,3,4,80,0,18,0,1,8,3,4,5
36,No,Travel_Rarely,988,Research & Development,8,3,Medical,1,1841,4,Male,90,1,2,Research Scientist,2,Divorced,5212,7101,1,Y,Yes,19,3,3,80,1,15,5,1,13,8,3,9
22,No,Non-Travel,259,Research & Development,3,4,Life Sciences,1,1842,1,Male,49,4,1,Manager,1,Divorced,5734,12004,1,Y,Yes,22,4,3,80,2,5,0,4,4,3,1,3
53,No,Travel_Frequently,912,Sales,7,4,Life Sciences,1,1843,3,Male,99,3,4,Sales Representative,3,Married,14314,9384,2,Y,No,18,3,3,80,3,11,1,2,4,3,2,2
54,No,Travel_Rarely,689,Research & Development,19,2,Medical,1,1844,4,Female,55,2,5,Sales Representative,2,Married,19679,16340,0,Y,No,11,3,3,80,0,18,6,3,13,9,5,9
49,No,Travel_Rarely,859,Research & Development,11,5,Life Sciences,1,1845,3,Female,35,1,4,Sales Executive,2,Married,15005,3632,0,Y,No,23,3,2,80,2,14,5,3,14,11,4,2
44,No,Travel_Rarely,1389,Research & Development,15,5,Medical,1,1846,2,Male,68,2,3,Sales Executive,4,Married,10283,6315,0,Y,No,17,3,3,80,3,13,6,4,8,5,4,6
35,No,Travel_Rarely,1338,Sales,4,5,Technical Degree,1,1847,1,Female,97,2,3,Sales Executive,3,Married,7973,14929,0,Y,No,18,3,2,80,3,5,1,4,5,4,2,4
41,Yes,Travel_Rarely,1105,Research & Development,20,3,Life Sciences,1,1848,4,Female,30,1,3,Laboratory Technician,1,Married,10179,10497,2,Y,No,18,3,4,80,3,14,5,4,6,2,0,4
40,No,Travel_Rarely,792,Sales,11,1,Life Sciences,1,1849,2,Male,30,4,3,Sales Executive,4,Single,7751,12435,4,Y,No,20,3,1,80,3,15,4,4,6,3,2,1
25,Yes,Non-Travel,1216,Research & Development,8,5,Life Sciences,1,1850,4,Female,30,3,2,Research Scientist,1,Single,5066,3668,0,Y,No,11,3,1,80,2,9,6,1,6,4,0,2
21,No,Non-Travel,242,Sales,9,1,Life Sciences,1,1851,2,Female,89,2,3,Research Director,3,Single,8511,8426,0,Y,No,14,4,3,80,0,2,1,2,2,1,1,1
28,No,Travel_Rarely,479,Research & Development,12,1,Medical,1,1852,4,Male,46,1,2,Human Resources,1,Single,6605,10127,2,Y,No,19,3,3,80,0,2,0,2,1,1,0,0
37,No,Travel_Rarely,750,Research & Development,12,2,Life Sciences,1,1853,1,Male,65,4,2,Sales Representative,2,Married,5104,2651,2,Y,Yes,16,4,3,80,1,11,2,4,3,2,1,2
24,Yes,Travel_Rarely,1268,Sales,29,1,Life Sciences,1,1854,3,Female,35,3,1,Sales Executive,4,Divorced,4981,14850,0,Y,No,12,3,3,80,3,10,3,2,7,4,4,5
22,Yes,Travel_Rarely,642,Sales,13,4,Life Sciences,1,1855,3,Male,97,4,1,Manufacturing Director,1,Single,4592,3349,1,Y,No,24,3,1,80,0,4,4,4,0,0,0,0
54,No,Travel_Rarely,682,Research & Development,12,3,Life Sciences,1,1856,1,Male,83,4,4,Sales Executive,4,Single,14048,25416,4,Y,No,14,3,4,80,3,19,6,1,10,3,4,4
34,Yes,Travel_Rarely,1430,Research & Development,10,2,Medical,1,1857,3,Male,70,2,2,Research Scientist,2,Single,4341,3086,1,Y,Yes,14,3,4,80,2,8,4,3,5,2,2,4
43,No,Travel_Rarely,1470,Research & Development,14,1,Medical,1,1858,2,Male,91,3,3,Laboratory Technician,2,Married,9701,6520,0,Y,No,25,4,1,80,2,11,6,1,10,4,1,8
40,No,Travel_Rarely,154,Sales,22,2,Medical,1,1859,3,Male,44,2,3,Human Resources,4,Married,5985,15071,3,Y,No,14,3,1,80,0,14,5,4,6,2,3,4
49,No,Travel_Rarely,897,Sales,2,4,Medical,1,1860,1,Male,59,1,3,Healthcare Representative,3,Married,9390,2781,1,Y,Yes,19,3,3,80,1,15,2,4,9,7,1,4
49,No,Travel_Rarely,1069,Research & Development,2,4,Life Sciences,1,1861,1,Male,98,1,3,Research Scientist,2,Divorced,7511,17627,5,Y,Yes,18,4,2,80,1,17,5,3,5,2,2,3
30,No,Non-Travel,948,Research & Development,10,2,Medical,1,1862,3,Male,66,1,3,Healthcare Representative,3,Divorced,10008,11488,0,Y,Yes,25,3,1,80,1,9,2,3,9,7,4,4
54,No,Travel_Rarely,1454,Sales,6,1,Life Sciences,1,1863,4,Female,51,4,5,Human Resources,2,Divorced,17337,2578,4,Y,Yes,25,4,1,80,3,19,5,2,16,14,7,4
33,No,Travel_Rarely,1380,Research & Development,12,3,Human Resources,1,1864,1,Female,73,4,2,Sales Executive,1,Divorced,4705,17225,3,Y,No,18,3,3,80,1,10,4,3,8,3,2,5
53,No,Travel_Rarely,452,Research & Development,12,4,Life Sciences,1,1865,1,Male,96,2,4,Sales Representative,2,Married,14526,3956,3,Y,No,11,3,2,80,3,14,1,3,9,8,4,6
35,No,Travel_Rarely,1426,Sales,10,1,Medical,1,1866,2,Female,36,4,1,Sales Executive,1,Married,3722,17227,2,Y,No,23,3,4,80,3,6,0,2,2,1,1,1
22,No,Travel_Rarely,689,Sales,26,4,Life Sciences,1,1867,1,Male,100,3,1,Sales Executive,2,Married,2249,18660,0,Y,Yes,20,3,2,80,2,3,6,3,3,2,1,2
50,No,Travel_Rarely,126,Sales,6,1,Marketing,1,1868,1,Male,63,1,3,Human Resources,4,Divorced,8101,10700,2,Y,No,11,3,3,80,1,16,5,1,13,12,5,10
19,No,Travel_Rarely,605,Research & Development,7,2,Life Sciences,1,1869,3,Male,36,1,2,Sales Executive,3,Single,6643,17213,0,Y,Yes,13,3,2,80,0,0,0,2,0,0,0,0
51,No,Travel_Rarely,426,Research & Development,29,4,Human Resources,1,1870,4,Female,98,2,3,Manager,1,Single,9708,3030,2,Y,Yes,15,3,3,80,0,17,1,2,16,6,4,3
19,No,Travel_Rarely,1394,Research & Development,4,1,Life Sciences,1,1871,3,Male,70,4,1,Sales Executive,3,Single,2578,23773,0,Y,No,23,3,3,80,2,5,3,4,5,2,1,1
26,No,Travel_Rarely,960,Sales,9,2,Marketing,1,1872,2,Male,44,3,2,Healthcare Representative,3,Married,4771,24979,2,Y,No,15,3,2,80,0,9,3,2,4,2,1,2
43,No,Travel_Rarely,533,Research & Development,9,1,Medical,1,1873,1,Female,42,2,3,Healthcare Representative,2,Married,6857,6317,2,Y,No,24,3,4,80,3,18,2,4,17,15,7,12
58,Yes,Travel_Rarely,107,Research & Development,16,2,Life Sciences,1,1874,3,Female,35,4,4,Research Director,1,Single,14304,14590,0,Y,No,12,3,3,80,1,15,1,4,10,4,1,5
35,No,Travel_Rarely,616,Research & Development,11,4,Life Sciences,1,1875,4,Female,67,2,4,Sales Representative,3,Married,14975,12435,1,Y,No,18,3,1,80,1,5,4,4,5,3,0,1
23,No,Travel_Rarely,545,Research & Development,3,2,Life Sciences,1,1876,1,Female,49,4,1,Manager,3,Married,3182,21433,1,Y,No,25,3,4,80,2,3,5,3,1,0,0,0
28,No,Travel_Rarely,728,Sales,8,1,Marketing,1,1877,3,Female,52,3,2,Laboratory Technician,2,Divorced,4390,7445,0,Y,No,20,3,2,80,0,6,4,2,5,2,0,1
56,No,Travel_Rarely,376,Research & Development,7,2,Technical Degree,1,1878,2,Male,68,3,4,Sales Executive,1,Single,16144,11978,3,Y,Yes,18,3,3,80,3,18,6,1,14,7,5,8
49,Yes,Travel_Rarely,850,Research & Development,19,1,Life Sciences,1,1879,2,Male,98,1,4,Healthcare Representative,1,Single,11476,11385,2,Y,Yes,16,4,2,80,2,14,2,4,11,5,3,5
22,No,Travel_Rarely,833,Research & Development,29,4,Life Sciences,1,1880,3,Female,91,1,2,Laboratory Technician,1,Married,6554,22800,1,Y,No,19,3,1,80,3,2,3,3,2,1,0,0
34,No,Travel_Rarely,1110,Sales,26,5,Life Sciences,1,1881,1,Female,37,4,4,Sales Executive,3,Married,14260,15007,1,Y,No,14,3,3,80,3,10,2,4,7,3,1,4
29,Yes,Travel_Rarely,936,Research & Development,11,1,Life Sciences,1,1882,1,Female,55,4,1,Human Resources,1,Divorced,3562,21636,0,Y,No,18,3,3,80,0,2,6,3,2,1,0,2
25,Yes,Travel_Rarely,1114,Research & Development,23,4,Medical,1,1883,1,Male,45,2,2,Research Scientist,1,Married,4556,3967,0,Y,Yes,11,4,3,80,3,13,2,4,2,1,1,1
54,No,Travel_Frequently,366,Research & Development,23,2,Life Sciences,1,1884,3,Female,54,4,5,Sales Executive,4,Divorced,18817,4467,7,Y,No,14,3,3,80,0,18,2,1,13,6,3,3
44,No,Non-Travel,293,Research & Development,29,1,Life Sciences,1,1885,4,Male,94,2,4,Human Resources,2,Single,14352,25632,2,Y,No,21,3,3,80,3,17,5,1,5,4,2,3
25,Yes,Non-Travel,851,Research & Development,1,4,Technical Degree,1,1886,2,Female,54,2,2,Manufacturing Director,1,Married,5397,3370,0,Y,Yes,24,3,3,80,1,3,2,1,3,2,1,2
45,No,Travel_Rarely,1485,Sales,8,2,Marketing,1,1887,3,Female,75,2,3,Manager,4,Divorced,6347,18774,2,Y,No,17,3,1,80,1,16,2,2,15,8,4,3
35,No,Travel_Rarely,656,Research & Development,18,3,Marketing,1,1888,4,Male,89,2,3,Sales Executive,2,Single,10555,5817,4,Y,No,21,3,3,80,3,10,5,1,6,2,0,2
20,No,Travel_Rarely,1121,Research & Development,6,3,Life Sciences,1,1889,4,Female,49,4,2,Laboratory Technician,1,Divorced,6280,14973,0,Y,Yes,17,3,4,80,1,5,0,1,5,1,1,3
37,No,Travel_Rarely,1486,Human Resources,3,3,Technical Degree,1,1890,1,Female,63,1,4,Healthcare Representative,2,Single,14042,22586,1,Y,No,12,4,4,80,3,9,0,4,9,7,2,3
25,No,Travel_Rarely,234,Sales,4,1,Medical,1,1891,4,Female,87,4,2,Research Scientist,1,Married,5619,13917,1,Y,Yes,25,3,1,80,0,10,6,1,4,3,1,3
28,Yes,Travel_Rarely,192,Sales,15,2,Medical,1,1892,2,Male,53,2,2,Manager,2,Single,7520,8806,1,Y,Yes,17,3,4,80,0,1,1,4,1,0,1,1
55,No,Travel_Rarely,1024,Research & Development,7,4,Life Sciences,1,1893,4,Male,77,4,3,Research Scientist,4,Married,7609,6174,1,Y,Yes,12,3,1,80,1,21,5,3,19,9,3,5
48,No,Travel_Rarely,1276,Sales,4,5,Technical Degree,1,1894,4,Male,42,4,3,Sales Executive,4,Divorced,7338,11951,2,Y,Yes,11,3,1,80,1,15,4,3,4,2,1,3
23,Yes,Travel_Rarely,1037,Research & Development,29,1,Medical,1,1895,1,Male,95,3,1,Sales Executive,2,Single,4020,25614,0,Y,Yes,14,4,1,80,3,0,1,1,0,0,0,0
54,No,Travel_Rarely,1498,Research & Development,15,3,Marketing,1,1896,4,Female,38,1,4,Research Scientist,2,Single,14555,16498,1,Y,No,21,3,3,80,3,25,1,1,16,5,8,8
42,No,Non-Travel,154,Sales,28,5,Medical,1,1897,1,Male,78,3,4,Research Scientist,3,Married,12788,13664,2,Y,Yes,15,3,1,80,1,19,6,1,10,9,3,3
55,No,Travel_Rarely,858,Research & Development,8,2,Marketing,1,1898,2,Female,99,4,3,Sales Representative,3,Single,9806,18329,4,Y,Yes,18,3,3,80,2,11,6,2,4,1,1,2
50,No,Travel_Rarely,1090,Research & Development,21,3,Medical,1,1899,3,Male,40,4,4,Manufacturing Director,4,Married,14354,15310,2,Y,No,13,3,2,80,1,17,1,4,12,11,1,9
32,No,Non-Travel,1052,Research & Development,5,5,Human Resources,1,1900,1,Male,64,1,2,Sales Executive,3,Divorced,4422,12712,0,Y,No,24,3,4,80,1,10,3,2,10,2,5,2
40,Yes,Travel_Rarely,149,Research & Development,7,5,Life Sciences,1,1901,1,Female,97,3,4,Manufacturing Director,1,Single,14588,6227,2,Y,No,25,4,1,80,1,13,6,1,4,2,1,2
40,No,Travel_Rarely,280,Sales,8,4,Life Sciences,1,1902,2,Male,35,2,3,Research Scientist,4,Married,8909,13280,1,Y,No,25,4,2,80,0,17,1,2,4,2,1,3
48,Yes,Travel_Rarely,1494,Sales,7,4,Medical,1,1903,3,Female,51,3,4,Laboratory Technician,2,Married,13894,8844,4,Y,No,20,3,3,80,2,20,4,2,17,6,3,7
28,No,Travel_Rarely,592,Research & Development,4,4,Medical,1,1904,3,Male,94,3,2,Research Director,4,Single,5961,10266,1,Y,No,12,3,1,80,0,7,2,3,1,1,0,0
32,No,Travel_Rarely,358,Research & Development,7,2,Medical,1,1905,4,Female,39,4,3,Manager,4,Single,9251,9635,4,Y,No,12,3,2,80,1,16,6,4,8,4,3,2
28,No,Travel_Frequently,355,Research & Development,3,5,Medical,1,1906,2,Male,97,1,3,Healthcare Representative,1,Married,9597,4435,1,Y,Yes,12,3,3,80,0,9,1,1,5,1,0,3
30,No,Travel_Frequently,342,Research & Development,12,1,Medical,1,1907,3,Male,82,3,2,Research Scientist,3,Married,5629,15068,1,Y,No,18,3,3,80,1,6,3,4,0,0,0,0
24,No,Travel_Frequently,916,Sales,24,1,Marketing,1,1908,1,Female,46,3,1,Sales Executive,4,Divorced,2675,5787,0,Y,No,24,3,2,80,2,2,4,1,0,0,0,0
19,No,Non-Travel,805,Research & Development,6,4,Life Sciences,1,1909,2,Male,44,2,1,Manager,2,Married,3287,12269,1,Y,No,22,3,1,80,2,6,4,2,5,1,2,2
58,No,Travel_Rarely,1418,Sales,10,5,Technical Degree,1,1910,3,Male,52,2,5,Manufacturing Director,4,Married,19999,24256,4,Y,Yes,18,3,2,80,2,17,0,3,11,2,2,6
21,No,Travel_Frequently,768,Sales,23,5,Life Sciences,1,1911,2,Male,67,2,1,Healthcare Representative,3,Divorced,3756,23135,0,Y,No,22,3,1,80,2,1,0,1,0,0,0,0
56,No,Travel_Rarely,143,Research & Development,29,4,Medical,1,1912,1,Female,98,3,4,Human Resources,4,Divorced,13608,26372,3,Y,No,18,3,4,80,1,18,5,2,18,15,5,5
18,No,Travel_Rarely,841,Research & Development,22,2,Technical Degree,1,1913,1,Male,86,1,2,Research Scientist,4,Divorced,5567,5806,1,Y,No,20,3,3,80,3,3,5,3,3,1,1,1
51,No,Travel_Frequently,792,Research & Development,12,2,Life Sciences,1,1914,4,Male,31,4,4,Sales Representative,4,Single,15999,22651,1,Y,No,19,3,2,80,2,16,1,3,9,6,2,5
32,No,Travel_Frequently,559,Research & Development,17,3,Life Sciences,1,1915,4,Male,71,1,2,Manufacturing Director,1,Divorced,6399,22373,0,Y,No,20,3,2,80,0,3,4,1,2,1,1,0
40,No,Travel_Frequently,1112,Research & Development,18,2,Life Sciences,1,1916,1,Female,53,2,3,Research Scientist,3,Divorced,8682,9709,1,Y,No,17,3,1,80,0,15,1,4,13,5,3,4
30,Yes,Travel_Rarely,1416,Research & Development,17,3,Medical,1,1917,1,Female,67,4,3,Sales Executive,4,Divorced,9868,11156,1,Y,No,22,3,2,80,2,5,2,2,5,3,1,4
39,No,Travel_Rarely,703,Research & Development,7,1,Life Sciences,1,1918,4,Male,60,1,3,Healthcare Representative,2,Married,7848,6535,2,Y,No,20,3,1,80,0,18,4,3,13,9,2,10
37,No,Travel_Rarely,1115,Research & Development,20,2,Life Sciences,1,1919,1,Female,71,2,3,Research Scientist,1,Divorced,8895,26165,0,Y,No,15,3,3,80,0,11,4,1,1,1,0,0
40,No,Travel_Rarely,854,Research & Development,24,5,Technical Degree,1,1920,3,Male,84,4,2,Manager,2,Married,7751,14775,2,Y,No,25,3,1,80,0,16,2,4,12,4,5,9
34,Yes,Travel_Frequently,1116,Research & Development,1,4,Life Sciences,1,1921,2,Male,46,2,2,Manager,3,Married,6284,9282,2,Y,Yes,18,4,1,80,3,11,5,4,5,1,1,3
41,No,Travel_Frequently,734,Sales,8,1,Medical,1,1922,4,Female,56,2,3,Laboratory Technician,4,Married,10445,4450,2,Y,No,20,3,1,80,0,16,3,3,5,4,2,4
53,No,Travel_Rarely,464,Sales,16,2,Medical,1,1923,3,Female,33,1,4,Manufacturing Director,4,Married,13899,14553,3,Y,Yes,18,3,1,80,0,19,5,1,13,8,6,11
36,No,Travel_Rarely,936,Research & Development,13,2,Life Sciences,1,1924,4,Male,54,1,3,Healthcare Representative,4,Married,7929,24881,0,Y,Yes,15,3,2,80,3,10,3,4,8,4,3,5
33,No,Travel_Rarely,649,Research & Development,16,2,Life Sciences,1,1925,1,Female,100,1,2,Laboratory Technician,4,Single,6892,11605,0,Y,No,12,3,1,80,0,12,2,2,9,3,1,4
23,No,Travel_Rarely,197,Research & Development,5,4,Other,1,1926,1,Male,81,4,1,Research Director,1,Married,1009,21221,0,Y,No,14,3,1,80,0,12,1,3,11,8,4,3
33,No,Travel_Rarely,1137,Sales,1,5,Medical,1,1927,4,Male,78,3,2,Sales Executive,4,Married,5716,10507,0,Y,Yes,25,3,1,80,3,7,0,3,7,2,3,4
23,No,Non-Travel,865,Research & Development,13,4,Life Sciences,1,1928,1,Male,90,1,1,Human Resources,3,Married,4237,26341,1,Y,No,25,3,3,80,0,7,3,4,1,1,0,0
25,No,Travel_Rarely,953,Research & Development,11,3,Marketing,1,1929,2,Female,70,4,2,Sales Executive,1,Married,6175,17919,0,Y,Yes,13,3,1,80,0,5,3,4,1,1,0,1
58,No,Non-Travel,816,Sales,24,1,Medical,1,1930,1,Male,36,3,4,Sales Executive,1,Divorced,11477,23410,2,Y,No,19,4,2,80,3,21,6,2,6,2,1,1
21,No,Travel_Rarely,1340,Research & Development,16,1,Life Sciences,1,1931,1,Male,76,2,2,Manager,2,Divorced,3885,17047,0,Y,No,14,3,2,80,0,3,1,1,3,2,1,2
38,No,Travel_Frequently,356,Research & Development,1,5,Medical,1,1932,3,Female,40,2,4,Sales Executive,2,Married,13863,12275,0,Y,Yes,19,3,3,80,1,3,0,2,1,1,0,1
53,No,Travel_Rarely,214,Research & Development,16,4,Medical,1,1933,1,Male,43,1,4,Research Scientist,1,Single,14570,3263,1,Y,No,20,3,1,80,1,17,6,2,4,2,1,1
58,No,Travel_Rarely,849,Sales,29,3,Life Sciences,1,1934,1,Male,76,3,4,Sales Executive,2,Married,14617,9919,3,Y,Yes,11,3,4,80,0,23,4,2,19,16,7,11
24,No,Travel_Rarely,1317,Research & Development,23,3,Technical Degree,1,1935,4,Male,95,3,2,Manager,3,Divorced,5493,7734,1,Y,Yes,25,3,1,80,1,2,0,2,2,1,1,1
25,No,Travel_Rarely,749,Sales,16,5,Life Sciences,1,1936,3,Male,52,3,1,Manufacturing Director,2,Married,3876,22870,0,Y,No,24,3,4,80,0,8,2,3,4,1,1,2
34,Yes,Non-Travel,687,Research & Development,7,5,Life Sciences,1,1937,1,Female,51,2,2,Sales Executive,3,Divorced,6024,16226,1,Y,Yes,25,3,2,80,3,9,6,3,7,3,4,6
41,No,Travel_Rarely,930,Research & Development,10,1,Life Sciences,1,1938,4,Female,77,3,2,Laboratory Technician,3,Divorced,5346,16735,2,Y,No,18,3,2,80,0,11,6,2,7,4,1,4
59,No,Travel_Rarely,580,Research & Development,9,2,Marketing,1,1939,4,Female,52,4,3,Sales Executive,2,Married,9145,26382,2,Y,No,21,3,1,80,1,23,3,3,10,4,1,3
26,No,Travel_Rarely,889,Sales,18,1,Medical,1,1940,2,Female,42,3,2,Human Resources,1,Married,4723,23977,2,Y,No,25,4,2,80,0,7,0,4,0,0,0,0
25,No,Travel_Rarely,1450,Research & Development,17,2,Technical Degree,1,1941,2,Male,46,3,1,Sales Executive,2,Married,3764,18825,2,Y,No,13,3,4,80,0,6,4,3,2,1,0,1
28,No,Travel_Rarely,667,Sales,12,4,Life Sciences,1,1942,3,Female,87,1,2,Manufacturing Director,3,Married,4484,10193,2,Y,No,13,3,3,80,2,10,0,3,3,1,1,1
55,No,Travel_Rarely,777,Research & Development,22,2,Marketing,1,1943,1,Male,73,2,5,Laboratory Technician,2,Single,19585,4800,5,Y,No,23,3,3,80,1,19,2,2,14,5,1,10
19,No,Travel_Rarely,1193,Human Resources,6,1,Medical,1,1944,4,Female,52,1,2,Manufacturing Director,3,Single,6055,15703,1,Y,Yes,15,3,2,80,1,0,2,2,0,0,0,0
34,No,Travel_Rarely,1041,Research & Development,21,3,Life Sciences,1,1945,1,Female,100,2,3,Human Resources,4,Single,8141,26715,1,Y,No,13,3,4,80,1,7,5,1,5,3,2,2
23,Yes,Travel_Frequently,601,Research & Development,29,3,Life Sciences,1,1946,4,Male,53,4,2,Research Scientist,4,Married,6262,13608,2,Y,Yes,14,3,4,80,0,0,4,3,0,0,0,0
24,No,Travel_Frequently,834,Research & Development,27,4,Marketing,1,1947,3,Female,78,3,2,Manager,3,Single,7351,26537,0,Y,Yes,21,3,2,80,3,7,3,1,1,0,0,0
57,No,Travel_Rarely,764,Research & Development,21,1,Life Sciences,1,1948,1,Male,42,4,4,Laboratory Technician,1,Married,12776,6657,4,Y,No,16,3,3,80,3,22,0,4,21,18,7,10
18,No,Travel_Rarely,658,Research & Development,7,2,Medical,1,1949,2,Male,96,2,1,Healthcare Representative,3,Married,4145,3628,0,Y,No,15,3,2,80,1,5,0,4,4,3,2,2
31,No,Travel_Frequently,697,Research & Development,14,4,Medical,1,1950,2,Male,45,4,3,Research Scientist,2,Married,9804,15569,2,Y,No,25,3,1,80,0,9,5,4,5,2,1,2
57,No,Travel_Rarely,124,Sales,18,4,Life Sciences,1,1951,4,Female,60,3,4,Research Scientist,2,Divorced,13751,11404,4,Y,No,25,3,3,80,3,22,4,1,22,16,8,16
44,No,Non-Travel,780,Research & Development,14,5,Other,1,1952,3,Male,72,3,4,Sales Executive,3,Married,14961,4171,3,Y,No,17,3,2,80,1,8,2,3,2,2,0,2
21,Yes,Travel_Rarely,540,Sales,18,5,Marketing,1,1953,2,Female,66,4,2,Sales Executive,4,Single,5195,25576,1,Y,No,14,3,1,80,0,2,5,2,2,1,0,1
37,No,Travel_Rarely,1219,Human Resources,29,5,Medical,1,1954,2,Male,71,2,2,Human Resources,3,Divorced,7007,11433,0,Y,No,23,3,4,80,0,5,6,1,0,0,0,0
59,No,Travel_Rarely,982,Sales,26,3,Medical,1,1955,1,Male,84,2,5,Sales Representative,2,Divorced,15713,8428,1,Y,No,22,3,3,80,3,19,0,3,4,2,1,3
35,No,Travel_Rarely,1093,Sales,29,5,Medical,1,1956,3,Female,88,3,4,Research Scientist,2,Married,15734,15379,3,Y,No,22,3,3,80,0,15,6,4,12,6,3,3
40,No,Travel_Rarely,473,Research & Development,25,3,Marketing,1,1957,3,Female,54,2,4,Laboratory Technician,2,Married,12665,23146,3,Y,No,14,3,4,80,1,15,1,2,9,7,1,3
40,No,Travel_Rarely,161,Sales,10,5,Life Sciences,1,1958,4,Female,74,3,3,Manager,2,Single,8608,5711,1,Y,Yes,15,4,3,80,2,14,5,4,10,6,5,2
46,No,Travel_Rarely,639,Research & Development,5,2,Medical,1,1959,3,Female,70,4,3,Research Scientist,4,Married,7523,11202,0,Y,No,12,4,4,80,1,13,4,1,10,3,2,5
26,No,Non-Travel,792,Research & Development,10,3,Life Sciences,1,1960,2,Male,60,1,2,Laboratory Technician,4,Single,7296,20863,0,Y,No,19,3,3,80,0,2,5,4,2,1,0,1
54,No,Travel_Rarely,705,Sales,13,4,Medical,1,1961,2,Male,65,3,4,Manager,2,Married,13725,18700,1,Y,No,11,3,1,80,2,18,0,3,5,3,2,3
60,No,Travel_Rarely,276,Sales,24,2,Medical,1,1962,2,Male,87,2,5,Research Scientist,2,Single,18349,6846,5,Y,No,23,4,2,80,0,24,4,3,9,2,1,4
24,No,Travel_Rarely,384,Research & Development,21,1,Life Sciences,1,1963,3,Female,78,1,2,Laboratory Technician,4,Married,6844,2777,1,Y,No,15,3,3,80,3,6,6,3,6,3,1,2
53,No,Travel_Rarely,1120,Sales,6,5,Other,1,1964,1,Male,31,1,3,Sales Executive,1,Single,9379,20238,3,Y,No,20,3,2,80,1,12,5,1,8,2,3,3
53,No,Travel_Rarely,1363,Sales,14,3,Life Sciences,1,1965,1,Female,34,4,5,Sales Executive,2,Single,18600,7311,0,Y,No,13,3,2,80,2,18,5,2,8,6,4,1
49,Yes,Travel_Rarely,1480,Sales,29,5,Life Sciences,1,1966,4,Male,79,2,4,Manager,4,Single,12811,2690,1,Y,Yes,14,3,3,80,3,9,1,4,1,0,0,1
33,Yes,Travel_Rarely,810,Research & Development,6,2,Life Sciences,1,1967,1,Female,67,1,2,Manager,4,Married,4149,23992,2,Y,No,15,3,2,80,3,11,1,2,9,2,1,3
38,No,Travel_Rarely,966,Research & Development,11,5,Medical,1,1968,1,Female,68,3,3,Human Resources,4,Single,10030,19250,0,Y,No,23,3,1,80,1,8,5,1,5,4,1,1
54,No,Travel_Rarely,949,Sales,9,4,Life Sciences,1,1969,3,Male,90,1,5,Sales Executive,4,Married,19503,13407,2,Y,No,25,3,3,80,0,13,2,2,11,3,5,2
24,No,Travel_Rarely,632,Research & Development,23,4,Medical,1,1970,1,Female,45,2,2,Manager,1,Married,5708,12066,2,Y,No,19,3,3,80,0,7,3,1,3,2,1,2
53,No,Travel_Frequently,561,Research & Development,29,4,Marketing,1,1971,3,Male,48,1,4,Human Resources,1,Married,14591,23791,3,Y,No,12,3,4,80,1,19,1,2,2,1,1,1
57,No,Travel_Rarely,203,Sales,9,2,Life Sciences,1,1972,3,Male,75,3,5,Healthcare Representative,4,Single,16662,21771,2,Y,No,25,3,1,80,1,20,5,3,17,13,5,10
47,No,Travel_Rarely,152,Research & Development,7,5,Other,1,1973,1,Female,85,4,3,Human Resources,2,Divorced,8111,15238,4,Y,Yes,15,3,2,80,3,22,3,1,18,6,9,13
32,No,Non-Travel,566,Research & Development,4,5,Life Sciences,1,1974,2,Male,100,4,1,Human Resources,2,Married,2642,16089,1,Y,No,20,4,4,80,1,10,3,2,8,2,2,4
42,No,Travel_Rarely,616,Research & Development,13,4,Medical,1,1975,4,Male,95,1,3,Sales Representative,2,Single,9678,15455,4,Y,No,14,4,2,80,3,10,6,3,8,3,4,2
20,No,Travel_Rarely,835,Research & Development,23,5,Life Sciences,1,1976,2,Male,54,4,2,Human Resources,4,Single,3737,11558,1,Y,Yes,17,3,3,80,1,4,4,4,1,1,0,1
58,No,Travel_Frequently,1458,Research & Development,2,5,Medical,1,1977,3,Male,42,3,3,Healthcare Representative,2,Single,9764,14559,4,Y,No,11,3,2,80,3,18,3,1,13,10,5,3
32,Yes,Travel_Rarely,1332,Sales,11,4,Technical Degree,1,1978,3,Male,75,4,2,Laboratory Technician,3,Married,7653,18625,2,Y,No,17,3,1,80,1,12,2,3,9,4,1,6
20,No,Travel_Frequently,373,Research & Development,16,3,Life Sciences,1,1979,2,Male,43,1,1,Human Resources,3,Single,1009,18202,0,Y,No,21,3,3,80,3,3,4,3,3,1,1,2
52,Yes,Travel_Rarely,818,Research & Development,21,5,Life Sciences,1,1980,3,Male,61,4,4,Sales Representative,2,Divorced,14020,11754,2,Y,No,24,3,4,80,2,18,2,1,11,3,2,5
46,Yes,Non-Travel,879,Research & Development,15,1,Life Sciences,1,1981,2,Male,51,2,3,Sales Executive,4,Married,9099,22696,0,Y,No,25,3,4,80,0,9,1,1,8,3,0,3
44,No,Non-Travel,1477,Sales,5,3,Life Sciences,1,1982,1,Female,57,2,2,Research Scientist,4,Single,6548,10965,5,Y,No,25,3,3,80,3,13,2,3,11,4,3,7
20,No,Travel_Rarely,667,Research & Development,8,5,Other,1,1983,2,Female,92,4,1,Research Scientist,2,Married,1009,20474,1,Y,No,25,3,2,80,0,2,2,4,1,1,0,1
50,No,Travel_Frequently,617,Sales,29,5,Medical,1,1984,2,Male,51,3,5,Research Director,4,Single,19405,12694,3,Y,Yes,17,4,3,80,3,12,5,4,6,1,3,2
45,No,Travel_Rarely,1165,Research & Development,19,2,Medical,1,1985,4,Female,90,3,3,Research Scientist,3,Single,8238,25583,2,Y,No,14,3,1,80,3,13,3,4,3,2,1,2
52,No,Travel_Rarely,102,Research & Development,9,1,Other,1,1986,3,Female,46,3,4,Research Scientist,1,Single,13660,19786,0,Y,No,13,3,2,80,0,18,1,4,6,1,3,2
53,No,Travel_Rarely,236,Research & Development,11,2,Technical Degree,1,1987,3,Female,51,2,5,Laboratory Technician,4,Single,19999,19948,3,Y,No,13,3,1,80,2,17,1,3,8,6,2,6
27,Yes,Travel_Rarely,980,Sales,5,5,Marketing,1,1988,2,Male,46,4,1,Sales Executive,3,Single,2741,17409,0,Y,No,11,3,3,80,3,1,6,1,1,0,0,1
27,No,Travel_Rarely,566,Research & Development,2,3,Life Sciences,1,1989,3,Female,83,1,2,Human Resources,4,Divorced,6040,6546,0,Y,No,21,4,3,80,3,5,6,3,0,0,0,0
57,No,Travel_Rarely,408,Sales,12,1,Life Sciences,1,1990,4,Male,84,3,5,Laboratory Technician,4,Married,18856,24919,0,Y,No,15,3,3,80,1,17,5,2,6,5,1,2
40,No,Travel_Rarely,1256,Sales,7,1,Life Sciences,1,1991,4,Male,32,1,4,Sales Executive,4,Divorced,14289,19631,1,Y,No,18,3,1,80,1,12,5,2,6,2,2,3
36,No,Travel_Rarely,442,Research & Development,16,2,Life Sciences,1,1992,1,Male,52,2,2,Research Scientist,3,Single,6163,2103,0,Y,No,16,3,2,80,3,10,6,1,1,1,0,1
30,No,Non-Travel,138,Research & Development,29,2,Life Sciences,1,1993,2,Female,96,3,2,Sales Representative,1,Divorced,6572,9553,1,Y,No,19,3,1,80,1,5,4,1,5,4,1,1
45,No,Travel_Rarely,126,Research & Development,15,1,Life Sciences,1,1994,2,Male,67,4,4,Healthcare Representative,2,Married,13068,6102,4,Y,No,17,3,3,80,2,12,6,4,9,8,0,3
50,No,Travel_Frequently,1371,Research & Development,15,3,Life Sciences,1,1995,3,Male,42,4,5,Laboratory Technician,1,Single,19183,5448,2,Y,Yes,19,3,3,80,0,16,6,1,16,13,2,10
18,Yes,Travel_Frequently,844,Sales,23,3,Medical,1,1996,3,Male,45,3,1,Research Scientist,1,Divorced,3226,14397,0,Y,No,13,3,1,80,2,5,3,3,5,2,1,1
41,No,Travel_Frequently,121,Sales,4,1,Life Sciences,1,1997,4,Male,63,4,3,Human Resources,3,Single,6522,21880,1,Y,Yes,24,3,3,80,1,13,1,2,7,3,0,1
60,No,Travel_Rarely,447,Research & Development,18,2,Life Sciences,1,1998,3,Female,45,1,5,Sales Representative,4,Married,17856,18771,3,Y,No,18,4,4,80,1,25,6,2,15,10,4,10
30,No,Travel_Frequently,560,Research & Development,5,4,Life Sciences,1,1999,4,Male,60,3,3,Manager,4,Divorced,9569,25347,1,Y,No,21,3,1,80,3,11,5,2,7,3,1,4
30,No,Travel_Frequently,1491,Research & Development,23,5,Medical,1,2000,1,Female,71,3,3,Laboratory Technician,2,Married,7946,4326,2,Y,No,25,3,4,80,2,12,3,2,9,5,1,5
