Age,Attrition,DailyRate,DistanceFromHome,Education,EnvironmentSatisfaction,HourlyRate,JobInvolvement,JobLevel,JobSatisfaction,MonthlyIncome,MonthlyRate,NumCompaniesWorked,PercentSalaryHike,PerformanceRating,RelationshipSatisfaction,StockOptionLevel,TotalWorkingYears,TrainingTimesLastYear,WorkLifeBalance,YearsAtCompany,YearsInCurrentRole,YearsSinceLastPromotion,YearsWithCurrManager,OverallSatisfaction,CareerGrowthScore,CompanyExperienceRatio,BusinessTravel_Travel_Frequently,BusinessTravel_Travel_Rarely,Department_Research & Development,Department_Sales,EducationField_Life Sciences,EducationField_Marketing,EducationField_Medical,EducationField_Other,EducationField_Technical Degree,Gender_Male,JobRole_Human Resources,JobRole_Laboratory Technician,JobRole_Manager,JobRole_Manufacturing Director,JobRole_Research Director,JobRole_Research Scientist,JobRole_Sales Executive,JobRole_Sales Representative,MaritalStatus_Married,MaritalStatus_Single,OverTime_Yes,SalaryLevel_Medium,SalaryLevel_High,SalaryLevel_Very High,TenureLevel_Short Term,TenureLevel_Experienced,TenureLevel_Long Term
21,1,157,23,2,2,68,1,1,3,3494,13700,0,20,3,1,3,5,4,2,4,2,1,3,2.0,4,0.6666666666666666,False,True,True,False,False,False,True,False,False,False,True,False,False,False,False,False,False,False,True,False,True,False,False,False,True,False,False
51,0,969,16,4,3,89,3,3,3,10333,16607,4,15,3,3,0,22,2,2,16,11,6,14,2.75,20,0.6956521739130435,False,True,True,False,False,False,False,False,True,True,False,False,False,False,False,False,False,True,True,False,False,False,True,False,False,False,True
46,0,1374,4,1,2,61,3,3,4,8085,3501,2,11,3,1,3,15,6,3,11,9,2,3,2.5,14,0.6875,True,False,False,True,True,False,False,False,False,False,False,True,False,False,False,False,False,False,False,True,False,False,True,False,False,False,True
36,0,273,14,5,3,81,4,2,2,5187,14677,2,25,3,3,0,12,5,2,6,5,0,2,2.5,7,0.46153846153846156,False,True,True,False,True,False,False,False,False,False,False,False,False,False,False,False,True,False,False,True,True,True,False,False,False,True,False
36,0,686,6,3,4,32,3,2,4,3952,3459,0,12,3,1,0,12,3,2,6,2,3,2,2.75,7,0.46153846153846156,False,True,False,True,False,True,False,False,False,True,False,True,False,False,False,False,False,False,False,True,True,False,False,False,False,True,False
54,0,200,22,3,1,55,2,4,3,13350,19357,4,15,4,4,0,24,4,1,12,10,6,8,2.25,20,0.48,False,True,True,False,False,False,True,False,False,False,False,False,False,False,False,True,False,False,False,True,False,False,False,True,False,False,True
21,0,252,7,1,2,62,3,1,1,3850,15151,0,18,3,2,0,4,6,1,1,0,0,1,1.5,1,0.2,True,False,True,False,False,False,True,False,False,True,False,False,False,False,False,False,True,False,True,False,False,False,False,False,False,False,False
47,0,1458,25,3,1,35,1,3,1,10395,17959,2,16,3,3,0,17,2,4,13,5,1,7,2.25,9,0.7222222222222222,False,True,False,True,False,True,False,False,False,False,False,False,False,False,False,False,True,False,False,False,False,False,True,False,False,False,True
26,1,451,24,1,4,48,2,2,2,5148,10437,0,13,3,3,1,5,6,1,0,0,0,0,2.5,2,0.0,False,True,False,True,False,False,False,False,True,True,False,False,False,False,False,False,True,False,False,True,False,True,False,False,False,False,False
22,0,341,17,5,1,77,1,1,2,2041,7077,0,14,3,4,1,1,0,1,1,0,0,1,2.0,1,0.5,False,True,True,False,False,False,True,False,False,True,False,False,False,False,False,False,True,False,False,True,True,False,False,False,False,False,False
40,0,1352,7,4,3,78,1,4,1,14084,18965,1,21,3,2,1,7,5,4,7,2,2,1,2.5,8,0.875,False,True,False,True,False,False,False,True,False,True,False,False,True,False,False,False,False,False,True,False,False,False,False,True,False,True,False
59,0,479,10,3,1,31,2,4,1,12062,3476,0,11,3,2,3,24,4,4,20,13,9,5,2.0,26,0.8,False,True,True,False,False,False,True,False,False,True,False,True,False,False,False,False,False,False,True,False,False,False,False,True,False,False,True
49,0,490,11,5,2,48,1,4,3,15483,14131,0,11,3,3,2,12,4,1,7,2,1,3,2.25,7,0.5384615384615384,False,True,True,False,False,False,True,False,False,True,False,True,False,False,False,False,False,False,False,True,False,False,False,True,False,True,False
50,0,1277,13,5,4,61,1,3,4,7023,8810,3,15,3,1,0,19,4,4,14,9,3,7,3.25,15,0.7,True,False,True,False,True,False,False,False,False,True,False,False,False,True,False,False,False,False,False,True,False,True,False,False,False,False,True
48,0,1161,26,1,4,49,4,4,1,14377,10943,2,25,3,3,0,16,3,3,7,2,1,2,2.75,7,0.4117647058823529,False,True,False,True,True,False,False,False,False,False,True,False,False,False,False,False,False,False,False,False,False,False,False,True,False,True,False
51,0,877,9,1,1,33,4,5,1,19359,12834,3,13,3,2,3,20,1,2,15,10,3,12,1.5,18,0.7142857142857143,False,True,True,False,True,False,False,False,False,False,False,False,True,False,False,False,False,False,False,True,False,False,False,True,False,False,True
40,0,1286,22,2,3,32,3,5,3,19753,13516,0,20,3,4,1,10,1,1,9,4,3,6,2.75,12,0.8181818181818182,False,True,True,False,False,True,False,False,False,True,False,False,False,False,False,False,False,False,True,False,False,False,False,True,False,True,False
23,0,418,4,1,1,69,4,2,1,5807,7281,2,16,3,3,3,1,6,4,0,0,0,0,2.25,2,0.0,False,True,False,True,False,False,True,False,False,True,False,False,True,False,False,False,False,False,False,False,False,True,False,False,False,False,False
54,0,1215,7,3,3,56,1,5,4,19003,5231,4,18,3,4,3,19,2,3,9,6,5,7,3.5,16,0.45,False,True,True,False,True,False,False,False,False,False,False,False,True,False,False,False,False,False,False,True,False,False,False,True,False,True,False
37,0,1030,6,3,3,69,4,4,3,14514,14108,0,14,3,4,3,9,1,2,5,4,2,3,3.0,10,0.5,False,True,False,True,False,False,True,False,False,True,False,False,True,False,False,False,False,False,True,False,True,False,False,True,True,False,False
39,0,899,22,3,4,80,2,3,2,9502,9150,3,24,3,1,0,7,0,2,7,6,1,5,2.25,10,0.875,False,False,True,False,True,False,False,False,False,True,False,True,False,False,False,False,False,False,False,True,False,False,True,False,False,True,False
33,0,621,29,1,4,67,2,3,3,10656,3008,0,17,3,3,3,15,2,2,10,5,3,7,3.0,11,0.625,True,False,True,False,True,False,False,False,False,True,False,False,False,True,False,False,False,False,False,True,False,False,True,False,False,True,False
25,1,269,8,5,2,69,4,2,1,4177,23437,1,11,3,3,3,2,5,2,2,2,0,1,2.0,4,0.6666666666666666,True,False,True,False,False,False,False,False,False,True,False,True,False,False,False,False,False,False,False,True,False,True,False,False,False,False,False
57,0,914,6,5,1,80,2,5,2,16793,13976,5,15,4,2,3,16,2,4,6,4,1,4,2.25,10,0.35294117647058826,False,True,True,False,True,False,False,False,False,True,False,True,False,False,False,False,False,False,False,False,False,False,False,True,False,True,False
51,0,1223,10,3,2,42,3,4,3,12144,4309,1,15,3,1,2,16,3,1,4,3,1,3,1.75,8,0.23529411764705882,False,True,True,False,True,False,False,False,False,True,False,False,False,False,False,True,False,False,False,True,False,False,False,True,True,False,False
45,0,237,6,1,1,46,2,2,4,3324,10848,3,24,3,2,0,18,4,2,18,4,2,12,2.25,8,0.9473684210526315,False,True,False,True,False,False,True,False,False,False,False,False,False,False,False,True,False,False,False,True,False,False,False,False,False,False,True
35,0,326,8,2,1,81,3,3,4,7060,5053,1,11,3,1,1,2,4,3,1,0,0,1,2.25,3,0.3333333333333333,False,True,False,True,True,False,False,False,False,True,False,True,False,False,False,False,False,False,False,False,False,True,False,False,False,False,False
53,1,1331,10,4,3,47,1,3,3,6908,25980,3,15,3,4,1,21,0,1,8,2,1,2,2.75,6,0.36363636363636365,False,True,True,False,False,True,False,False,False,False,False,False,False,True,False,False,False,False,False,True,False,True,False,False,False,True,False
41,0,1308,10,4,4,92,1,2,2,5000,14137,2,13,3,1,1,9,2,3,9,7,1,7,2.5,10,0.9,False,True,True,False,False,False,False,True,False,True,False,True,False,False,False,False,False,False,False,False,False,True,False,False,False,True,False
37,0,933,3,2,3,59,3,3,4,9526,23928,2,13,3,1,1,11,4,3,11,3,4,5,2.75,10,0.9166666666666666,False,True,True,False,False,False,True,False,False,True,False,False,False,False,False,False,True,False,True,False,False,False,True,False,False,False,True
37,0,742,8,5,3,35,4,2,1,6252,10608,1,25,3,1,3,8,4,3,3,1,2,2,2.0,5,0.3333333333333333,False,True,True,False,False,False,True,False,False,True,False,False,False,False,False,True,False,False,True,False,True,True,False,False,True,False,False
27,0,108,29,5,3,79,1,2,2,4753,25781,3,22,3,1,1,13,2,3,9,5,3,6,2.25,10,0.6428571428571429,True,False,False,True,True,False,False,False,False,True,False,False,False,False,False,True,False,False,True,False,False,True,False,False,False,True,False
21,0,1375,3,3,4,60,3,1,2,2357,25345,1,25,3,1,1,3,1,2,2,2,1,1,2.25,4,0.5,False,True,False,True,False,False,True,False,False,True,False,False,True,False,False,False,False,False,True,False,True,False,False,False,False,False,False
41,0,883,13,2,1,38,1,3,3,10913,18502,4,23,4,3,1,9,1,3,6,4,2,2,2.5,9,0.6,False,True,False,True,True,False,False,False,False,True,False,False,False,False,False,True,False,False,False,True,False,False,True,False,False,True,False
56,0,213,12,3,3,45,3,4,3,14714,12515,1,23,3,1,2,18,0,4,4,3,1,3,2.75,8,0.21052631578947367,False,True,False,False,True,False,False,False,False,True,False,False,False,False,False,False,True,False,False,False,True,False,False,True,True,False,False
20,0,607,29,1,4,92,4,2,2,5707,26300,0,19,3,3,1,3,0,2,3,1,1,1,2.75,4,0.75,False,True,True,False,False,False,False,False,True,True,False,False,False,False,False,False,True,False,False,False,False,True,False,False,True,False,False
54,0,1268,13,3,1,62,2,4,4,14146,16352,3,18,3,2,3,18,6,2,8,7,1,3,2.25,12,0.42105263157894735,True,False,True,False,False,False,True,False,False,False,False,True,False,False,False,False,False,False,False,False,False,False,False,True,False,True,False
53,0,1367,29,1,3,47,4,4,2,13653,6813,1,16,3,2,3,19,2,3,14,3,1,3,2.5,8,0.7,False,True,False,True,False,False,True,False,False,True,False,False,False,False,False,False,True,False,True,False,False,False,False,True,False,False,True
29,0,991,13,1,1,68,2,1,3,5404,3848,0,12,3,3,1,6,2,1,4,2,2,2,2.0,5,0.5714285714285714,True,False,False,True,True,False,False,False,False,True,False,True,False,False,False,False,False,False,True,False,True,True,False,False,True,False,False
45,0,295,8,3,4,39,4,3,1,8272,15353,1,23,3,1,1,9,3,2,9,5,3,2,2.0,11,0.9,True,False,True,False,False,False,False,False,True,False,False,False,False,True,False,False,False,False,True,False,False,False,True,False,False,True,False
25,0,326,13,3,3,57,3,2,1,5679,8265,0,16,3,3,3,3,3,1,0,0,0,0,2.0,2,0.0,False,True,True,False,True,False,False,False,False,False,True,False,False,False,False,False,False,False,False,True,True,True,False,False,False,False,False
50,1,568,4,5,4,72,2,5,1,17021,20602,4,21,3,3,3,18,0,2,14,9,2,11,2.5,16,0.7368421052631579,False,True,True,False,True,False,False,False,False,True,False,False,False,False,False,False,False,False,True,False,True,False,False,True,False,False,True
48,0,1167,14,3,2,97,2,3,1,7736,15777,1,25,3,3,3,13,6,1,9,6,4,4,1.75,13,0.6428571428571429,False,True,True,False,False,False,False,False,True,True,False,False,False,False,False,False,True,False,True,False,False,True,False,False,False,True,False
33,0,1170,8,5,3,49,4,2,4,4839,14106,1,16,3,1,0,11,3,1,7,2,1,5,2.25,5,0.5833333333333334,False,True,True,False,False,False,True,False,False,True,False,True,False,False,False,False,False,False,True,False,False,True,False,False,False,True,False
20,0,1148,8,5,4,88,2,1,3,3584,9114,1,13,3,1,0,3,3,2,3,1,1,1,2.5,3,0.75,False,True,True,False,False,False,False,False,False,False,False,False,False,False,False,False,False,True,True,False,False,False,False,False,True,False,False
59,0,416,23,2,1,59,2,4,4,13070,7417,1,16,3,1,2,19,3,3,14,4,7,4,2.25,15,0.7,False,False,False,False,True,False,False,False,False,False,False,False,False,False,False,True,False,False,True,False,False,False,False,True,False,False,True
37,0,538,10,5,4,93,3,2,2,5558,7101,0,25,3,4,1,14,6,2,9,2,2,6,3.0,6,0.6,False,True,True,False,False,False,True,False,False,False,True,False,False,False,False,False,False,False,True,False,False,True,False,False,False,True,False
56,0,539,2,3,3,34,1,4,1,13272,18377,2,11,3,2,1,13,6,4,10,8,4,4,2.5,16,0.7142857142857143,True,False,True,False,False,False,False,True,False,True,False,True,False,False,False,False,False,False,True,False,True,False,False,True,False,True,False
47,0,1120,17,3,3,39,1,4,2,12679,21621,2,14,4,1,0,12,0,4,11,7,5,9,2.5,16,0.8461538461538461,False,True,True,False,False,False,True,False,False,True,False,False,False,False,False,False,True,False,False,False,False,False,False,True,False,False,True
51,0,1179,19,1,3,63,2,3,1,7130,26281,7,11,3,1,3,21,4,1,21,6,10,7,1.5,19,0.9545454545454546,False,False,False,True,False,False,True,False,False,False,False,False,False,False,False,True,False,False,True,False,True,True,False,False,False,False,True
50,0,143,29,2,4,85,2,4,2,13792,18950,2,22,3,2,0,22,1,3,9,2,0,7,2.75,6,0.391304347826087,False,True,True,False,True,False,False,False,False,True,True,False,False,False,False,False,False,False,False,True,False,False,False,True,False,True,False
26,0,1097,14,3,1,51,3,2,1,5624,15124,2,13,4,2,2,13,0,1,12,9,2,6,1.25,13,0.8571428571428571,False,True,False,True,False,True,False,False,False,False,True,False,False,False,False,False,False,False,False,True,False,True,False,False,False,False,True
33,0,644,9,2,2,38,2,3,1,8268,19277,2,15,3,4,3,8,3,1,7,5,4,5,2.0,12,0.7777777777777778,False,True,True,False,False,False,False,False,True,False,False,False,False,False,True,False,False,False,True,False,False,False,True,False,False,True,False
38,0,604,17,3,2,42,2,2,3,4501,8273,0,14,3,4,0,12,3,4,12,10,4,3,3.25,16,0.9230769230769231,False,True,True,False,False,False,True,False,False,False,False,False,False,False,False,True,False,False,True,False,True,True,False,False,False,False,True
39,0,811,5,1,4,50,4,3,4,8335,23931,4,11,3,4,2,14,3,3,11,3,3,7,3.75,9,0.7333333333333333,True,False,True,False,False,False,False,False,False,False,False,False,False,False,False,False,False,True,False,False,True,False,True,False,False,False,True
19,0,754,8,2,1,57,4,1,1,2613,3103,2,24,3,1,3,6,0,2,3,2,0,1,1.25,3,0.42857142857142855,False,True,True,False,False,False,True,False,False,True,False,False,False,False,False,True,False,False,False,True,False,False,False,False,True,False,False
41,1,1470,18,4,1,70,2,2,4,4250,24646,1,16,4,3,1,13,4,1,4,1,0,3,2.25,3,0.2857142857142857,False,True,True,False,False,False,True,False,False,True,False,True,False,False,False,False,False,False,False,True,True,True,False,False,True,False,False
24,0,873,10,4,4,84,2,2,4,5600,4687,0,23,3,2,1,7,3,2,7,5,4,2,3.0,11,0.875,False,True,False,True,True,False,False,False,False,False,False,False,True,False,False,False,False,False,True,False,True,True,False,False,False,True,False
49,0,1255,3,5,2,39,3,4,1,16172,25652,0,18,3,1,2,17,0,4,14,7,4,6,2.0,15,0.7777777777777778,False,True,False,True,False,False,True,False,False,True,True,False,False,False,False,False,False,False,True,False,False,False,False,True,False,False,True
47,0,1342,10,5,4,84,4,4,1,13821,21450,4,11,3,2,3,16,2,3,13,9,6,8,2.5,19,0.7647058823529411,False,True,False,True,False,False,False,False,True,True,False,True,False,False,False,False,False,False,False,False,True,False,False,True,False,False,True
57,0,1474,13,5,1,100,3,5,1,17247,12547,3,13,3,3,2,16,0,1,11,2,2,5,1.5,9,0.6470588235294118,False,True,True,False,False,False,True,False,False,True,False,True,False,False,False,False,False,False,False,False,True,False,False,True,False,False,True
50,0,1026,10,1,3,55,1,5,3,19999,14179,2,11,3,1,0,15,6,2,11,8,2,8,2.25,15,0.6875,False,True,True,False,True,False,False,False,False,True,False,False,False,False,False,True,False,False,True,False,False,False,False,True,False,False,True
33,0,1425,3,4,4,44,3,1,3,4509,9421,1,14,4,4,2,6,5,1,5,2,2,3,3.0,5,0.7142857142857143,False,True,False,True,False,False,True,False,False,False,False,True,False,False,False,False,False,False,False,False,False,True,False,False,True,False,False
59,0,929,1,2,4,99,3,5,4,19999,7290,1,19,3,3,0,16,3,1,13,10,6,3,3.0,21,0.7647058823529411,False,True,True,False,False,True,False,False,False,True,False,False,False,False,False,False,True,False,False,True,False,False,False,True,False,False,True
35,0,617,20,2,2,94,4,3,3,8449,9900,1,12,3,4,3,3,0,1,3,1,1,2,2.5,5,0.75,False,False,True,False,False,False,False,False,False,False,False,False,False,False,True,False,False,False,True,False,False,False,True,False,True,False,False
32,0,1234,19,2,3,38,4,2,1,4560,23514,0,16,3,1,1,6,5,4,4,3,1,2,2.25,6,0.5714285714285714,False,True,True,False,True,False,False,False,False,True,False,False,False,False,False,False,True,False,False,False,True,True,False,False,True,False,False
56,0,1334,7,3,4,89,3,5,4,17928,8414,6,11,3,1,2,18,2,1,7,2,2,4,2.5,9,0.3684210526315789,False,True,True,False,True,False,False,False,False,False,False,False,True,False,False,False,False,False,True,False,False,False,False,True,False,True,False
33,0,527,7,1,4,90,3,1,4,4369,12954,0,23,3,4,2,9,4,1,1,1,0,0,3.25,2,0.1,False,True,False,True,True,False,False,False,False,True,False,False,False,False,False,True,False,False,False,False,False,True,False,False,False,False,False
21,0,1446,9,3,2,51,1,2,3,7427,19164,0,16,3,4,1,5,5,4,1,1,0,0,3.25,3,0.16666666666666666,False,True,True,False,True,False,False,False,False,False,False,True,False,False,False,False,False,False,False,True,False,True,False,False,False,False,False
38,0,722,21,1,1,99,4,3,4,7396,21912,4,25,3,3,3,11,2,4,11,5,4,8,3.0,12,0.9166666666666666,False,True,True,False,False,False,False,True,False,True,False,False,False,False,False,True,False,False,False,True,True,True,False,False,False,False,True
52,0,423,13,3,2,43,2,3,2,5476,9670,1,15,3,1,3,16,6,3,14,5,1,11,2.0,9,0.8235294117647058,False,True,False,True,False,False,True,False,False,True,False,True,False,False,False,False,False,False,True,False,False,True,False,False,False,False,True
26,0,1061,28,4,2,70,3,1,3,2979,22299,0,18,3,2,2,2,1,4,1,0,0,1,2.75,1,0.3333333333333333,False,True,False,False,False,False,True,False,False,True,False,False,False,True,False,False,False,False,False,False,False,False,False,False,False,False,False
37,0,441,13,1,3,79,3,2,3,4415,6453,4,18,4,4,3,13,2,1,7,3,1,4,2.75,6,0.5,False,True,True,False,True,False,False,False,False,True,False,False,False,False,False,False,False,False,False,True,False,True,False,False,False,True,False
23,1,666,6,1,3,34,1,1,2,2151,19973,0,13,3,4,0,3,1,1,3,2,1,1,2.5,4,0.75,False,True,True,False,False,False,True,False,False,True,True,False,False,False,False,False,False,False,False,False,False,False,False,False,True,False,False
47,0,847,7,5,2,95,2,3,4,8214,4825,0,22,4,3,0,13,2,2,8,2,4,4,2.75,9,0.5714285714285714,False,False,True,False,False,False,False,True,False,True,False,False,False,False,False,True,False,False,False,True,False,False,True,False,False,True,False
38,0,771,17,4,4,95,3,2,3,5992,26315,1,24,3,2,1,10,5,4,10,2,5,3,3.25,9,0.9090909090909091,False,True,True,False,False,False,True,False,False,False,False,False,False,True,False,False,False,False,True,False,False,True,False,False,False,True,False
32,0,264,29,2,1,56,2,3,4,7563,4579,0,23,3,4,0,5,3,1,1,0,0,1,2.5,3,0.16666666666666666,False,True,True,False,True,False,False,False,False,True,True,False,False,False,False,False,False,False,True,False,True,True,False,False,False,False,False
27,0,326,14,5,4,61,3,3,2,8663,24431,0,17,3,2,1,4,6,3,4,2,1,1,2.75,6,0.8,False,True,True,False,True,False,False,False,False,True,False,False,False,False,False,True,False,False,False,True,True,False,True,False,True,False,False
42,1,213,24,2,3,56,3,3,2,8349,21037,1,22,4,1,0,10,6,1,4,1,1,3,1.75,5,0.36363636363636365,False,True,True,False,False,False,False,True,False,True,False,False,False,False,True,False,False,False,True,False,True,False,True,False,True,False,False
46,0,954,16,5,4,42,1,3,4,5734,5218,1,17,3,2,1,13,2,4,9,6,2,3,3.5,11,0.6428571428571429,False,True,False,True,False,False,False,True,False,False,True,False,False,False,False,False,False,False,True,False,False,True,False,False,False,True,False
58,0,1487,15,1,3,92,2,5,1,19654,21389,1,13,3,2,0,22,5,1,18,4,2,3,1.75,11,0.782608695652174,False,True,False,True,True,False,False,False,False,False,False,False,False,False,True,False,False,False,True,False,False,False,False,True,False,False,True
36,0,996,29,4,4,93,2,3,3,7959,10655,0,21,3,3,1,11,3,3,6,5,2,4,3.25,10,0.5,False,True,False,True,False,False,True,False,False,True,False,False,False,True,False,False,False,False,False,True,False,True,False,False,False,True,False
24,0,882,5,1,1,70,2,1,4,1483,26562,2,17,3,3,1,10,2,3,5,4,0,1,2.75,5,0.45454545454545453,False,True,True,False,True,False,False,False,False,True,False,False,True,False,False,False,False,False,False,True,True,False,False,False,True,False,False
53,0,1298,9,1,1,60,1,4,4,13129,25859,2,16,3,3,1,21,2,2,5,2,1,1,2.5,7,0.22727272727272727,False,True,True,False,False,False,True,False,False,True,False,True,False,False,False,False,False,False,False,False,False,False,False,True,True,False,False
45,0,136,8,3,3,78,1,3,4,8744,25209,5,12,3,1,3,20,0,4,10,8,3,5,3.0,14,0.47619047619047616,False,False,True,False,True,False,False,False,False,True,False,False,False,True,False,False,False,False,True,False,False,False,True,False,False,True,False
48,0,221,12,1,1,65,2,4,3,14055,18420,4,14,3,3,2,17,3,3,10,6,4,8,2.5,14,0.5555555555555556,False,True,True,False,False,True,False,False,False,True,True,False,False,False,False,False,False,False,False,False,False,False,False,True,False,True,False
22,0,1485,3,3,1,83,4,1,1,3773,24428,0,17,4,1,0,5,4,2,2,1,0,1,1.25,2,0.3333333333333333,True,False,False,True,False,False,False,False,False,True,False,False,False,False,False,True,False,False,True,False,False,False,False,False,False,False,False
31,0,1358,11,2,2,70,4,2,2,6024,13145,1,22,4,4,2,6,6,3,0,0,0,0,2.75,2,0.0,False,True,True,False,True,False,False,False,False,True,False,False,False,False,False,False,False,True,False,False,False,True,False,False,False,False,False
51,0,877,7,1,2,42,4,3,4,7094,3559,4,16,4,2,3,19,2,2,7,5,2,2,2.5,10,0.35,False,False,True,False,False,False,True,False,False,True,False,True,False,False,False,False,False,False,False,True,True,True,False,False,False,True,False
53,0,222,7,5,3,94,4,5,3,15455,23565,3,13,3,4,0,15,0,3,12,4,6,6,3.25,15,0.75,False,True,True,False,True,False,False,False,False,True,False,False,False,False,False,False,True,False,True,False,False,False,False,True,False,False,True
36,0,367,25,5,3,60,4,3,2,8645,3283,0,16,3,4,0,4,3,3,0,0,0,0,3.0,3,0.0,False,True,True,False,True,False,False,False,False,False,False,False,False,False,False,False,False,False,True,False,False,False,True,False,False,False,False
52,0,1143,6,5,3,65,3,5,4,19757,18005,4,11,3,1,3,22,2,2,21,6,4,12,2.5,15,0.9130434782608695,True,False,True,False,True,False,False,False,False,True,False,False,False,False,False,False,False,True,False,True,False,False,False,True,False,False,True
54,1,424,29,1,4,77,1,4,2,13757,15560,3,17,4,1,0,13,6,3,4,2,2,2,2.5,8,0.2857142857142857,False,True,True,False,True,False,False,False,False,False,False,False,False,True,False,False,False,False,False,True,False,False,False,True,True,False,False
34,0,924,13,2,1,93,2,3,2,9293,11323,3,18,3,4,3,10,4,4,4,3,0,3,2.75,6,0.36363636363636365,False,True,False,False,False,False,False,True,False,False,False,False,False,False,False,False,False,True,True,False,False,False,True,False,True,False,False
56,0,1160,1,2,4,59,3,5,2,17798,20506,2,21,3,2,1,16,6,3,7,2,1,4,2.75,8,0.4117647058823529,False,False,True,False,True,False,False,False,False,True,False,False,False,False,False,True,False,False,False,False,False,False,False,True,False,True,False
30,0,669,24,2,2,42,2,2,2,5085,8849,2,11,3,1,3,11,2,2,0,0,0,0,1.75,2,0.0,False,True,False,True,False,False,False,False,True,True,True,False,False,False,False,False,False,False,True,False,False,True,False,False,False,False,False
28,1,759,1,3,3,37,2,2,3,4395,25277,5,20,3,3,2,10,3,2,9,7,2,4,2.75,11,0.8181818181818182,False,True,False,True,True,False,False,False,False,False,False,False,False,False,False,False,False,False,False,True,False,True,False,False,False,True,False
47,0,1392,4,3,4,73,1,3,4,9337,23290,2,22,3,4,3,16,0,4,13,5,5,5,4.0,13,0.7647058823529411,False,True,True,False,False,False,True,False,False,True,False,False,False,False,False,False,False,True,False,False,True,False,True,False,False,False,True
45,0,1471,15,3,2,59,2,5,4,17908,24976,2,23,3,3,3,18,0,4,18,5,6,7,3.25,16,0.9473684210526315,True,False,False,True,False,False,True,False,False,True,False,False,False,False,False,True,False,False,False,True,False,False,False,True,False,False,True
24,1,739,10,2,1,67,2,1,2,5472,23182,0,25,3,2,2,4,2,2,3,1,1,2,1.75,3,0.6,True,False,False,True,False,False,False,False,False,False,False,True,False,False,False,False,False,False,False,True,True,True,False,False,True,False,False
53,0,387,19,5,4,90,4,4,2,13398,22685,3,21,3,2,0,25,2,3,6,5,2,2,2.75,11,0.23076923076923078,False,True,False,False,True,False,False,False,False,False,True,False,False,False,False,False,False,False,False,False,False,False,False,True,False,True,False
26,0,136,7,5,3,53,4,1,4,3958,24964,1,25,3,2,3,8,4,1,2,1,0,0,2.5,2,0.2222222222222222,False,True,False,True,True,False,False,False,False,False,False,False,False,False,False,False,True,False,True,False,True,False,False,False,False,False,False
52,0,353,7,2,1,75,1,4,3,13413,24970,3,16,3,3,0,14,1,3,11,7,4,5,2.5,15,0.7333333333333333,False,True,False,False,False,True,False,False,False,True,False,True,False,False,False,False,False,False,False,False,False,False,False,True,False,False,True
18,0,829,8,2,2,45,3,1,1,4605,21633,0,13,4,2,1,2,6,1,2,2,1,0,1.5,4,0.6666666666666666,False,True,True,False,False,True,False,False,False,True,False,False,False,False,False,False,False,True,False,False,False,True,False,False,False,False,False
52,0,1470,16,3,4,79,4,5,3,19999,21960,3,11,4,2,1,16,5,2,5,3,2,2,2.75,10,0.29411764705882354,True,False,True,False,False,False,True,False,False,False,False,False,True,False,False,False,False,False,True,False,False,False,False,True,True,False,False
51,0,845,19,2,3,34,2,4,4,13611,6695,2,24,3,1,1,15,6,4,11,8,3,6,3.0,15,0.6875,False,True,True,False,True,False,False,False,False,True,False,False,False,False,True,False,False,False,False,True,False,False,False,True,False,False,True
51,0,1475,4,5,4,44,4,3,2,8830,6438,3,12,3,1,0,11,2,1,11,7,3,8,2.0,13,0.9166666666666666,False,True,True,False,True,False,False,False,False,False,False,False,True,False,False,False,False,False,True,False,False,False,True,False,False,False,True
46,0,1141,26,3,3,48,1,4,3,15529,11769,3,12,3,4,3,15,3,4,9,7,3,3,3.5,14,0.5625,False,True,True,False,False,False,False,False,True,False,True,False,False,False,False,False,False,False,False,False,False,False,False,True,False,True,False
38,0,214,29,1,1,43,2,2,4,5865,11204,0,22,3,4,1,6,3,2,3,2,1,2,2.75,5,0.42857142857142855,False,True,False,True,False,False,True,False,False,True,False,True,False,False,False,False,False,False,False,False,False,True,False,False,True,False,False
48,0,602,11,1,1,78,4,4,1,12895,10264,0,16,3,1,3,6,5,2,3,1,1,0,1.25,6,0.42857142857142855,True,False,True,False,False,False,True,False,False,False,False,False,False,False,False,False,False,False,True,False,False,False,False,True,True,False,False
29,0,914,14,1,4,58,3,3,4,8584,9512,1,18,3,1,0,5,5,2,2,0,0,2,2.75,3,0.3333333333333333,False,True,True,False,True,False,False,False,False,False,False,False,False,False,True,False,False,False,True,False,False,False,True,False,False,False,False
51,0,205,7,2,3,49,2,4,1,13102,8516,1,12,3,2,1,14,3,4,13,4,1,7,2.5,9,0.8666666666666667,False,True,False,True,True,False,False,False,False,True,False,False,True,False,False,False,False,False,False,True,False,False,False,True,False,False,True
41,0,128,23,2,3,49,4,2,1,5681,16239,0,17,3,3,2,9,6,3,7,4,3,3,2.5,9,0.7,True,False,True,False,False,False,False,False,False,True,False,False,False,False,False,False,True,False,True,False,False,True,False,False,False,True,False
37,0,590,1,5,3,81,2,3,2,7555,21886,0,23,4,4,3,0,3,1,0,0,0,0,2.5,3,0.0,False,False,True,False,False,True,False,False,False,True,False,False,False,False,False,True,False,False,False,False,False,True,False,False,False,False,False
39,0,1350,29,5,2,68,4,3,1,8947,22280,0,19,3,3,2,8,1,1,6,4,2,3,1.75,9,0.6666666666666666,False,True,True,False,True,False,False,False,False,True,False,False,False,True,False,False,False,False,False,True,False,False,True,False,False,True,False
42,0,943,29,1,2,92,2,3,3,6353,5198,2,14,3,3,2,12,1,1,6,4,2,3,2.25,9,0.46153846153846156,False,False,True,False,False,False,False,False,False,False,False,False,True,False,False,False,False,False,True,False,False,True,False,False,False,True,False
19,0,832,4,5,4,65,2,1,3,1654,15572,1,13,3,3,3,0,2,1,0,0,0,0,2.75,1,0.0,False,True,False,True,False,False,True,False,False,False,False,False,False,True,False,False,False,False,False,False,False,False,False,False,False,False,False
24,1,863,6,3,4,79,2,1,2,2048,14028,1,20,3,3,1,6,2,1,1,1,0,1,2.5,2,0.14285714285714285,True,False,True,False,True,False,False,False,False,True,False,False,False,False,False,False,False,True,True,False,True,False,False,False,False,False,False
28,0,863,10,2,4,95,2,2,4,5308,22009,0,21,3,4,3,11,1,4,9,6,2,7,4.0,10,0.75,False,True,False,True,True,False,False,False,False,False,False,False,False,False,False,False,False,True,True,False,False,True,False,False,False,True,False
22,0,1285,21,3,4,87,3,1,2,1186,23652,1,22,3,4,3,5,3,2,3,1,1,2,3.0,3,0.5,False,True,False,True,False,True,False,False,False,True,False,False,False,False,False,True,False,False,False,True,True,False,False,False,True,False,False
36,0,548,3,3,4,83,4,2,4,4440,10346,1,12,3,2,3,13,1,4,9,5,2,7,3.5,9,0.6428571428571429,False,True,False,True,True,False,False,False,False,True,False,False,False,False,False,False,False,False,False,True,True,True,False,False,False,True,False
46,0,479,8,1,3,70,3,4,3,14934,21743,2,16,3,1,2,18,6,3,7,3,2,2,2.5,9,0.3684210526315789,False,True,True,False,False,False,True,False,False,False,False,False,False,True,False,False,False,False,False,True,False,False,False,True,False,True,False
46,0,497,17,5,2,91,1,4,3,15077,16928,1,11,3,4,0,11,2,1,2,1,1,1,2.5,6,0.16666666666666666,False,True,True,False,False,False,True,False,False,True,False,False,False,False,False,True,False,False,False,True,False,False,False,True,False,False,False
38,0,897,4,1,1,97,3,2,4,2460,8752,1,22,3,2,3,12,4,1,12,4,2,6,2.0,8,0.9230769230769231,False,True,True,False,True,False,False,False,False,False,False,True,False,False,False,False,False,False,False,True,False,False,False,False,False,False,True
54,0,476,11,1,2,38,2,5,2,18296,16059,3,14,4,2,1,21,5,4,19,8,2,7,2.5,15,0.8636363636363636,False,True,False,True,False,False,False,False,False,True,False,False,False,True,False,False,False,False,False,True,True,False,False,True,False,False,True
42,0,1464,12,2,2,84,1,4,1,15530,2979,2,15,3,1,3,11,6,1,11,4,3,9,1.25,11,0.9166666666666666,False,True,False,True,True,False,False,False,False,True,False,False,False,False,False,False,False,True,False,True,True,False,False,True,False,False,True
21,0,1065,5,1,1,30,2,1,4,3463,3442,1,19,4,4,0,0,4,1,0,0,0,0,2.5,1,0.0,False,True,True,False,True,False,False,False,False,True,False,True,False,False,False,False,False,False,False,True,True,False,False,False,False,False,False
50,0,540,12,1,2,52,4,3,3,8989,12401,1,13,3,1,0,18,1,2,14,12,6,11,2.0,21,0.7368421052631579,False,True,False,True,False,False,True,False,False,True,False,False,False,False,False,False,True,False,False,False,False,False,True,False,False,False,True
42,0,465,13,2,4,87,2,2,1,6177,25961,0,22,3,4,1,7,3,2,7,3,4,4,2.75,9,0.875,False,False,True,False,False,False,True,False,False,True,False,True,False,False,False,False,False,False,False,True,False,True,False,False,False,True,False
45,0,711,7,2,2,81,3,4,4,12849,16875,2,17,3,1,3,10,0,1,4,3,2,2,2.0,9,0.36363636363636365,False,False,True,False,False,False,True,False,False,True,False,False,False,False,False,False,False,True,True,False,False,False,False,True,True,False,False
42,0,1303,3,1,2,73,1,3,3,8757,18819,2,19,3,1,0,10,1,3,2,0,1,1,2.25,4,0.18181818181818182,False,True,True,False,False,False,True,False,False,True,False,False,False,True,False,False,False,False,False,False,False,False,True,False,False,False,False
41,0,1490,2,5,3,77,4,4,3,14566,23381,0,21,4,3,0,13,6,3,7,6,1,2,3.0,11,0.5,False,True,True,False,False,False,False,False,True,True,False,False,False,False,False,True,False,False,False,True,False,False,False,True,False,True,False
21,1,845,16,5,4,41,4,1,1,3128,13254,1,20,3,1,1,4,0,2,4,3,1,3,2.0,5,0.8,False,True,False,True,False,True,False,False,False,False,True,False,False,False,False,False,False,False,True,False,False,False,False,False,True,False,False
42,0,303,16,4,4,83,1,3,4,8028,15250,3,11,3,2,3,16,2,3,8,7,2,1,3.25,12,0.47058823529411764,False,True,False,True,False,True,False,False,False,True,False,False,False,False,False,False,True,False,False,False,False,False,True,False,False,True,False
52,0,161,9,3,4,37,3,4,3,13942,9046,1,12,4,1,0,14,0,3,6,3,3,4,2.75,10,0.4,True,False,True,False,True,False,False,False,False,True,False,False,False,False,False,True,False,False,True,False,False,False,False,True,False,True,False
31,0,903,10,5,1,52,4,2,3,4132,8714,1,23,4,3,3,4,3,1,2,1,0,1,2.0,3,0.4,False,True,True,False,True,False,False,False,False,False,False,True,False,False,False,False,False,False,False,True,True,True,False,False,False,False,False
43,1,972,8,2,1,36,4,3,1,9237,24950,1,24,3,1,1,15,5,2,13,6,2,3,1.25,11,0.8125,False,True,True,False,False,False,True,False,False,True,False,False,True,False,False,False,False,False,True,False,True,False,True,False,False,False,True
19,0,619,26,3,3,66,3,2,3,3778,19297,0,14,3,3,2,0,0,1,0,0,0,0,2.5,2,0.0,False,True,False,True,True,False,False,False,False,True,False,False,False,False,False,False,False,True,True,False,False,False,False,False,False,False,False
32,0,1344,8,1,4,91,3,2,4,4520,5379,0,11,3,2,2,6,0,4,5,4,1,2,3.5,7,0.7142857142857143,False,True,True,False,False,True,False,False,False,False,False,False,False,False,False,False,True,False,True,False,False,True,False,False,True,False,False
36,0,166,29,4,3,92,3,3,4,9318,12097,0,21,3,2,3,3,6,3,3,1,1,1,3.0,5,0.75,True,False,True,False,True,False,False,False,False,True,False,False,False,False,False,False,False,True,False,True,False,False,True,False,True,False,False
60,0,530,6,1,4,30,1,5,2,19348,21331,3,25,3,2,0,21,1,4,12,3,6,9,3.0,14,0.5454545454545454,False,True,True,False,True,False,False,False,False,False,False,False,True,False,False,False,False,False,False,True,True,False,False,True,False,False,True
27,1,1164,23,4,3,99,1,1,1,2419,22646,2,12,3,3,2,11,0,4,5,4,1,1,2.75,6,0.4166666666666667,False,True,False,True,True,False,False,False,False,True,True,False,False,False,False,False,False,False,False,False,False,False,False,False,True,False,False
29,0,442,4,4,2,44,2,2,2,3445,18507,2,12,3,4,1,3,0,1,1,0,0,0,2.25,2,0.25,False,True,False,False,True,False,False,False,False,True,True,False,False,False,False,False,False,False,True,False,False,False,False,False,False,False,False
35,0,379,15,2,4,55,2,3,3,8445,2684,3,16,4,1,1,13,6,2,12,8,1,4,2.5,12,0.8571428571428571,False,False,False,True,True,False,False,False,False,True,False,False,False,False,False,False,False,True,False,True,False,False,True,False,False,False,True
60,0,1122,3,4,4,49,4,5,2,18244,11426,0,20,3,1,2,20,6,4,8,3,1,2,2.75,9,0.38095238095238093,False,True,True,False,False,False,True,False,False,True,False,False,False,False,False,False,True,False,True,False,True,False,False,True,False,True,False
54,0,1348,7,2,2,64,4,5,3,19577,12529,1,17,3,4,2,12,1,3,12,5,2,4,3.0,12,0.9230769230769231,True,False,True,False,False,False,True,False,False,False,False,False,False,False,False,True,False,False,False,False,True,False,False,True,False,False,True
19,0,359,23,2,3,30,2,1,4,2380,6631,1,18,4,4,1,0,1,3,0,0,0,0,3.5,1,0.0,True,False,True,False,True,False,False,False,False,True,True,False,False,False,False,False,False,False,False,True,False,False,False,False,False,False,False
28,0,685,3,3,3,53,2,3,1,6399,12607,0,18,3,2,2,3,1,4,3,2,1,2,2.5,6,0.75,False,True,True,False,True,False,False,False,False,True,False,False,False,True,False,False,False,False,False,True,True,True,False,False,True,False,False
53,0,1463,29,2,1,51,3,4,1,12340,11253,1,25,3,1,2,16,3,3,8,6,3,6,1.5,13,0.47058823529411764,True,False,True,False,False,True,False,False,False,True,False,False,False,True,False,False,False,False,True,False,False,False,False,True,False,True,False
20,0,304,20,4,2,80,3,1,2,2488,16726,1,15,4,4,1,4,5,4,0,0,0,0,3.0,1,0.0,False,True,False,True,True,False,False,False,False,True,True,False,False,False,False,False,False,False,True,False,False,False,False,False,False,False,False
54,0,295,20,2,1,90,4,4,1,14131,9886,4,12,4,3,1,24,5,4,18,6,3,6,2.25,13,0.72,False,True,False,True,False,False,True,False,False,False,False,False,False,False,True,False,False,False,True,False,False,False,False,True,False,False,True
30,0,445,20,3,2,32,3,2,4,4103,11025,1,18,3,3,1,2,2,2,2,1,1,0,2.75,4,0.6666666666666666,False,True,True,False,False,False,True,False,False,True,False,False,True,False,False,False,False,False,False,False,False,True,False,False,False,False,False
57,0,772,29,5,3,59,3,4,1,13090,23732,1,18,3,2,1,17,4,4,14,11,5,7,2.5,20,0.7777777777777778,False,True,True,False,False,False,True,False,False,False,False,False,False,False,True,False,False,False,False,True,True,False,False,True,False,False,True
30,0,1265,15,2,3,97,4,3,1,9451,12110,0,15,3,3,1,4,1,4,4,1,0,1,2.75,4,0.8,False,True,False,True,False,False,False,False,True,False,False,False,False,False,False,False,True,False,True,False,False,False,True,False,True,False,False
36,0,709,7,3,4,95,4,4,2,15332,6848,2,25,3,2,0,5,6,1,4,1,1,1,2.25,6,0.6666666666666666,False,True,False,True,False,False,True,False,False,True,False,False,True,False,False,False,False,False,True,False,False,False,False,True,True,False,False
46,0,624,17,5,1,69,2,4,2,14332,20396,5,13,3,2,3,14,4,3,7,4,0,4,2.0,8,0.4666666666666667,False,True,True,False,False,False,False,True,False,False,True,False,False,False,False,False,False,False,True,False,True,False,False,True,False,True,False
23,0,1288,11,2,4,83,2,3,3,8158,8634,0,13,3,4,2,4,6,1,1,1,0,0,3.0,4,0.2,False,True,False,True,False,False,False,False,True,False,False,False,False,False,False,False,True,False,True,False,False,False,True,False,False,False,False
41,0,460,28,1,1,49,4,2,1,4754,6359,2,13,3,2,2,6,1,3,5,2,1,3,1.75,5,0.7142857142857143,False,True,False,True,True,False,False,False,False,False,False,False,False,False,False,True,False,False,False,False,False,True,False,False,True,False,False
39,0,613,11,2,2,87,1,2,4,6147,21118,1,25,3,4,2,11,6,4,6,1,1,3,3.5,4,0.5,False,True,True,False,True,False,False,False,False,True,False,False,False,False,False,False,False,True,False,True,False,True,False,False,False,True,False
51,0,449,21,5,1,32,2,4,1,13620,8030,4,24,4,2,3,12,2,3,1,1,1,1,1.75,6,0.07692307692307693,False,True,True,False,True,False,False,False,False,True,False,True,False,False,False,False,False,False,True,False,True,False,False,True,False,False,False
60,0,255,5,4,1,66,1,5,4,19999,2268,2,25,3,3,3,20,4,4,15,13,7,6,3.0,25,0.7142857142857143,False,False,False,False,True,False,False,False,False,False,False,False,False,False,False,False,True,False,False,True,False,False,False,True,False,False,True
46,0,916,11,5,1,69,4,3,3,9667,4643,3,12,3,3,1,19,0,2,4,3,1,3,2.25,7,0.2,False,False,False,False,False,False,True,False,False,True,False,False,False,False,False,True,False,False,True,False,False,False,True,False,True,False,False
35,0,1455,11,2,1,42,4,1,4,3492,20598,2,11,3,3,1,11,1,1,10,7,4,4,2.25,12,0.8333333333333334,False,True,False,True,True,False,False,False,False,True,False,False,False,False,False,True,False,False,True,False,False,False,False,False,False,True,False
35,0,460,28,5,2,71,2,3,1,7903,8511,2,16,3,3,3,10,3,4,4,3,2,1,2.5,8,0.36363636363636365,False,True,True,False,True,False,False,False,False,False,False,False,False,False,False,True,False,False,True,False,True,True,False,False,True,False,False
35,0,202,20,2,2,96,1,4,3,13496,11916,2,18,3,2,2,7,3,1,2,1,1,1,2.0,6,0.25,False,True,True,False,True,False,False,False,False,False,False,False,False,False,True,False,False,False,False,True,False,False,False,True,False,False,False
53,0,1408,5,4,1,79,1,5,2,17028,14680,3,14,4,4,3,17,0,1,6,5,2,1,2.0,12,0.3333333333333333,True,False,True,False,False,False,True,False,False,True,False,False,False,False,False,False,False,False,False,False,False,False,False,True,False,True,False
31,0,250,12,5,2,40,3,3,3,8437,8996,0,20,3,3,0,9,0,3,3,2,1,1,2.75,6,0.3,False,True,False,True,False,False,True,False,False,True,False,False,True,False,False,False,False,False,False,False,False,False,True,False,True,False,False
25,1,170,9,2,1,67,2,2,1,5400,6804,0,20,3,1,1,6,5,2,1,0,1,1,1.25,3,0.14285714285714285,True,False,False,True,False,False,False,True,False,True,False,False,False,False,False,False,True,False,False,False,False,True,False,False,False,False,False
32,0,1131,20,5,3,80,4,2,3,3847,3841,1,21,3,3,1,7,1,2,3,2,1,2,2.75,5,0.375,False,True,False,True,True,False,False,False,False,True,False,True,False,False,False,False,False,False,False,False,True,False,False,False,True,False,False
18,1,319,22,4,3,66,4,1,4,5837,3926,1,16,3,4,1,2,5,1,0,0,0,0,3.0,1,0.0,False,True,True,False,True,False,False,False,False,False,False,False,False,False,False,True,False,False,False,True,True,True,False,False,False,False,False
22,0,1493,26,4,1,40,2,3,4,9167,24878,0,11,3,3,2,0,1,1,0,0,0,0,2.25,3,0.0,False,True,False,False,False,False,False,True,False,False,False,False,False,False,True,False,False,False,True,False,True,False,True,False,False,False,False
21,0,701,21,4,3,51,3,1,4,1991,26908,1,15,3,4,3,0,1,3,0,0,0,0,3.5,1,0.0,False,True,True,False,False,False,True,False,False,True,True,False,False,False,False,False,False,False,False,True,False,False,False,False,False,False,False
51,0,1038,6,1,4,62,1,4,3,16465,18033,5,13,4,2,0,19,0,3,10,8,2,8,3.0,14,0.5,True,False,True,False,False,False,True,False,False,False,False,True,False,False,False,False,False,False,False,False,True,False,False,True,False,True,False
49,0,392,11,4,4,43,1,5,1,18405,13430,2,25,3,1,3,18,3,2,18,7,6,7,2.0,18,0.9473684210526315,False,True,False,False,False,False,True,False,False,True,True,False,False,False,False,False,False,False,False,True,False,False,False,True,False,False,True
47,0,397,23,2,1,60,2,4,2,14996,22285,0,23,3,2,3,15,3,2,12,9,5,5,1.75,18,0.75,False,True,True,False,True,False,False,False,False,True,False,False,False,False,False,False,True,False,False,True,False,False,False,True,False,False,True
37,0,1189,29,2,4,47,1,2,1,5605,22803,2,25,3,1,1,15,4,2,13,3,2,3,2.0,7,0.8125,False,True,False,True,False,False,False,False,True,True,False,False,False,False,False,True,False,False,True,False,False,True,False,False,False,False,True
48,0,814,4,1,2,39,1,4,1,13446,13109,2,22,3,1,1,17,5,4,11,7,2,8,2.0,13,0.6111111111111112,False,True,True,False,False,False,True,False,False,True,False,False,False,False,False,False,False,True,False,True,True,False,False,True,False,False,True
24,0,1382,17,1,4,56,3,1,2,2596,20493,1,12,3,3,3,3,4,4,3,3,1,1,3.25,5,0.75,False,True,True,False,False,False,True,False,False,False,False,False,False,False,False,True,False,False,True,False,True,False,False,False,True,False,False
56,0,1389,11,5,1,31,1,5,3,19999,4507,1,17,3,1,0,14,1,2,13,10,2,3,1.75,17,0.8666666666666667,False,True,False,True,False,False,True,False,False,False,True,False,False,False,False,False,False,False,False,True,False,False,False,True,False,False,True
39,0,940,14,2,3,84,1,4,1,15051,6214,2,21,4,1,3,16,2,1,4,3,2,2,1.5,9,0.23529411764705882,False,True,True,False,True,False,False,False,False,False,False,False,False,False,False,False,True,False,True,False,False,False,False,True,True,False,False
58,0,1192,20,2,4,32,3,4,4,13853,23167,3,11,3,2,3,22,0,3,19,13,5,12,3.25,22,0.8260869565217391,False,True,True,False,True,False,False,False,False,True,False,False,False,False,False,False,False,True,False,False,False,False,False,True,False,False,True
24,1,1295,12,3,2,38,1,2,3,3040,14852,1,24,4,1,1,10,4,1,4,2,1,2,1.75,5,0.36363636363636365,False,True,False,True,False,True,False,False,False,False,False,False,False,False,False,False,True,False,True,False,False,False,False,False,True,False,False
39,0,915,13,4,3,51,1,3,3,8865,22397,3,23,3,1,2,19,2,3,11,7,1,9,2.5,11,0.55,False,True,True,False,False,False,True,False,False,False,False,False,False,False,False,False,True,False,False,True,False,False,True,False,False,False,True
47,0,1220,5,3,1,75,3,5,3,17504,16236,1,25,3,3,2,10,1,3,9,4,5,7,2.5,14,0.8181818181818182,False,True,False,True,True,False,False,False,False,False,False,True,False,False,False,False,False,False,False,True,False,False,False,True,False,True,False
39,1,139,11,3,3,61,1,3,2,9146,5001,1,15,3,2,3,6,6,4,6,4,3,3,2.75,10,0.8571428571428571,False,True,False,True,True,False,False,False,False,False,True,False,False,False,False,False,False,False,False,True,True,False,True,False,False,True,False
37,1,323,10,5,4,32,2,3,3,7643,6024,0,15,4,3,3,0,3,2,0,0,0,0,3.0,3,0.0,True,False,False,True,False,False,False,False,False,True,False,False,False,True,False,False,False,False,False,True,False,True,False,False,False,False,False
25,0,764,10,3,2,53,3,2,3,4769,15362,1,20,3,2,3,8,0,3,6,3,2,4,2.5,7,0.6666666666666666,False,True,True,False,True,False,False,False,False,False,False,False,False,False,False,False,False,False,True,False,False,True,False,False,False,True,False
34,0,211,10,4,4,33,1,2,4,4734,4880,1,22,3,1,0,11,0,1,7,3,3,3,2.5,8,0.5833333333333334,False,True,True,False,True,False,False,False,False,True,False,False,False,False,False,False,True,False,True,False,True,True,False,False,False,True,False
28,1,747,29,5,3,60,3,1,3,4225,23150,4,15,3,3,3,6,2,4,0,0,0,0,3.25,1,0.0,True,False,False,True,False,False,True,False,False,False,False,False,False,False,False,False,True,False,False,True,True,True,False,False,False,False,False
30,0,980,20,4,3,49,2,2,4,3380,8649,0,15,3,4,3,3,6,2,3,1,1,2,3.25,4,0.75,False,True,False,True,False,True,False,False,False,True,False,False,False,False,False,False,True,False,False,True,False,False,False,False,True,False,False
47,0,615,4,1,2,93,2,3,2,9385,19411,0,16,3,3,2,14,0,4,3,1,1,2,2.75,5,0.2,False,True,False,True,False,False,True,False,False,True,False,False,False,False,False,False,False,True,False,False,True,False,True,False,True,False,False
45,0,1474,2,2,3,55,3,2,2,5911,8600,1,20,3,1,0,14,2,1,12,6,4,6,1.75,12,0.8,False,True,False,True,False,False,False,False,True,False,False,False,False,False,False,True,False,False,False,True,False,True,False,False,False,False,True
44,1,1320,10,4,4,71,1,3,4,8413,21378,3,12,3,3,2,16,2,2,6,2,3,4,3.25,8,0.35294117647058826,False,True,True,False,True,False,False,False,False,True,False,False,False,False,False,True,False,False,False,True,True,False,True,False,False,True,False
33,0,1264,25,3,1,43,3,1,3,2462,9007,1,18,3,1,1,9,4,2,6,5,0,5,1.75,6,0.6,False,True,True,False,False,False,False,False,False,True,False,False,False,False,False,False,False,False,True,False,False,False,False,False,False,True,False
59,0,1097,5,2,4,64,2,4,2,14584,14962,4,14,3,1,1,22,4,4,13,3,7,5,2.75,14,0.5652173913043478,True,False,True,False,False,False,False,False,True,True,False,False,False,True,False,False,False,False,False,True,True,False,False,True,False,False,True
21,0,962,22,2,1,92,1,1,2,2472,8381,0,21,3,1,1,2,3,4,0,0,0,0,2.0,1,0.0,False,False,True,False,False,False,True,False,False,False,False,True,False,False,False,False,False,False,False,False,False,False,False,False,False,False,False
32,0,1026,6,1,4,31,4,2,3,4961,23892,1,22,3,4,1,12,5,3,9,3,1,5,3.5,6,0.6923076923076923,False,True,True,False,False,False,True,False,False,False,False,False,False,False,False,False,True,False,False,True,True,True,False,False,False,True,False
23,0,256,9,2,3,51,2,1,3,3077,15712,3,24,3,4,2,6,0,2,4,3,1,3,3.0,5,0.5714285714285714,False,True,False,True,True,False,False,False,False,True,False,True,False,False,False,False,False,False,True,False,False,False,False,False,True,False,False
32,1,1411,10,4,4,55,1,2,2,7564,15101,2,16,3,3,0,4,2,3,0,0,0,0,3.0,2,0.0,True,False,False,True,False,False,True,False,False,False,False,False,True,False,False,False,False,False,True,False,False,True,False,False,False,False,False
59,0,1191,12,1,1,63,2,4,1,12185,9425,4,12,4,4,0,25,0,2,14,12,7,4,2.0,23,0.5384615384615384,False,True,True,False,True,False,False,False,False,True,False,False,False,False,False,True,False,False,False,False,False,False,False,True,False,False,True
33,0,506,3,5,1,59,3,2,4,6101,6651,1,14,3,2,1,13,2,3,3,2,0,1,2.5,4,0.21428571428571427,False,True,True,False,True,False,False,False,False,True,False,False,True,False,False,False,False,False,True,False,False,True,False,False,True,False,False
57,0,1056,4,2,2,100,2,5,2,18828,21311,2,14,3,1,1,21,1,2,11,8,2,2,1.75,15,0.5,False,True,True,False,False,False,False,True,False,True,False,False,False,False,False,False,True,False,True,False,False,False,False,True,False,False,True
39,0,679,8,5,4,40,2,2,1,5235,3420,4,11,3,4,3,12,6,3,5,2,2,1,3.0,6,0.38461538461538464,False,True,True,False,True,False,False,False,False,True,True,False,False,False,False,False,False,False,True,False,False,True,False,False,True,False,False
48,0,1406,2,2,4,48,1,4,2,12168,3398,4,19,3,3,1,21,4,4,18,11,5,6,3.25,20,0.8181818181818182,False,True,True,False,False,False,True,False,False,True,True,False,False,False,False,False,False,False,True,False,False,False,False,True,False,False,True
37,0,849,8,5,4,63,1,3,4,6393,18419,0,20,3,3,3,4,1,1,1,0,0,0,3.0,3,0.2,False,True,True,False,True,False,False,False,False,False,False,False,False,False,False,False,True,False,True,False,False,True,False,False,False,False,False
29,0,1093,14,3,4,73,2,2,1,5908,17572,1,16,4,1,0,11,4,4,4,3,1,3,2.5,6,0.3333333333333333,False,True,True,False,True,False,False,False,False,False,False,True,False,False,False,False,False,False,True,False,False,True,False,False,True,False,False
50,0,366,5,5,4,35,2,5,3,17477,10257,2,15,3,4,2,14,5,3,10,8,5,4,3.5,18,0.6666666666666666,False,True,False,True,True,False,False,False,False,True,False,True,False,False,False,False,False,False,True,False,False,False,False,True,False,True,False
59,0,246,8,1,4,83,3,5,2,19999,21331,3,19,3,1,3,24,1,2,3,1,0,1,2.25,6,0.12,False,False,False,True,True,False,False,False,False,True,False,False,False,False,True,False,False,False,False,True,False,False,False,True,True,False,False
29,0,1359,13,4,1,67,2,2,3,4281,3572,0,13,3,1,1,7,3,4,6,4,3,4,2.25,9,0.75,False,True,False,True,False,False,True,False,False,False,False,False,False,True,False,False,False,False,False,True,False,True,False,False,False,True,False
51,0,953,3,2,1,49,1,4,3,14661,12981,4,22,4,1,0,12,3,3,7,3,2,3,2.0,9,0.5384615384615384,False,True,False,True,False,False,False,True,False,True,False,False,False,False,False,False,False,False,True,False,True,False,False,True,False,True,False
29,0,1029,14,2,1,57,3,1,1,2309,24680,0,14,3,4,2,5,6,3,2,1,1,1,2.25,3,0.3333333333333333,False,True,True,False,False,False,True,False,False,True,False,False,False,False,False,False,True,False,False,True,False,False,False,False,False,False,False
48,0,666,11,1,2,34,4,4,2,13251,10046,2,21,3,4,0,19,2,2,16,10,2,12,2.5,16,0.8,False,True,True,False,False,False,False,True,False,True,False,False,False,False,False,False,True,False,True,False,True,False,False,True,False,False,True
51,1,983,6,5,2,77,4,4,4,12903,21635,3,21,4,1,0,16,4,3,8,4,3,3,2.5,11,0.47058823529411764,False,False,True,False,False,False,True,False,False,True,False,False,True,False,False,False,False,False,False,True,False,False,False,True,False,True,False
37,0,690,26,4,3,86,4,2,4,6024,9642,1,22,3,2,0,8,3,1,8,7,4,4,2.5,13,0.8888888888888888,False,False,True,False,False,False,True,False,False,False,False,False,False,False,False,False,False,False,True,False,False,True,False,False,False,True,False
49,0,991,5,5,3,100,2,3,4,9359,7862,2,19,3,3,1,13,2,2,8,3,4,3,3.0,10,0.5714285714285714,False,True,False,True,True,False,False,False,False,False,False,False,False,False,False,False,False,True,True,False,False,False,True,False,False,True,False
29,1,986,15,3,3,50,2,1,2,2621,10257,2,13,4,3,2,9,2,2,6,5,0,3,2.5,6,0.6,False,True,True,False,True,False,False,False,False,True,False,False,False,False,True,False,False,False,True,False,False,False,False,False,False,True,False
21,0,410,15,1,3,49,1,1,1,3709,9323,1,11,3,1,0,9,6,1,6,4,2,3,1.5,7,0.6,False,True,True,False,False,False,False,False,True,False,False,False,False,False,False,False,False,False,True,False,False,False,False,False,False,True,False
22,0,1358,5,2,4,52,3,1,4,3015,5016,1,11,3,1,1,0,6,3,0,0,0,0,3.0,1,0.0,False,True,False,True,False,False,True,False,False,True,False,False,False,True,False,False,False,False,False,True,False,False,False,False,False,False,False
37,0,1422,6,3,1,39,2,3,3,6899,24753,2,13,4,1,3,20,1,4,14,7,2,7,2.25,12,0.6666666666666666,False,True,False,True,True,False,False,False,False,True,True,False,False,False,False,False,False,False,False,True,False,True,False,False,False,False,True
56,1,1163,17,1,2,59,3,5,1,19454,16565,2,24,3,4,2,19,3,2,8,2,3,4,2.25,10,0.4,False,True,True,False,False,True,False,False,False,False,False,False,False,False,False,False,False,True,True,False,True,False,False,True,False,True,False
23,0,130,21,5,2,38,2,3,3,8139,26047,1,12,3,3,2,6,0,2,6,4,3,1,2.5,10,0.8571428571428571,False,True,False,True,True,False,False,False,False,False,False,False,False,False,True,False,False,False,False,False,False,False,True,False,False,True,False
37,1,133,14,5,1,32,1,3,2,5363,17621,1,17,3,4,2,9,2,2,3,2,1,1,2.25,6,0.3,False,True,True,False,False,True,False,False,False,False,True,False,False,False,False,False,False,False,True,False,False,True,False,False,True,False,False
48,0,1225,17,3,4,54,3,4,1,13531,24323,1,18,3,4,3,15,6,3,12,3,1,6,3.0,8,0.75,False,True,True,False,True,False,False,False,False,True,False,True,False,False,False,False,False,False,True,False,False,False,False,True,False,False,True
26,0,307,8,3,2,90,2,3,1,6468,11799,1,20,3,1,0,6,4,3,4,1,1,1,1.75,5,0.5714285714285714,False,True,True,False,False,False,False,False,False,True,False,False,True,False,False,False,False,False,True,False,False,True,False,False,True,False,False
49,0,1467,24,4,1,98,3,4,2,12522,6774,2,12,3,1,1,12,3,1,10,5,2,6,1.25,11,0.7692307692307693,False,True,False,True,True,False,False,False,False,False,False,False,True,False,False,False,False,False,True,False,False,False,False,True,False,True,False
31,1,609,3,4,3,91,4,2,1,5201,25899,0,12,3,3,0,5,5,4,1,0,0,1,2.75,2,0.16666666666666666,False,True,True,False,True,False,False,False,False,True,False,False,False,False,False,False,True,False,True,False,True,True,False,False,False,False,False
52,0,348,13,1,1,98,2,4,4,13910,22642,3,23,3,1,2,21,3,3,12,5,6,8,2.25,15,0.5454545454545454,False,True,True,False,False,False,True,False,False,True,False,False,False,False,False,False,False,False,True,False,False,False,False,True,False,False,True
42,0,1058,23,3,2,91,1,4,1,12998,24793,0,21,3,3,1,7,3,4,1,1,0,0,2.5,5,0.125,False,True,False,True,True,False,False,False,False,True,False,True,False,False,False,False,False,False,False,True,False,False,False,True,False,False,False
41,0,1059,21,4,3,76,3,3,1,9133,25086,0,20,3,4,0,13,0,4,9,4,1,4,3.0,8,0.6428571428571429,False,True,True,False,False,False,False,False,False,True,False,True,False,False,False,False,False,False,False,True,False,False,True,False,False,True,False
25,0,987,1,5,2,42,3,1,3,2863,9512,0,12,4,4,3,3,0,3,3,2,1,2,3.0,4,0.75,False,True,True,False,False,False,True,False,False,False,False,False,False,False,False,False,True,False,True,False,False,False,False,False,True,False,False
37,0,1175,20,3,4,87,2,3,2,7991,15682,1,21,3,2,2,7,3,3,6,3,1,4,2.75,7,0.75,True,False,True,False,True,False,False,False,False,False,False,False,True,False,False,False,False,False,True,False,True,True,False,False,False,True,False
54,0,805,8,5,2,99,3,4,1,14052,20333,4,22,3,2,0,25,0,3,13,8,3,11,2.0,15,0.5,False,False,False,True,True,False,False,False,False,True,False,False,True,False,False,False,False,False,True,False,False,False,False,True,False,False,True
18,0,541,8,3,1,65,4,1,1,4446,24002,1,23,3,3,0,0,0,3,0,0,0,0,2.0,1,0.0,False,True,True,False,False,False,False,False,False,False,False,False,False,True,False,False,False,False,True,False,False,True,False,False,False,False,False
50,0,702,14,2,2,76,1,4,1,11420,4990,4,11,3,1,2,12,2,3,3,1,0,1,1.75,5,0.23076923076923078,False,True,False,True,False,False,True,False,False,True,False,False,False,False,False,False,True,False,False,True,False,False,True,False,True,False,False
39,0,982,4,3,1,57,4,3,2,10059,25314,2,19,3,3,1,10,3,1,10,5,3,4,1.75,11,0.9090909090909091,False,True,False,True,False,False,False,False,True,False,False,False,False,True,False,False,False,False,False,False,False,False,True,False,False,True,False
48,0,1205,15,4,3,72,3,4,2,13260,20967,3,12,3,2,3,12,5,2,8,6,2,6,2.25,12,0.6153846153846154,False,True,False,True,True,False,False,False,False,False,False,False,False,False,False,False,True,False,False,True,False,False,False,True,False,True,False
46,0,705,23,5,3,31,4,3,3,7565,13889,0,16,3,3,0,14,6,3,10,9,4,6,3.0,16,0.6666666666666666,False,True,False,False,False,False,False,False,False,False,False,False,False,False,False,True,False,False,False,False,False,True,False,False,False,True,False
36,0,235,29,2,1,81,4,3,3,8017,20417,0,16,3,3,0,10,4,3,10,2,2,8,2.5,7,0.9090909090909091,False,True,False,True,False,False,True,False,False,True,False,False,False,False,False,True,False,False,False,True,False,False,True,False,False,True,False
31,0,663,29,2,2,66,1,2,1,4436,9139,0,13,3,4,2,8,6,2,3,2,1,2,2.25,5,0.3333333333333333,False,True,True,False,False,False,True,False,False,False,False,False,False,False,True,False,False,False,True,False,False,True,False,False,True,False,False
44,0,933,14,4,4,83,1,5,2,17752,10975,2,14,4,2,1,13,2,1,7,5,3,6,2.25,13,0.5,False,True,True,False,True,False,False,False,False,False,False,True,False,False,False,False,False,False,True,False,False,False,False,True,False,True,False
24,1,1182,7,4,4,56,1,2,2,6516,7063,2,25,3,2,3,2,4,1,0,0,0,0,2.25,2,0.0,False,True,True,False,True,False,False,False,False,True,False,False,False,True,False,False,False,False,False,True,True,True,False,False,False,False,False
43,1,1231,5,2,3,59,1,3,1,8692,11731,2,25,4,1,3,15,0,4,7,5,1,6,2.25,9,0.4375,False,True,True,False,False,False,False,True,False,False,False,False,False,False,True,False,False,False,False,True,True,False,True,False,False,True,False
22,1,1205,29,4,4,40,2,1,2,1009,9790,0,18,3,3,0,3,0,1,3,1,1,2,2.5,3,0.75,False,True,True,False,False,False,False,True,False,False,False,True,False,False,False,False,False,False,False,True,True,False,False,False,True,False,False
45,0,482,9,1,1,71,2,4,1,14809,16689,0,17,3,4,3,12,4,2,6,5,1,4,2.0,10,0.46153846153846156,False,True,False,True,True,False,False,False,False,False,False,False,False,False,True,False,False,False,True,False,False,False,False,True,False,True,False
45,0,134,1,2,3,95,4,3,2,9134,12901,3,25,3,2,3,19,2,1,12,7,1,10,2.0,11,0.6,False,True,False,True,False,False,False,False,False,False,False,False,False,False,False,False,True,False,False,True,False,False,True,False,False,False,True
21,1,384,6,5,1,71,4,1,3,1218,9072,0,18,3,4,0,2,3,1,0,0,0,0,2.25,1,0.0,False,True,True,False,True,False,False,False,False,False,False,False,False,False,False,True,False,False,False,False,False,False,False,False,False,False,False
50,1,269,7,3,3,93,2,4,1,14216,11720,2,17,3,2,2,20,6,4,5,4,1,3,2.5,9,0.23809523809523808,False,True,True,False,True,False,False,False,False,True,False,False,False,False,False,False,True,False,False,True,True,False,False,True,True,False,False
35,0,1042,20,5,1,30,3,3,3,9245,16357,2,11,3,2,2,13,5,2,6,2,2,3,2.0,7,0.42857142857142855,False,True,True,False,True,False,False,False,False,False,False,False,False,True,False,False,False,False,True,False,False,False,True,False,False,True,False
51,0,480,29,2,2,82,2,4,1,12075,21831,5,13,3,1,0,21,2,4,10,7,2,7,2.0,13,0.45454545454545453,False,True,True,False,True,False,False,False,False,True,True,False,False,False,False,False,False,False,False,True,False,False,False,True,False,True,False
19,1,347,22,2,1,30,3,1,2,3342,24200,0,18,3,3,2,4,4,4,1,1,0,1,2.5,2,0.2,True,False,True,False,True,False,False,False,False,True,False,False,False,False,False,False,False,False,False,False,True,False,False,False,False,False,False
25,0,855,17,5,2,60,2,2,4,4690,8696,0,15,3,3,3,5,6,3,3,2,1,2,3.0,5,0.5,False,True,False,False,True,False,False,False,False,False,False,False,False,False,False,False,False,False,False,False,False,True,False,False,True,False,False
39,0,784,29,5,3,63,4,3,3,9151,13172,2,11,3,2,1,11,1,2,5,2,2,2,2.5,7,0.4166666666666667,False,True,True,False,True,False,False,False,False,False,False,False,False,False,False,True,False,False,False,False,False,False,True,False,True,False,False
26,0,1084,21,5,4,63,1,2,4,4380,19855,0,21,4,3,3,4,3,4,1,1,1,1,3.75,4,0.2,False,True,False,True,False,True,False,False,False,False,True,False,False,False,False,False,False,False,False,False,False,True,False,False,False,False,False
32,0,1391,26,2,4,69,4,3,1,9751,7179,0,20,3,3,2,0,5,3,0,0,0,0,2.75,3,0.0,True,False,True,False,False,False,False,False,True,True,False,True,False,False,False,False,False,False,False,True,False,False,True,False,False,False,False
46,0,219,7,5,4,84,4,4,1,13708,20417,1,11,3,3,2,17,4,4,13,9,2,8,3.0,15,0.7222222222222222,True,False,False,True,False,False,True,False,False,False,False,False,False,False,False,True,False,False,True,False,False,False,False,True,False,False,True
24,0,186,4,3,1,80,1,2,2,4762,15992,1,25,3,1,2,5,3,2,3,2,1,1,1.5,5,0.5,True,False,True,False,True,False,False,False,False,True,True,False,False,False,False,False,False,False,False,True,False,True,False,False,True,False,False
47,0,1243,5,5,4,33,3,3,1,7633,5523,2,14,3,3,2,17,3,3,10,5,2,7,2.75,10,0.5555555555555556,False,True,False,True,False,True,False,False,False,True,False,True,False,False,False,False,False,False,False,False,True,True,False,False,False,True,False
22,1,1372,10,5,2,83,4,1,3,4049,18353,0,15,3,2,3,3,4,3,3,2,0,2,2.5,3,0.75,False,True,True,False,True,False,False,False,False,True,False,False,False,False,False,True,False,False,True,False,True,True,False,False,True,False,False
25,0,570,29,3,4,58,4,2,2,4632,6085,0,13,3,2,2,7,3,3,3,2,1,1,2.75,5,0.375,False,True,True,False,False,True,False,False,False,True,False,False,False,False,False,False,True,False,True,False,False,True,False,False,True,False,False
43,0,367,8,2,4,71,2,2,4,6773,15193,0,23,3,2,2,8,2,3,5,3,0,3,3.25,5,0.5555555555555556,False,True,False,True,False,False,True,False,False,True,False,False,False,False,False,False,True,False,False,False,False,True,False,False,True,False,False
52,0,519,5,5,4,95,3,3,1,8756,9817,0,25,3,3,0,13,6,3,5,2,2,3,2.75,7,0.35714285714285715,False,True,False,True,True,False,False,False,False,False,False,False,False,False,False,False,False,True,False,False,False,False,True,False,True,False,False
25,0,775,29,3,3,50,1,2,2,3837,2682,0,25,3,4,2,0,5,4,0,0,0,0,3.25,2,0.0,False,True,True,False,True,False,False,False,False,True,False,True,False,False,False,False,False,False,False,False,False,False,False,False,False,False,False
30,0,118,15,3,4,73,2,3,1,8531,18909,1,12,4,1,3,6,4,4,2,1,1,1,2.5,5,0.2857142857142857,False,True,False,True,False,True,False,False,False,False,True,False,False,False,False,False,False,False,False,True,True,False,True,False,False,False,False
57,0,286,8,4,2,73,2,4,3,14056,18762,4,25,3,1,2,16,1,2,16,12,4,6,2.0,20,0.9411764705882353,True,False,True,False,False,False,False,False,False,True,False,False,False,False,False,False,True,False,False,True,False,False,False,True,False,False,True
60,0,150,4,5,1,65,2,5,1,17298,8884,7,11,3,2,2,17,3,4,8,6,3,6,2.0,14,0.4444444444444444,False,True,True,False,False,False,True,False,False,True,False,False,False,False,False,False,False,False,False,True,False,False,False,True,False,True,False
42,0,1093,3,1,2,48,2,3,2,8510,3012,2,22,3,2,0,13,1,2,6,5,2,5,2.0,10,0.42857142857142855,False,True,False,True,False,False,False,True,False,True,False,False,True,False,False,False,False,False,True,False,False,False,True,False,False,True,False
37,0,723,23,5,1,83,3,3,2,9151,24046,0,20,3,1,3,9,1,1,8,3,4,3,1.25,10,0.8,False,True,False,True,False,False,False,False,False,False,False,False,False,False,False,False,False,False,True,False,False,False,True,False,False,True,False
32,0,1495,2,3,1,88,4,2,3,6854,12489,1,24,3,2,2,3,1,1,3,2,1,2,1.75,5,0.75,True,False,True,False,True,False,False,False,False,True,False,True,False,False,False,False,False,False,False,True,False,True,False,False,True,False,False
44,0,723,11,1,1,97,3,2,2,6801,23381,2,19,3,3,1,22,1,3,13,11,7,6,2.25,20,0.5652173913043478,False,False,False,False,False,True,False,False,False,True,False,False,False,True,False,False,False,False,False,False,True,True,False,False,False,False,True
43,1,524,29,2,1,60,2,2,3,8367,12414,3,16,3,4,0,13,5,2,11,3,2,3,2.5,7,0.7857142857142857,False,True,False,True,True,False,False,False,False,True,False,False,True,False,False,False,False,False,False,True,False,False,True,False,False,False,True
30,0,530,8,3,4,39,3,2,1,5501,20568,0,20,3,3,3,3,3,4,3,1,1,2,3.0,4,0.75,False,False,False,False,False,False,True,False,False,True,False,False,False,False,True,False,False,False,True,False,False,True,False,False,True,False,False
18,0,1393,15,4,4,93,3,1,4,3665,23173,0,19,3,2,2,0,5,4,0,0,0,0,3.5,1,0.0,True,False,True,False,True,False,False,False,False,False,False,False,False,False,False,True,False,False,False,False,False,False,False,False,False,False,False
24,0,364,6,3,4,73,2,1,3,2273,19098,1,13,3,3,1,4,6,3,3,2,1,1,3.25,4,0.6,True,False,True,False,False,False,False,True,False,False,False,True,False,False,False,False,False,False,True,False,False,False,False,False,True,False,False
59,0,1121,29,1,3,39,1,5,1,19999,23578,3,20,3,2,2,19,1,1,10,5,5,8,1.75,15,0.5,True,False,True,False,False,True,False,False,False,True,False,False,False,False,False,False,False,False,True,False,False,False,False,True,False,True,False
35,0,1330,16,3,4,85,3,2,1,4431,3701,1,21,4,1,3,14,1,1,9,3,2,5,1.75,7,0.6,False,True,True,False,True,False,False,False,False,False,False,False,False,False,False,True,False,False,False,True,False,True,False,False,False,True,False
38,0,1450,29,2,2,80,1,3,2,10707,21396,2,14,3,3,3,10,1,4,7,4,3,2,2.75,10,0.6363636363636364,True,False,True,False,True,False,False,False,False,False,False,False,False,False,False,False,True,False,False,True,False,False,True,False,False,True,False
38,0,220,12,2,4,89,3,3,4,10553,19979,3,20,3,2,1,17,0,2,6,4,1,3,3.0,8,0.3333333333333333,False,True,True,False,False,False,True,False,False,False,True,False,False,False,False,False,False,False,True,False,True,False,True,False,False,True,False
51,0,1040,14,4,4,60,4,4,2,13058,22509,2,15,3,2,3,15,0,1,15,12,6,8,2.25,22,0.9375,False,True,True,False,False,True,False,False,False,False,False,False,False,False,False,False,True,False,True,False,True,False,False,True,False,False,True
20,0,1234,17,5,1,63,4,2,2,6744,17899,2,18,4,4,0,4,4,2,2,1,0,1,2.25,3,0.4,False,True,True,False,False,False,False,False,False,True,False,False,False,False,False,True,False,False,False,True,False,True,False,False,False,False,False
21,0,1054,10,1,2,39,4,1,2,3548,7543,1,16,3,3,1,6,4,4,6,5,2,2,2.75,8,0.8571428571428571,True,False,False,True,True,False,False,False,False,True,False,False,False,False,False,False,False,False,False,False,False,False,False,False,False,True,False
29,1,1276,21,4,2,60,2,1,2,2506,17199,0,20,3,3,2,11,2,1,11,7,6,5,2.0,14,0.9166666666666666,False,False,True,False,False,False,True,False,False,False,False,False,False,False,False,False,True,False,True,False,False,False,False,False,False,False,True
38,0,1420,11,3,1,69,2,3,2,8337,19933,0,11,4,3,2,15,3,3,6,5,3,3,2.25,11,0.375,False,True,False,True,False,False,True,False,False,True,False,False,False,False,False,False,True,False,False,False,True,False,True,False,False,True,False
46,0,1332,19,2,1,91,3,4,1,14319,26858,3,13,3,2,0,13,1,2,7,3,2,4,1.5,9,0.5,False,False,False,True,True,False,False,False,False,True,False,False,False,False,False,False,True,False,True,False,False,False,False,True,False,True,False
39,0,1118,29,4,4,45,1,2,3,5933,20754,0,17,4,3,1,11,4,4,8,6,1,6,3.5,9,0.6666666666666666,False,True,False,True,False,False,True,False,False,True,False,False,False,False,False,False,True,False,False,False,False,True,False,False,False,True,False
36,0,373,13,2,1,33,4,2,1,7293,23043,0,21,3,4,1,1,4,2,0,0,0,0,2.0,2,0.0,False,True,False,True,True,False,False,False,False,True,False,True,False,False,False,False,False,False,False,True,True,True,False,False,False,False,False
58,0,1285,7,4,3,50,1,5,3,19685,21471,4,22,3,3,1,19,4,3,9,6,1,7,3.0,12,0.45,False,True,True,False,True,False,False,False,False,True,False,False,False,False,False,False,False,True,False,True,False,False,False,True,False,True,False
24,0,1058,28,3,4,44,4,1,2,2076,4641,1,13,3,4,2,8,3,2,3,2,0,3,3.0,3,0.3333333333333333,True,False,True,False,True,False,False,False,False,False,False,False,False,False,False,True,False,False,False,False,False,False,False,False,True,False,False
42,0,499,17,1,4,62,4,2,3,6392,21888,3,20,3,1,0,15,5,3,10,4,5,4,2.75,11,0.625,False,True,True,False,False,False,False,False,True,False,False,True,False,False,False,False,False,False,False,False,False,True,False,False,False,True,False
41,0,1005,9,4,2,80,4,4,3,11903,19664,0,25,3,3,2,12,0,1,9,4,3,2,2.25,11,0.6923076923076923,False,True,False,True,True,False,False,False,False,True,False,False,False,False,False,False,False,False,True,False,False,False,True,False,False,True,False
38,0,337,6,5,1,55,1,2,3,5036,6159,3,20,3,3,0,16,2,1,12,4,1,7,2.0,7,0.7058823529411765,False,True,True,False,True,False,False,False,False,True,False,False,False,False,False,True,False,False,False,True,False,True,False,False,False,False,True
52,0,1266,1,3,2,54,4,5,3,18652,6768,0,11,3,4,2,15,0,3,11,3,4,9,3.0,12,0.6875,False,True,True,False,False,True,False,False,False,True,False,True,False,False,False,False,False,False,False,True,True,False,False,True,False,False,True
29,0,996,12,4,2,57,1,2,2,6290,8492,0,20,3,4,3,4,5,2,2,1,0,0,2.5,3,0.4,False,True,True,False,False,False,False,False,False,True,False,True,False,False,False,False,False,False,True,False,False,True,False,False,False,False,False
59,0,1001,12,1,4,99,2,5,3,19999,16702,3,16,4,1,3,18,0,1,9,2,2,3,2.25,9,0.47368421052631576,True,False,True,False,False,False,True,False,False,True,False,False,False,False,False,True,False,False,False,False,False,False,False,True,False,True,False
32,1,454,6,2,4,58,3,2,1,5761,21611,0,11,3,2,3,4,3,4,2,2,0,1,2.75,4,0.4,False,True,True,False,True,False,False,False,False,False,False,True,False,False,False,False,False,False,True,False,True,True,False,False,False,False,False
41,0,313,6,2,1,80,2,1,2,2566,24019,4,17,3,4,1,14,1,3,7,5,1,5,2.5,7,0.4666666666666667,True,False,True,False,False,False,True,False,False,False,False,False,False,False,False,False,True,False,False,True,False,False,False,False,False,True,False
40,0,702,6,4,1,31,4,2,1,4662,5763,2,11,3,4,1,12,4,1,3,2,1,1,1.75,5,0.23076923076923078,False,True,False,False,True,False,False,False,False,False,False,False,False,False,True,False,False,False,True,False,False,True,False,False,True,False,False
54,0,590,11,2,4,37,2,4,3,15002,26531,2,12,4,1,3,20,2,1,16,8,7,6,2.25,19,0.7619047619047619,False,False,True,False,False,False,True,False,False,False,True,False,False,False,False,False,False,False,True,False,False,False,False,True,False,False,True
36,0,1297,23,4,4,56,1,3,4,8266,5181,0,13,4,3,0,8,3,4,6,2,2,2,3.75,7,0.6666666666666666,False,True,True,False,True,False,False,False,False,False,False,False,False,False,True,False,False,False,True,False,False,False,True,False,False,True,False
30,0,1477,10,2,4,67,1,1,3,2396,16717,0,14,4,2,3,7,6,2,5,2,2,4,2.75,5,0.625,False,True,True,False,True,False,False,False,False,True,False,False,False,False,False,False,True,False,True,False,False,False,False,False,True,False,False
18,0,983,8,4,4,57,4,1,1,4142,26426,0,24,3,3,0,0,6,2,0,0,0,0,2.5,1,0.0,False,True,False,True,True,False,False,False,False,False,False,False,True,False,False,False,False,False,False,False,False,True,False,False,False,False,False
33,0,1215,4,2,2,49,3,2,1,6903,12456,0,14,3,3,0,10,2,3,8,2,4,4,2.25,8,0.7272727272727273,False,True,True,False,False,False,True,False,False,False,False,False,False,True,False,False,False,False,False,True,True,True,False,False,False,True,False
53,0,1420,2,3,2,72,2,4,2,12849,26196,1,23,3,2,0,18,2,2,14,10,7,11,2.0,21,0.7368421052631579,False,True,True,False,True,False,False,False,False,True,False,False,False,False,False,False,True,False,True,False,False,False,False,True,False,False,True
18,1,1128,4,1,1,48,1,1,3,1204,17846,0,13,3,2,0,0,2,1,0,0,0,0,1.75,1,0.0,True,False,False,True,True,False,False,False,False,True,True,False,False,False,False,False,False,False,True,False,True,False,False,False,False,False,False
56,0,597,8,4,4,64,3,5,2,18883,10480,3,19,3,4,3,18,4,3,17,8,8,13,3.25,21,0.8947368421052632,False,True,False,False,False,False,True,False,False,False,False,False,False,False,False,False,False,True,True,False,True,False,False,True,False,False,True
41,0,426,7,1,4,37,2,4,4,12632,23906,1,15,3,2,0,11,6,3,2,0,0,1,3.25,4,0.16666666666666666,False,True,True,False,False,True,False,False,False,True,False,False,False,False,False,False,True,False,False,False,True,False,False,True,False,False,False
24,0,494,14,5,4,42,1,2,3,3968,2308,0,16,3,1,1,10,4,1,5,3,1,1,2.25,6,0.45454545454545453,False,True,False,True,True,False,False,False,False,True,True,False,False,False,False,False,False,False,True,False,False,False,False,False,True,False,False
30,0,541,13,5,3,94,3,3,4,7251,21127,0,18,3,1,3,3,3,1,1,0,0,0,2.25,3,0.25,False,False,False,True,False,False,True,False,False,True,False,False,False,False,False,False,True,False,True,False,False,True,False,False,False,False,False
41,1,400,5,3,4,71,4,3,4,9756,12012,2,25,3,1,3,13,6,3,6,5,3,2,3.0,11,0.42857142857142855,False,True,False,True,False,False,True,False,False,True,False,True,False,False,False,False,False,False,False,True,False,False,True,False,False,True,False
31,0,1045,14,5,1,51,2,4,1,14780,19913,0,21,3,1,1,4,1,4,1,0,0,1,1.75,4,0.2,False,True,True,False,True,False,False,False,False,False,False,False,False,False,False,False,True,False,True,False,False,False,False,True,False,False,False
22,1,1465,6,5,2,32,3,1,4,5949,2738,0,11,3,1,1,1,0,4,1,0,0,1,2.75,1,0.5,False,True,False,True,False,False,False,True,False,True,False,False,False,False,False,False,True,False,False,True,False,True,False,False,False,False,False
46,0,462,10,1,1,85,2,3,1,7730,24635,0,24,3,3,1,15,0,3,9,2,4,3,2.0,9,0.5625,False,True,True,False,False,False,False,False,True,False,True,False,False,False,False,False,False,False,False,True,True,True,False,False,False,True,False
46,0,702,4,4,3,53,4,4,1,15596,5666,5,12,3,3,2,13,4,1,11,10,4,8,2.0,18,0.7857142857142857,False,True,True,False,True,False,False,False,False,True,False,False,False,True,False,False,False,False,True,False,False,False,False,True,False,False,True
23,0,1417,14,2,1,62,3,2,3,6092,17186,1,18,3,4,1,4,6,2,2,1,1,1,2.5,4,0.4,False,True,True,False,True,False,False,False,False,True,False,False,False,False,False,True,False,False,True,False,True,True,False,False,False,False,False
30,1,1387,6,5,2,74,3,2,3,4832,7675,1,20,3,3,2,8,1,2,6,4,0,3,2.5,6,0.6666666666666666,False,True,True,False,True,False,False,False,False,False,False,False,False,False,False,False,False,True,False,False,True,True,False,False,False,True,False
28,0,138,28,5,2,35,1,2,3,5324,25103,0,19,3,1,3,4,5,4,1,1,0,0,2.5,3,0.2,False,True,False,True,True,False,False,False,False,False,False,False,False,False,True,False,False,False,True,False,False,True,False,False,False,False,False
46,1,583,7,5,1,74,4,2,1,4827,22994,0,19,3,3,0,17,6,1,12,10,1,10,1.5,13,0.6666666666666666,False,True,False,True,False,False,True,False,False,True,True,False,False,False,False,False,False,False,False,False,True,True,False,False,False,False,True
49,0,589,4,3,1,100,1,5,1,19310,22929,2,21,3,2,3,14,6,2,4,1,0,2,1.5,6,0.26666666666666666,False,True,True,False,False,False,False,False,True,True,True,False,False,False,False,False,False,False,True,False,False,False,False,True,True,False,False
49,0,503,7,1,4,42,3,4,4,15184,11440,0,25,3,1,2,15,5,3,11,8,4,8,3.0,16,0.6875,False,False,False,True,False,False,False,False,True,False,True,False,False,False,False,False,False,False,True,False,False,False,False,True,False,False,True
58,0,1417,5,1,2,96,2,5,3,18558,6621,5,14,3,3,0,21,2,2,20,15,1,14,2.5,21,0.9090909090909091,False,True,False,True,True,False,False,False,False,True,False,False,False,False,False,False,False,False,False,False,False,False,False,True,False,False,True
51,0,1178,1,1,4,54,3,3,2,9518,2298,1,23,3,3,3,17,4,3,10,2,5,5,3.0,10,0.5555555555555556,False,True,True,False,False,False,True,False,False,True,False,False,False,False,False,True,False,False,True,False,False,False,True,False,False,True,False
31,0,192,29,5,2,30,4,2,1,7025,7145,0,11,3,2,1,10,3,1,7,2,2,1,1.5,6,0.6363636363636364,False,True,False,True,True,False,False,False,False,True,True,False,False,False,False,False,False,False,False,False,False,True,False,False,False,True,False
22,0,965,16,3,1,62,1,1,1,4793,17955,1,25,3,1,0,4,3,4,3,2,1,2,1.75,4,0.6,False,True,True,False,False,False,True,False,False,True,False,False,False,False,False,False,True,False,True,False,False,True,False,False,True,False,False
44,0,907,13,2,1,44,1,4,2,12592,10580,0,16,3,1,0,15,4,2,9,2,1,2,1.5,7,0.5625,True,False,True,False,True,False,False,False,False,False,False,False,False,False,False,False,True,False,False,True,False,False,False,True,False,True,False
57,0,834,9,3,3,59,4,5,2,18941,3853,2,21,3,4,0,18,4,2,13,5,6,11,2.75,16,0.6842105263157895,False,True,True,False,False,False,False,False,False,True,False,True,False,False,False,False,False,False,True,False,False,False,False,True,False,False,True
59,0,1110,4,1,1,42,3,5,4,19851,26981,4,14,3,1,1,16,5,4,12,6,3,4,2.5,14,0.7058823529411765,False,True,True,False,False,False,False,False,True,False,False,False,False,False,False,True,False,False,False,True,False,False,False,True,False,False,True
27,1,716,2,3,4,78,2,1,2,1696,24361,1,24,3,2,2,1,3,1,1,0,0,0,2.25,1,0.5,False,True,True,False,True,False,False,False,False,True,False,False,False,False,False,False,False,False,False,True,False,False,False,False,False,False,False
28,0,1096,10,3,2,55,1,2,2,3929,12998,0,18,3,3,0,0,4,2,0,0,0,0,2.25,2,0.0,False,True,True,False,False,False,True,False,False,False,True,False,False,False,False,False,False,False,False,True,True,False,False,False,False,False,False
19,1,753,11,4,3,82,3,1,4,2968,8204,3,21,3,2,3,8,2,1,3,2,1,2,2.5,4,0.3333333333333333,False,False,True,False,False,False,True,False,False,True,False,True,False,False,False,False,False,False,False,True,True,False,False,False,True,False,False
24,0,1422,9,1,2,44,2,2,1,5004,13184,0,14,4,4,0,0,3,3,0,0,0,0,2.5,2,0.0,False,True,True,False,False,True,False,False,False,False,False,False,False,True,False,False,False,False,True,False,False,True,False,False,False,False,False
41,0,1267,29,5,1,32,3,4,1,13793,8014,2,18,4,2,3,16,5,2,2,1,1,1,1.5,6,0.11764705882352941,False,True,False,True,False,False,True,False,False,False,False,True,False,False,False,False,False,False,False,False,False,False,False,True,False,False,False
41,0,176,1,1,3,53,2,3,4,7934,3905,1,22,3,4,0,9,5,3,7,3,3,5,3.5,9,0.7,True,False,True,False,True,False,False,False,False,True,False,False,True,False,False,False,False,False,True,False,False,True,False,False,False,True,False
33,0,315,10,3,1,82,4,1,4,5592,11982,2,19,3,2,0,12,3,3,12,7,2,9,2.5,10,0.9230769230769231,True,False,False,True,False,False,True,False,False,True,False,False,False,False,False,False,True,False,False,False,False,True,False,False,False,False,True
31,1,660,1,2,4,99,3,2,2,4946,6167,0,13,3,1,1,0,3,3,0,0,0,0,2.5,2,0.0,False,True,False,True,True,False,False,False,False,True,False,False,False,False,False,False,True,False,True,False,True,True,False,False,False,False,False
53,0,173,8,4,3,92,3,5,1,19703,4769,3,24,3,3,3,16,1,4,3,1,1,2,2.75,7,0.17647058823529413,False,True,False,True,False,False,True,False,False,True,False,False,False,False,False,False,False,False,False,True,True,False,False,True,True,False,False
37,0,198,8,4,2,30,1,4,1,14622,26585,0,14,3,3,2,15,2,4,7,5,1,5,2.5,10,0.4375,False,True,True,False,True,False,False,False,False,True,False,False,False,True,False,False,False,False,False,True,False,False,False,True,False,True,False
52,0,110,3,1,4,94,3,2,1,3473,2670,3,12,3,4,3,19,4,1,16,13,3,6,2.5,18,0.8,True,False,True,False,False,False,True,False,False,True,False,True,False,False,False,False,False,False,False,False,False,False,False,False,False,False,True
59,0,1358,5,3,1,58,3,5,4,19999,22735,2,20,4,1,1,19,0,3,6,4,1,2,2.25,10,0.3,False,True,True,False,False,True,False,False,False,False,False,False,False,False,False,True,False,False,True,False,False,False,False,True,False,True,False
31,0,793,9,3,2,33,3,3,3,9251,24866,0,19,3,3,3,1,0,4,1,0,0,0,3.0,3,0.5,False,True,True,False,True,False,False,False,False,True,False,False,False,False,False,False,True,False,False,False,False,False,True,False,False,False,False
26,0,1193,9,3,3,46,3,2,4,5688,12857,1,17,4,3,3,0,4,1,0,0,0,0,2.75,2,0.0,True,False,False,True,True,False,False,False,False,True,False,False,True,False,False,False,False,False,False,True,False,True,False,False,False,False,False
58,0,1244,6,1,2,92,3,4,3,15269,23602,4,16,4,2,0,24,5,2,12,7,4,8,2.25,15,0.48,False,True,True,False,False,True,False,False,False,False,False,True,False,False,False,False,False,False,True,False,False,False,False,True,False,False,True
45,0,333,26,1,2,72,1,3,3,8443,14723,6,11,3,2,2,12,6,3,3,2,2,1,2.5,7,0.23076923076923078,False,True,True,False,True,False,False,False,False,False,False,True,False,False,False,False,False,False,True,False,False,False,True,False,True,False,False
30,0,1039,21,3,4,41,2,2,4,6558,24914,0,20,3,2,3,7,3,4,3,2,0,1,3.5,4,0.375,False,True,True,False,False,False,True,False,False,True,True,False,False,False,False,False,False,False,False,False,False,True,False,False,True,False,False
44,1,966,4,2,4,86,1,3,2,6249,22735,4,14,3,1,2,14,0,1,10,7,4,2,2.0,14,0.6666666666666666,True,False,False,True,False,False,True,False,False,True,False,False,True,False,False,False,False,False,False,True,True,True,False,False,False,True,False
40,0,1485,4,3,4,54,4,4,3,14981,18945,1,20,3,3,3,7,4,4,2,0,0,1,3.5,4,0.25,False,True,False,True,True,False,False,False,False,True,False,False,False,False,False,False,True,False,False,False,True,False,False,True,False,False,False
56,0,1322,5,1,1,38,1,4,2,14220,16390,5,24,4,4,2,20,2,1,16,12,4,5,2.0,20,0.7619047619047619,False,True,True,False,False,False,False,False,True,True,False,False,False,False,False,False,False,False,True,False,False,False,False,True,False,False,True
29,0,954,13,4,4,57,4,1,3,3239,2418,0,16,4,2,2,5,1,4,5,3,1,4,3.25,5,0.8333333333333334,False,True,True,False,False,False,True,False,False,True,False,False,False,False,False,False,True,False,False,False,False,False,False,False,True,False,False
60,0,1047,8,1,2,84,3,5,1,17989,9113,3,19,3,1,1,21,4,3,21,18,8,17,1.75,31,0.9545454545454546,True,False,True,False,False,False,True,False,False,True,False,False,False,False,False,False,True,False,True,False,False,False,False,True,False,False,True
58,0,813,12,4,4,51,3,4,1,13737,26331,3,21,3,4,0,17,5,2,15,11,6,10,2.75,21,0.8333333333333334,True,False,True,False,True,False,False,False,False,False,False,False,True,False,False,False,False,False,True,False,False,False,False,True,False,False,True
25,0,918,21,5,2,41,3,1,2,2702,25041,1,19,3,4,1,0,0,1,0,0,0,0,2.25,1,0.0,False,True,True,False,True,False,False,False,False,True,False,False,False,False,False,False,True,False,True,False,False,False,False,False,False,False,False
25,0,914,5,2,3,50,1,1,4,1633,19745,1,19,3,3,0,3,5,2,3,2,0,3,3.0,3,0.75,False,True,True,False,True,False,False,False,False,False,False,False,False,False,False,True,False,False,False,False,False,False,False,False,True,False,False
40,0,1337,2,1,4,86,3,5,2,19430,14408,0,17,3,1,2,14,4,3,9,6,2,6,2.5,13,0.6,False,False,False,True,False,False,False,False,True,True,True,False,False,False,False,False,False,False,False,True,True,False,False,True,False,True,False
19,0,1334,15,1,4,42,2,1,3,4888,12435,0,13,3,2,1,3,5,1,3,1,1,2,2.5,3,0.75,True,False,False,True,False,False,False,False,True,True,False,False,True,False,False,False,False,False,True,False,True,True,False,False,True,False,False
30,0,411,5,2,3,62,4,1,3,1294,12528,3,21,3,3,1,7,4,3,1,1,0,1,3.0,2,0.125,False,True,False,True,False,True,False,False,False,False,True,False,False,False,False,False,False,False,True,False,False,False,False,False,False,False,False
36,1,122,14,1,3,76,4,2,3,6088,20336,2,20,3,4,3,13,3,1,5,2,2,3,2.75,6,0.35714285714285715,False,True,True,False,True,False,False,False,False,False,False,False,False,False,True,False,False,False,True,False,False,True,False,False,True,False,False
59,0,466,13,5,1,34,4,5,1,18495,8725,4,17,3,2,0,19,2,1,10,3,5,5,1.25,13,0.5,False,False,True,False,False,False,True,False,False,True,False,False,False,False,False,True,False,False,True,False,False,False,False,True,False,True,False
60,0,753,23,5,3,71,4,5,4,18357,16217,0,11,3,1,3,21,4,3,19,14,10,3,2.75,29,0.8636363636363636,False,False,True,False,False,True,False,False,False,False,False,False,False,False,False,False,False,False,True,False,False,False,False,True,False,False,True
24,0,409,13,5,2,85,4,3,4,8590,17700,2,11,3,3,1,3,1,4,0,0,0,0,3.25,3,0.0,False,True,True,False,False,False,True,False,False,True,False,False,False,False,False,True,False,False,True,False,False,False,True,False,False,False,False
56,0,676,11,5,1,73,2,5,1,19108,18822,2,23,3,3,3,22,3,4,11,8,6,9,2.25,19,0.4782608695652174,False,True,True,False,True,False,False,False,False,True,False,False,True,False,False,False,False,False,True,False,False,False,False,True,False,False,True
21,0,708,10,3,4,43,2,1,2,3222,6226,0,12,3,1,3,4,5,3,2,1,1,1,2.5,3,0.4,False,True,True,False,False,False,False,False,True,True,False,False,False,False,False,True,False,False,True,False,False,False,False,False,False,False,False
50,0,1433,29,2,2,67,4,3,4,7143,22618,2,24,3,2,1,14,1,3,14,11,2,6,2.75,16,0.9333333333333333,True,False,True,False,True,False,False,False,False,False,False,False,False,False,False,False,True,False,True,False,True,True,False,False,False,False,True
54,1,715,12,3,4,94,4,5,1,19999,12890,1,11,4,1,3,12,0,3,8,6,4,5,2.25,15,0.6153846153846154,False,True,True,False,True,False,False,False,False,True,False,False,False,False,False,False,True,False,False,False,False,False,False,True,False,True,False
56,0,363,8,2,1,45,2,4,3,14097,25409,4,12,3,1,3,22,0,2,15,11,4,11,1.75,19,0.6521739130434783,False,True,True,False,False,False,False,False,True,False,False,False,False,False,False,False,False,True,True,False,False,False,False,True,False,False,True
27,1,673,7,5,1,41,3,1,4,3713,13139,3,14,3,2,2,3,3,1,2,1,1,1,2.0,3,0.5,False,True,True,False,False,False,True,False,False,True,False,False,False,False,False,False,True,False,False,True,True,False,False,False,False,False,False
56,0,137,15,3,4,71,4,4,4,15458,21934,2,14,3,1,3,19,2,1,17,15,7,8,2.5,26,0.85,False,False,True,False,True,False,False,False,False,False,False,False,False,True,False,False,False,False,True,False,True,False,False,True,False,False,True
22,0,143,29,2,4,59,4,1,2,1009,4869,2,15,3,2,2,12,4,2,6,3,3,2,2.5,7,0.46153846153846156,True,False,True,False,False,False,True,False,False,True,False,False,False,False,True,False,False,False,False,True,True,False,False,False,False,True,False
40,1,984,17,4,1,76,4,3,3,9257,24405,2,12,3,3,0,14,5,3,8,6,3,3,2.5,12,0.5333333333333333,False,False,True,False,False,False,False,True,False,True,False,False,True,False,False,False,False,False,False,True,False,False,True,False,False,True,False
38,0,453,27,2,4,72,2,3,4,8303,2766,3,12,3,2,2,16,6,2,10,5,5,8,3.0,13,0.5882352941176471,False,True,True,False,True,False,False,False,False,False,False,True,False,False,False,False,False,False,False,False,False,False,True,False,False,True,False
31,0,975,18,2,2,33,3,3,2,9723,16227,0,22,4,1,0,5,2,1,3,1,1,1,1.5,5,0.5,True,False,True,False,False,True,False,False,False,False,False,False,False,False,False,False,True,False,True,False,True,False,True,False,True,False,False
18,1,153,3,2,1,81,3,1,4,2038,20725,2,24,3,3,2,5,0,4,5,3,3,4,3.0,7,0.8333333333333334,True,False,False,True,True,False,False,False,False,False,True,False,False,False,False,False,False,False,True,False,True,False,False,False,True,False,False
51,0,548,29,1,4,100,4,3,4,9622,10522,1,12,3,4,3,16,5,1,13,7,5,4,3.25,15,0.7647058823529411,False,True,True,False,True,False,False,False,False,False,False,False,False,True,False,False,False,False,False,False,False,False,True,False,False,False,True
32,0,903,13,1,3,39,4,1,3,1734,25921,0,20,3,3,0,9,0,4,5,2,2,4,3.25,5,0.5,False,True,True,False,False,False,True,False,False,False,False,True,False,False,False,False,False,False,False,True,False,False,False,False,True,False,False
46,0,856,29,3,4,71,3,4,3,14483,18772,2,19,3,2,2,21,4,1,11,5,5,5,2.5,14,0.5,False,False,False,True,False,False,True,False,False,True,True,False,False,False,False,False,False,False,False,True,False,False,False,True,False,False,True
35,0,930,27,5,1,56,4,3,1,8841,24565,2,21,3,4,2,8,1,2,6,2,1,4,2.0,6,0.6666666666666666,False,True,True,False,True,False,False,False,False,True,False,False,False,False,False,False,True,False,False,True,True,False,True,False,False,True,False
34,0,935,2,2,4,75,2,2,1,5313,15946,1,16,3,2,0,9,2,4,5,4,1,3,2.75,7,0.5,False,True,False,True,True,False,False,False,False,True,False,True,False,False,False,False,False,False,False,True,False,True,False,False,True,False,False
56,0,551,11,4,2,71,3,4,4,12761,19698,4,14,4,1,3,15,0,4,10,7,5,7,2.75,16,0.625,False,True,True,False,False,False,True,False,False,True,False,False,False,False,False,False,True,False,True,False,True,False,False,True,False,True,False
22,0,595,6,2,3,70,4,2,3,5058,3493,0,22,3,3,3,6,0,2,4,1,2,3,2.75,5,0.5714285714285714,False,True,True,False,False,False,True,False,False,False,False,False,False,False,False,False,True,False,True,False,False,True,False,False,True,False,False
49,0,671,5,2,3,39,4,5,4,19999,3731,0,20,3,3,0,13,1,1,9,7,4,2,2.75,16,0.6428571428571429,False,True,False,True,False,True,False,False,False,True,False,True,False,False,False,False,False,False,True,False,False,False,False,True,False,True,False
50,0,689,14,1,1,79,1,3,3,10285,16436,4,20,3,1,1,19,3,4,18,11,5,6,2.25,19,0.9,True,False,True,False,False,False,False,False,True,True,False,False,True,False,False,False,False,False,False,True,False,False,True,False,False,False,True
34,0,1200,20,3,4,77,1,3,2,10845,11351,2,13,3,2,0,3,2,4,1,1,0,0,3.0,4,0.25,False,True,True,False,True,False,False,False,False,True,False,False,False,False,False,True,False,False,True,False,False,False,True,False,False,False,False
29,0,300,4,4,2,76,1,3,4,9132,12489,0,19,3,1,2,8,2,2,3,2,1,2,2.25,6,0.3333333333333333,True,False,False,False,False,False,True,False,False,True,False,False,True,False,False,False,False,False,False,True,False,False,True,False,True,False,False
18,0,885,3,2,2,43,1,1,4,3302,17394,2,24,3,2,3,0,0,1,0,0,0,0,2.25,1,0.0,False,True,False,True,False,False,True,False,False,True,False,False,False,False,False,False,False,True,True,False,False,False,False,False,False,False,False
58,0,1179,11,3,4,86,1,5,4,19539,11298,4,18,3,2,3,22,0,3,11,4,5,4,3.25,14,0.4782608695652174,False,True,True,False,False,False,True,False,False,False,False,False,False,False,True,False,False,False,True,False,False,False,False,True,False,False,True
58,0,578,18,3,4,45,4,5,4,19999,26903,4,24,4,2,1,19,5,4,14,10,5,10,3.5,20,0.7,True,False,True,False,True,False,False,False,False,True,False,False,False,False,False,False,True,False,False,True,False,False,False,True,False,False,True
28,0,645,22,2,4,41,3,1,1,3625,20136,0,22,3,3,0,4,5,4,1,1,0,0,3.0,2,0.2,False,True,True,False,True,False,False,False,False,True,False,False,False,False,False,False,False,True,False,False,True,False,False,False,False,False,False
19,0,1048,29,4,2,53,1,1,4,3105,17138,0,16,3,3,1,1,5,3,1,1,0,0,3.0,2,0.5,False,True,False,True,True,False,False,False,False,True,False,False,False,False,False,False,True,False,True,False,False,False,False,False,False,False,False
23,1,1003,29,3,2,41,3,1,1,2670,24137,1,18,3,2,0,1,6,4,1,0,1,0,2.25,2,0.5,True,False,True,False,True,False,False,False,False,False,False,False,True,False,False,False,False,False,False,True,False,False,False,False,False,False,False
20,1,875,15,1,4,53,4,2,4,5308,2690,0,15,3,4,1,5,5,3,5,4,2,3,3.75,8,0.8333333333333334,False,True,True,False,False,False,False,True,False,True,False,False,False,False,False,True,False,False,True,False,False,True,False,False,True,False,False
53,0,698,18,3,2,45,4,3,1,8964,7003,2,17,3,2,2,14,0,1,2,1,0,0,1.5,4,0.13333333333333333,False,True,True,False,False,False,True,False,False,False,False,False,True,False,False,False,False,False,True,False,False,False,True,False,False,False,False
56,0,166,21,2,3,35,4,4,1,13098,22736,5,13,3,2,0,18,5,3,10,7,3,8,2.25,14,0.5263157894736842,False,True,True,False,False,False,True,False,False,True,False,False,False,False,False,False,True,False,False,True,False,False,False,True,False,True,False
24,0,328,3,4,1,98,4,3,3,7748,21890,1,11,3,3,2,5,1,1,5,2,1,3,2.0,6,0.8333333333333334,False,False,False,True,False,False,True,False,False,False,False,False,False,False,False,False,False,False,False,True,True,True,False,False,True,False,False
50,0,782,10,2,1,78,4,5,2,18923,16629,0,21,3,1,3,22,5,3,13,10,3,7,1.75,18,0.5652173913043478,False,True,False,True,False,False,True,False,False,True,False,False,False,False,False,False,True,False,True,False,True,False,False,True,False,False,True
25,0,1080,27,5,3,55,4,3,4,7958,6317,0,15,3,4,1,5,4,1,5,4,2,2,3.0,9,0.8333333333333334,False,True,True,False,False,False,True,False,False,True,False,False,False,False,False,False,True,False,False,False,False,True,False,False,True,False,False
33,0,385,5,4,4,57,4,2,2,6216,9466,2,24,3,3,3,7,5,1,6,2,1,4,2.5,5,0.75,False,False,False,False,False,False,True,False,False,False,False,False,False,False,False,False,False,False,True,False,False,True,False,False,False,True,False
43,0,685,2,1,2,52,3,4,3,14809,16450,0,16,4,2,1,14,6,2,14,10,4,11,2.25,18,0.9333333333333333,False,True,False,True,False,False,True,False,False,False,False,False,False,False,False,True,False,False,True,False,True,False,False,True,False,False,True
48,0,447,5,3,3,83,1,3,3,8815,4193,0,20,3,1,3,8,4,3,2,1,1,1,2.5,5,0.2222222222222222,False,True,True,False,True,False,False,False,False,True,False,False,True,False,False,False,False,False,True,False,True,False,True,False,False,False,False
55,0,360,7,5,1,46,4,5,4,19588,23218,2,19,3,4,2,14,6,1,11,4,3,4,2.5,12,0.7333333333333333,False,True,True,False,False,False,True,False,False,False,False,False,True,False,False,False,False,False,True,False,False,False,False,True,False,False,True
19,0,1358,12,2,3,36,1,1,4,3141,10313,3,14,4,1,2,1,3,4,0,0,0,0,3.0,1,0.0,False,True,False,True,False,False,True,False,False,True,False,False,False,False,False,False,False,False,False,True,True,False,False,False,False,False,False
26,0,1406,17,4,2,64,2,1,3,1009,24653,1,21,3,1,3,3,6,3,3,2,1,1,2.25,4,0.75,False,True,False,True,False,True,False,False,False,True,False,False,True,False,False,False,False,False,True,False,False,False,False,False,True,False,False
30,1,1477,22,4,1,45,3,2,2,4449,15396,0,17,3,3,1,1,0,4,1,0,0,0,2.5,2,0.5,False,True,True,False,False,False,False,True,False,True,False,False,False,False,False,False,False,True,False,False,False,True,False,False,False,False,False
31,0,1349,16,4,3,94,3,3,3,9349,9775,0,25,3,2,2,10,3,2,4,1,1,3,2.5,5,0.36363636363636365,False,True,True,False,False,True,False,False,False,False,True,False,False,False,False,False,False,False,False,False,False,False,True,False,True,False,False
60,0,666,28,1,1,55,4,5,3,17993,3123,1,16,4,1,3,21,5,3,19,15,8,7,2.0,28,0.8636363636363636,False,True,False,True,False,False,True,False,False,True,False,False,False,False,False,False,True,False,False,False,True,False,False,True,False,False,True
51,0,1117,6,2,3,77,1,4,4,15026,22488,4,15,3,2,1,17,6,4,14,9,7,10,3.25,20,0.7777777777777778,False,True,True,False,True,False,False,False,False,False,False,False,False,True,False,False,False,False,False,True,False,False,False,True,False,False,True
31,0,498,6,2,1,58,4,2,1,6594,18585,0,11,4,4,3,5,6,1,5,4,0,2,1.75,6,0.8333333333333334,False,True,True,False,False,False,True,False,False,True,False,False,True,False,False,False,False,False,True,False,False,True,False,False,True,False,False
59,0,906,4,2,2,43,1,5,1,18681,23980,2,19,4,2,1,20,2,4,16,10,1,9,2.25,16,0.7619047619047619,False,True,True,False,False,False,False,False,True,False,False,False,False,False,False,False,True,False,True,False,True,False,False,True,False,False,True
39,0,454,11,5,1,52,3,3,2,7791,7520,1,18,4,3,2,13,4,3,5,3,3,4,2.25,9,0.35714285714285715,False,True,True,False,False,False,False,False,False,False,False,False,False,False,False,True,False,False,False,True,False,True,False,False,True,False,False
39,0,975,6,1,2,89,1,3,2,8512,6396,2,22,3,1,1,10,0,3,9,7,1,4,2.0,11,0.8181818181818182,True,False,True,False,False,True,False,False,False,False,False,False,False,False,False,True,False,False,False,True,False,False,True,False,False,True,False
36,0,691,23,3,1,35,3,3,4,8447,7953,1,13,3,3,2,11,0,3,8,2,4,2,2.75,9,0.6666666666666666,False,True,True,False,True,False,False,False,False,True,False,False,False,True,False,False,False,False,False,False,False,False,True,False,False,True,False
24,1,605,3,5,2,97,1,3,2,9252,11675,0,15,4,1,0,1,4,3,1,0,0,1,2.0,3,0.5,False,True,False,True,False,False,True,False,False,False,False,False,False,False,False,True,False,False,True,False,True,False,True,False,False,False,False
58,1,222,27,5,1,31,1,5,1,16191,11464,3,14,3,1,3,20,2,4,20,13,2,10,1.75,20,0.9523809523809523,False,True,True,False,False,False,False,False,True,True,False,False,False,False,False,False,False,False,True,False,True,False,False,True,False,False,True
18,0,469,5,4,3,80,4,1,1,2119,21426,0,19,3,2,0,5,3,1,1,1,0,1,1.75,2,0.16666666666666666,True,False,False,True,False,False,True,False,False,True,False,False,False,False,False,False,False,False,False,True,False,False,False,False,False,False,False
25,0,717,25,5,2,79,3,2,4,4285,25852,1,15,3,2,1,9,1,1,3,1,2,2,2.25,5,0.3,False,True,True,False,False,False,True,False,False,True,False,False,False,False,False,False,False,False,True,False,True,True,False,False,True,False,False
27,0,929,7,3,2,72,2,2,3,2478,2460,0,17,3,2,3,10,5,1,5,4,1,3,2.0,7,0.45454545454545453,True,False,False,True,False,False,True,False,False,True,False,False,False,False,False,True,False,False,False,True,True,False,False,False,True,False,False
30,0,1269,19,4,3,34,2,2,4,4906,15393,4,24,3,4,0,8,0,4,5,4,2,4,3.75,8,0.5555555555555556,False,True,True,False,False,False,True,False,False,True,False,False,False,False,False,False,False,True,False,True,True,True,False,False,True,False,False
23,0,1135,12,3,4,77,4,2,2,3700,17678,0,16,4,2,3,4,4,2,4,2,1,1,2.5,5,0.8,False,True,False,True,True,False,False,False,False,True,False,False,False,False,False,False,False,False,True,False,True,False,False,False,True,False,False
18,0,863,19,1,3,34,4,1,1,2535,8052,0,25,3,1,1,0,4,4,0,0,0,0,2.25,1,0.0,True,False,False,True,True,False,False,False,False,False,False,False,False,False,False,False,True,False,False,True,False,False,False,False,False,False,False
47,0,793,2,1,2,82,2,4,2,13414,12420,3,11,3,2,1,8,5,4,5,1,2,2,2.5,7,0.5555555555555556,False,True,False,True,False,True,False,False,False,True,False,False,False,False,False,False,True,False,False,False,True,False,False,True,True,False,False
59,0,756,9,5,2,85,1,4,1,14544,20327,2,17,3,1,3,15,1,2,10,6,4,6,1.5,14,0.625,False,True,True,False,False,False,False,False,False,True,False,False,False,False,False,True,False,False,True,False,True,False,False,True,False,True,False
23,0,1353,26,1,4,91,3,2,1,5200,14982,1,11,3,1,3,3,2,1,1,0,0,0,1.75,2,0.25,False,False,True,False,False,False,False,False,True,True,True,False,False,False,False,False,False,False,False,True,True,True,False,False,False,False,False
30,0,1271,10,2,1,57,1,2,4,3470,3678,2,19,3,3,3,7,3,4,5,3,2,1,3.0,7,0.625,False,True,False,True,True,False,False,False,False,True,False,False,False,False,False,True,False,False,False,True,False,False,False,False,True,False,False
39,0,644,6,4,2,76,2,3,2,8916,12513,2,15,3,3,2,16,2,2,13,5,5,11,2.25,13,0.7647058823529411,False,True,True,False,True,False,False,False,False,True,False,False,False,False,False,False,True,False,True,False,False,False,True,False,False,False,True
57,0,890,3,3,2,43,3,3,1,11404,10206,3,13,3,3,0,24,5,2,10,9,2,4,2.0,14,0.4,False,True,True,False,True,False,False,False,False,True,False,False,False,False,False,False,True,False,False,True,True,False,True,False,False,True,False
47,0,627,5,3,3,67,4,4,1,15290,6960,2,24,4,2,2,12,5,4,11,5,5,3,2.5,14,0.8461538461538461,False,True,True,False,False,False,False,False,True,True,False,False,False,False,False,False,True,False,False,True,False,False,False,True,False,False,True
50,0,893,28,5,3,81,1,4,2,14815,4672,1,20,4,4,2,19,5,2,16,9,6,6,2.75,19,0.8,True,False,True,False,False,False,True,False,False,True,False,True,False,False,False,False,False,False,True,False,True,False,False,True,False,False,True
42,0,696,16,4,3,42,1,2,4,5265,10772,3,13,3,1,3,11,3,2,6,3,0,2,2.5,5,0.5,False,True,True,False,False,False,False,True,False,False,False,False,False,False,False,False,False,True,False,True,False,True,False,False,False,True,False
35,0,1289,20,5,4,89,2,3,3,7911,23530,3,21,3,2,2,12,4,2,12,4,6,2,2.75,13,0.9230769230769231,False,False,False,True,True,False,False,False,False,False,False,True,False,False,False,False,False,False,True,False,False,True,False,False,False,False,True
26,0,1085,8,4,1,56,3,1,3,2328,23538,2,11,3,1,1,8,1,4,3,1,1,1,2.25,3,0.3333333333333333,False,True,True,False,False,False,True,False,False,False,False,False,False,False,False,False,False,True,True,False,False,False,False,False,True,False,False
55,0,345,8,5,2,95,3,5,3,19289,5982,1,18,3,1,1,22,1,2,5,4,1,2,2.0,10,0.21739130434782608,False,False,False,True,False,True,False,False,False,False,False,False,False,False,False,False,True,False,False,True,False,False,False,True,True,False,False
52,0,140,20,4,2,36,4,4,4,12637,17310,2,20,3,3,2,15,2,4,10,6,1,7,3.25,11,0.625,True,False,True,False,True,False,False,False,False,False,False,True,False,False,False,False,False,False,False,False,False,False,False,True,False,True,False
19,1,1443,24,3,1,45,1,1,1,3264,20454,1,13,3,1,3,6,1,3,2,1,0,1,1.5,2,0.2857142857142857,False,False,True,False,False,False,False,True,False,True,False,False,False,False,False,False,False,True,True,False,False,False,False,False,False,False,False
48,0,596,7,5,1,81,4,4,2,13204,13980,1,25,3,3,1,8,5,1,3,2,1,2,1.75,7,0.3333333333333333,False,True,True,False,False,False,True,False,False,True,False,False,False,False,False,False,False,False,True,False,False,False,False,True,True,False,False
21,0,313,17,5,3,43,4,1,2,1009,2966,0,12,4,4,1,7,1,1,3,1,1,2,2.5,3,0.375,False,True,True,False,True,False,False,False,False,True,False,False,False,False,True,False,False,False,False,True,False,False,False,False,True,False,False
49,0,1139,14,1,3,100,4,3,1,7687,19678,1,11,3,4,3,15,6,3,12,9,5,8,2.75,17,0.75,False,True,True,False,True,False,False,False,False,True,False,False,False,False,False,True,False,False,True,False,False,True,False,False,False,False,True
53,0,763,3,5,2,96,4,4,3,15501,6222,3,18,4,3,3,17,2,1,11,3,4,9,2.25,11,0.6111111111111112,False,True,False,False,False,False,False,False,True,False,False,True,False,False,False,False,False,False,False,True,True,False,False,True,False,False,True
23,0,877,14,4,4,36,2,1,3,3166,6669,0,22,3,1,1,0,5,1,0,0,0,0,2.25,1,0.0,False,True,False,True,False,False,True,False,False,False,False,False,False,False,False,False,False,False,True,False,False,False,False,False,False,False,False
36,0,991,11,5,2,90,2,2,3,1237,9177,1,19,4,3,0,8,0,2,6,5,2,1,2.5,9,0.6666666666666666,True,False,False,True,False,True,False,False,False,False,False,False,False,False,False,False,True,False,False,True,False,False,False,False,False,True,False
23,1,534,3,4,3,61,2,1,1,2192,4172,1,12,3,3,2,8,5,2,6,5,2,1,2.25,8,0.6666666666666666,False,True,True,False,False,True,False,False,False,True,False,False,False,False,False,False,False,True,False,False,True,False,False,False,False,True,False
42,0,894,18,5,4,89,2,4,2,15084,25408,1,12,3,2,0,11,3,4,11,2,3,3,3.0,9,0.9166666666666666,True,False,True,False,False,False,True,False,False,False,False,False,False,False,False,True,False,False,False,True,False,False,False,True,False,False,True
57,0,1019,4,2,3,79,1,4,2,13642,15756,2,13,3,2,0,22,5,4,8,5,4,6,2.75,13,0.34782608695652173,False,True,True,False,False,True,False,False,False,True,False,False,False,False,False,False,True,False,False,False,True,False,False,True,False,True,False
21,1,959,6,1,3,52,2,1,1,3629,22396,0,25,3,1,2,3,1,4,3,2,1,2,2.25,4,0.75,False,False,False,True,False,False,False,False,False,True,False,False,False,False,False,False,False,True,False,False,True,False,False,False,True,False,False
35,1,1360,29,1,2,32,2,2,3,5026,2380,5,25,4,4,1,13,1,1,3,2,0,1,2.5,4,0.21428571428571427,False,True,True,False,True,False,False,False,False,True,False,False,True,False,False,False,False,False,True,False,False,True,False,False,True,False,False
59,0,648,6,2,4,52,4,5,3,19221,6811,5,12,3,4,0,21,6,4,13,6,1,3,3.75,12,0.5909090909090909,False,True,False,True,False,True,False,False,False,False,False,False,False,False,True,False,False,False,False,True,False,False,False,True,False,False,True
30,0,807,9,2,2,61,1,1,4,3042,5785,1,21,3,3,1,4,4,4,4,2,1,3,3.25,4,0.8,True,False,False,True,True,False,False,False,False,False,True,False,False,False,False,False,False,False,True,False,False,False,False,False,True,False,False
23,0,1150,3,3,2,67,4,2,4,4725,3877,0,23,3,3,2,4,3,3,4,1,1,2,3.0,4,0.8,True,False,False,True,True,False,False,False,False,False,False,False,False,False,False,True,False,False,False,False,False,True,False,False,True,False,False
39,0,1134,29,1,3,86,4,3,4,9186,19952,1,19,4,1,3,17,4,4,4,2,0,1,3.0,5,0.2222222222222222,True,False,True,False,True,False,False,False,False,False,False,False,False,False,False,False,False,False,True,False,True,False,True,False,True,False,False
39,0,1493,29,1,3,87,1,3,2,10338,6244,2,13,3,3,3,13,2,4,10,2,3,8,3.0,8,0.7142857142857143,False,False,True,False,False,False,False,False,True,False,True,False,False,False,False,False,False,False,True,False,False,False,True,False,False,True,False
46,0,379,1,3,1,50,4,3,1,8962,24548,1,13,3,4,1,14,6,3,9,6,5,6,2.25,14,0.6,False,True,True,False,True,False,False,False,False,True,False,False,False,False,False,True,False,False,False,True,False,False,True,False,False,True,False
31,0,1387,29,4,1,43,3,2,3,5625,20710,5,21,3,1,2,15,3,2,11,5,5,5,1.75,12,0.6875,True,False,True,False,False,False,True,False,False,True,False,True,False,False,False,False,False,False,False,False,True,True,False,False,False,False,True
59,0,762,29,1,1,76,3,5,3,17988,9198,2,19,3,2,1,24,0,2,17,6,7,8,2.0,18,0.68,False,True,True,False,False,False,True,False,False,True,True,False,False,False,False,False,False,False,False,True,False,False,False,True,False,False,True
40,1,402,13,3,1,82,4,3,2,9626,8807,1,13,3,4,2,14,2,2,5,1,2,3,2.25,6,0.3333333333333333,False,True,True,False,True,False,False,False,False,True,False,False,False,False,False,False,True,False,False,True,True,False,True,False,True,False,False
30,1,508,5,4,1,73,4,2,2,4887,11623,1,11,3,4,0,8,6,2,1,1,0,0,2.25,3,0.1111111111111111,False,True,True,False,False,True,False,False,False,False,True,False,False,False,False,False,False,False,False,True,False,True,False,False,False,False,False
59,0,593,28,4,2,73,2,5,4,19673,15533,4,17,3,2,1,23,3,3,15,9,4,13,2.75,18,0.625,False,True,True,False,False,False,False,False,False,True,False,True,False,False,False,False,False,False,True,False,False,False,False,True,False,False,True
57,0,1488,20,1,1,79,3,5,4,19914,19054,0,16,3,2,1,22,5,2,8,5,2,6,2.25,12,0.34782608695652173,False,True,True,False,True,False,False,False,False,True,True,False,False,False,False,False,False,False,False,False,False,False,False,True,False,True,False
39,0,255,29,4,4,59,3,2,3,6685,13259,0,25,3,2,2,3,0,2,3,2,1,2,2.75,5,0.75,True,False,False,True,True,False,False,False,False,True,False,False,False,False,False,False,False,False,False,False,False,True,False,False,True,False,False
19,0,407,29,1,4,47,1,1,4,4207,22139,0,21,4,2,1,3,0,1,3,2,0,2,2.75,3,0.75,False,True,False,True,False,False,False,True,False,True,False,False,False,False,False,False,False,False,False,True,False,True,False,False,True,False,False
43,0,1100,11,2,4,86,1,3,1,9664,21244,0,17,3,2,1,12,1,3,4,2,1,3,2.5,6,0.3076923076923077,False,False,False,False,True,False,False,False,False,False,False,False,False,False,False,False,False,True,True,False,False,False,True,False,True,False,False
41,0,1425,13,2,1,41,3,2,3,3993,8574,2,19,4,3,2,10,3,1,5,3,1,1,2.0,6,0.45454545454545453,False,True,True,False,True,False,False,False,False,False,False,False,False,False,False,False,True,False,False,False,False,False,False,False,True,False,False
24,0,212,5,5,3,34,1,2,2,4469,11959,0,18,3,1,2,4,4,2,4,2,0,1,2.0,4,0.8,False,True,True,False,False,False,False,True,False,False,False,False,False,False,False,False,False,False,True,False,True,True,False,False,True,False,False
45,0,672,5,1,1,31,2,3,2,6853,22669,0,21,3,1,1,8,0,1,7,4,1,5,1.25,8,0.7777777777777778,False,True,True,False,False,False,False,False,True,True,True,False,False,False,False,False,False,False,False,True,False,True,False,False,False,True,False
54,0,673,10,4,3,58,1,3,4,6772,20165,1,19,3,1,3,11,6,2,5,2,2,1,2.5,7,0.4166666666666667,False,True,False,True,False,False,True,False,False,True,True,False,False,False,False,False,False,False,True,False,False,True,False,False,True,False,False
22,0,798,18,5,1,64,2,2,4,7330,26318,1,12,4,3,3,8,4,3,6,5,1,4,2.75,8,0.6666666666666666,False,True,True,False,False,False,True,False,False,False,True,False,False,False,False,False,False,False,True,False,False,True,False,False,False,True,False
49,1,1168,29,5,2,68,3,4,2,12817,4509,1,18,3,4,2,17,2,3,9,5,2,5,2.75,11,0.5,False,True,True,False,False,False,False,False,True,True,False,False,False,False,False,False,False,False,False,False,False,False,False,True,False,True,False
24,0,833,6,2,1,43,4,1,3,1648,4284,1,22,3,1,2,0,3,1,0,0,0,0,1.5,1,0.0,False,True,True,False,False,False,True,False,False,True,False,False,False,False,False,False,False,False,True,False,False,False,False,False,False,False,False
50,0,295,10,1,2,60,2,3,3,8433,14683,4,24,3,4,2,14,3,3,13,8,2,4,3.0,13,0.8666666666666667,False,True,False,True,False,False,True,False,False,False,False,False,False,True,False,False,False,False,False,True,False,False,True,False,False,False,True
36,1,439,22,2,2,76,2,3,4,7605,7680,2,25,3,1,0,13,5,2,9,2,4,6,2.25,9,0.6428571428571429,True,False,False,True,False,False,False,False,True,False,False,False,False,False,False,False,False,False,True,False,True,True,False,False,False,True,False
18,1,1133,13,4,3,50,4,1,1,5714,20529,2,21,4,1,1,1,0,2,0,0,0,0,1.75,1,0.0,False,True,True,False,False,False,True,False,False,True,False,False,False,False,False,False,False,False,False,True,True,True,False,False,False,False,False
59,0,435,17,1,1,68,2,5,3,18672,20178,3,24,3,2,3,24,4,3,17,14,3,4,2.25,22,0.68,True,False,True,False,False,False,True,False,False,True,False,False,False,False,False,False,True,False,False,False,False,False,False,True,False,False,True
25,0,796,12,4,3,49,1,2,1,6034,13168,3,11,3,2,2,8,3,1,3,2,2,1,1.75,6,0.3333333333333333,True,False,True,False,True,False,False,False,False,True,False,False,False,False,False,False,True,False,True,False,True,True,False,False,True,False,False
43,0,627,4,2,1,89,1,3,4,7563,3008,1,12,3,4,0,8,5,1,7,5,2,2,2.5,10,0.7777777777777778,False,True,True,False,False,False,True,False,False,False,False,False,False,False,False,False,False,False,False,True,False,True,False,False,False,True,False
25,1,715,27,4,1,61,4,1,1,1009,10839,0,13,3,1,0,4,2,1,0,0,0,0,1.0,1,0.0,False,True,True,False,False,False,True,False,False,True,False,False,False,False,False,True,False,False,True,False,False,False,False,False,False,False,False
58,1,1143,18,4,1,86,3,5,1,18126,9167,3,12,4,4,3,18,2,2,17,9,6,14,2.0,20,0.8947368421052632,False,True,False,False,True,False,False,False,False,False,False,False,False,False,False,True,False,False,False,True,True,False,False,True,False,False,True
49,0,441,7,3,2,54,1,3,4,7638,11951,3,20,3,4,2,11,5,1,11,2,2,7,2.75,7,0.9166666666666666,False,True,True,False,False,False,True,False,False,True,False,False,False,False,False,False,True,False,False,True,False,True,False,False,False,False,True
52,0,1080,10,4,4,55,1,5,3,18130,23126,1,18,4,2,1,12,5,1,4,2,1,2,2.5,8,0.3076923076923077,False,True,True,False,False,True,False,False,False,False,False,False,False,False,False,False,False,True,True,False,True,False,False,True,True,False,False
36,0,1166,6,5,2,83,4,3,4,6580,20503,0,19,3,3,3,7,5,3,7,4,2,3,3.0,9,0.875,False,False,True,False,True,False,False,False,False,False,True,False,False,False,False,False,False,False,True,False,False,True,False,False,False,True,False
38,1,1495,19,2,3,51,3,2,2,5663,19070,0,18,3,3,0,8,6,1,4,1,1,3,2.25,4,0.4444444444444444,False,True,True,False,True,False,False,False,False,True,False,False,False,False,False,False,False,False,False,False,False,True,False,False,True,False,False
45,0,733,2,3,3,81,2,4,2,13596,2460,3,18,3,4,3,15,0,2,13,4,2,10,2.75,10,0.8125,False,True,True,False,True,False,False,False,False,True,True,False,False,False,False,False,False,False,True,False,False,False,False,True,False,False,True
51,0,225,6,4,3,35,2,5,3,17150,18050,8,23,3,1,3,20,4,1,9,2,3,7,2.0,10,0.42857142857142855,False,True,True,False,True,False,False,False,False,True,False,False,False,False,True,False,False,False,False,True,True,False,False,True,False,True,False
54,0,1033,9,5,3,89,2,4,4,14128,15049,1,14,3,4,1,19,4,4,13,5,1,4,3.75,10,0.65,False,True,True,False,False,True,False,False,False,True,False,False,False,False,False,False,True,False,True,False,False,False,False,True,False,False,True
18,0,1162,9,3,1,83,4,1,4,3915,17335,0,16,3,2,1,4,1,1,2,0,0,0,2.0,1,0.4,False,True,True,False,False,False,True,False,False,True,False,False,False,False,False,False,True,False,True,False,False,False,False,False,False,False,False
46,0,145,5,2,3,69,1,3,2,9937,12235,1,12,3,4,0,13,3,2,2,1,1,1,2.75,5,0.14285714285714285,False,True,True,False,True,False,False,False,False,True,False,False,False,False,False,False,True,False,False,True,False,False,True,False,False,False,False
22,1,374,12,5,2,65,4,1,3,1009,14594,1,18,3,4,3,5,6,2,1,1,0,0,2.75,2,0.16666666666666666,False,False,True,False,False,True,False,False,False,True,False,False,False,False,False,False,True,False,False,False,True,False,False,False,False,False,False
30,0,581,2,5,3,56,1,1,4,2123,10458,1,16,3,4,2,6,0,3,2,1,1,0,3.5,3,0.2857142857142857,False,True,True,False,True,False,False,False,False,True,False,False,False,True,False,False,False,False,False,False,False,False,False,False,False,False,False
53,0,815,20,3,4,53,1,4,3,12355,21189,1,14,3,4,1,16,5,1,8,3,1,6,3.0,8,0.47058823529411764,False,True,True,False,True,False,False,False,False,False,False,False,False,False,False,True,False,False,False,True,False,False,False,True,False,True,False
28,0,821,29,1,1,52,2,2,3,4717,12060,3,19,3,2,0,13,2,4,7,4,3,2,2.5,9,0.5,False,True,True,False,False,True,False,False,False,True,True,False,False,False,False,False,False,False,False,False,False,True,False,False,False,True,False
52,0,376,15,2,1,79,4,5,1,19999,23644,3,25,3,3,1,9,5,2,9,7,4,3,1.75,16,0.9,False,True,True,False,False,False,True,False,False,False,False,False,False,False,False,False,False,False,True,False,False,False,False,True,False,True,False
37,0,381,5,3,1,44,1,1,3,2127,25137,0,22,3,1,1,3,3,1,0,0,0,0,1.5,1,0.0,True,False,True,False,False,True,False,False,False,True,False,False,False,False,False,True,False,False,False,True,False,False,False,False,False,False,False
28,0,1409,18,4,2,49,1,2,1,4930,21906,2,12,4,2,1,7,0,3,3,1,1,2,2.0,4,0.375,False,False,True,False,False,False,False,False,True,False,True,False,False,False,False,False,False,False,True,False,False,True,False,False,True,False,False
32,1,1106,9,4,2,57,2,3,2,7505,15179,1,16,3,3,3,7,0,3,2,1,0,1,2.5,4,0.25,True,False,True,False,False,False,False,False,False,True,True,False,False,False,False,False,False,False,False,True,False,True,False,False,False,False,False
40,0,810,15,5,2,63,1,3,3,10451,14115,3,24,3,4,1,6,5,3,1,0,0,0,3.0,3,0.14285714285714285,False,True,True,False,True,False,False,False,False,True,False,False,False,False,False,False,False,True,False,True,False,False,True,False,False,False,False
50,0,564,12,1,4,49,2,4,1,11240,15069,5,14,3,2,0,12,5,4,8,3,2,6,2.75,9,0.6153846153846154,False,True,False,True,False,True,False,False,False,True,False,False,False,False,False,False,False,True,False,False,True,False,True,False,False,True,False
44,0,757,21,3,1,60,2,3,2,7832,21482,0,24,3,4,3,10,1,2,1,1,0,1,2.25,4,0.09090909090909091,True,False,True,False,False,False,True,False,False,True,True,False,False,False,False,False,False,False,True,False,False,True,False,False,False,False,False
58,0,1451,15,4,3,87,3,4,2,12961,23563,1,24,3,3,2,23,4,4,7,3,3,4,3.0,10,0.2916666666666667,False,True,True,False,True,False,False,False,False,False,False,False,False,False,False,False,False,False,False,True,False,False,False,True,False,True,False
55,0,531,8,5,3,49,2,3,1,6435,20905,7,11,3,4,0,22,3,4,20,15,4,9,3.0,22,0.8695652173913043,False,True,False,True,False,False,False,False,False,True,False,False,False,False,True,False,False,False,True,False,False,True,False,False,False,False,True
50,0,563,6,1,4,42,3,3,3,9823,19928,4,25,3,2,2,22,0,3,9,7,2,6,3.0,12,0.391304347826087,False,True,True,False,True,False,False,False,False,True,False,False,False,False,False,False,True,False,False,False,True,False,True,False,False,True,False
43,0,729,9,5,3,86,4,3,3,6336,13444,2,22,3,3,1,7,4,4,0,0,0,0,3.25,3,0.0,False,True,True,False,False,False,False,False,True,True,False,False,False,True,False,False,False,False,True,False,True,True,False,False,False,False,False
30,1,365,23,1,1,49,2,2,4,4949,8467,1,18,3,3,2,2,1,1,0,0,0,0,2.25,2,0.0,True,False,False,True,False,False,True,False,False,True,False,True,False,False,False,False,False,False,False,False,False,True,False,False,False,False,False
35,0,256,9,1,2,80,4,2,3,5406,10415,0,16,4,1,1,4,2,3,4,3,1,2,2.25,6,0.8,False,True,True,False,False,False,True,False,False,True,False,False,False,False,False,False,True,False,False,False,False,True,False,False,True,False,False
23,0,1349,17,5,1,97,2,1,1,2099,26936,3,17,3,2,0,8,0,1,3,2,1,2,1.25,4,0.3333333333333333,False,False,True,False,True,False,False,False,False,True,False,False,False,False,False,False,True,False,True,False,False,False,False,False,True,False,False
34,0,1057,18,4,2,66,4,2,1,3419,12308,3,14,3,4,2,10,1,2,8,7,4,5,2.25,13,0.7272727272727273,False,True,True,False,False,False,False,False,True,True,False,False,False,False,False,False,True,False,True,False,True,False,False,False,False,True,False
57,0,571,10,5,4,68,3,5,4,18798,14101,3,22,3,3,0,19,6,3,19,14,3,5,3.5,22,0.95,False,True,True,False,False,False,True,False,False,False,False,False,False,False,False,True,False,False,True,False,False,False,False,True,False,False,True
36,1,899,9,4,2,79,1,2,1,4586,14377,2,17,3,3,0,10,3,1,10,4,4,7,1.75,10,0.9090909090909091,False,True,True,False,True,False,False,False,False,True,False,False,False,False,False,False,True,False,True,False,True,True,False,False,False,True,False
22,0,795,11,4,2,38,4,1,2,3970,10837,2,17,3,1,0,3,5,2,3,1,1,2,1.75,3,0.75,False,True,True,False,True,False,False,False,False,True,False,True,False,False,False,False,False,False,True,False,True,False,False,False,True,False,False
46,0,241,3,3,2,36,3,4,2,14619,5753,1,24,3,1,1,10,2,2,4,1,2,1,1.75,7,0.36363636363636365,False,True,True,False,False,True,False,False,False,True,False,False,False,False,False,False,False,True,False,True,False,False,False,True,True,False,False
59,1,1156,16,3,1,42,2,5,1,19999,7555,2,11,4,3,3,22,0,1,14,11,8,5,1.5,24,0.6086956521739131,False,True,False,True,True,False,False,False,False,False,False,False,False,False,False,False,False,False,False,True,False,False,False,True,False,False,True
55,0,245,8,3,4,60,3,4,3,14132,7535,3,16,3,1,2,17,4,3,10,4,4,4,2.75,12,0.5555555555555556,False,True,True,False,False,False,True,False,False,True,False,False,False,False,False,False,False,False,True,False,False,False,False,True,False,True,False
29,0,897,13,2,3,89,4,2,4,6207,7047,2,20,3,1,2,2,1,4,2,1,0,2,3.0,3,0.6666666666666666,True,False,True,False,False,False,True,False,False,True,False,False,False,False,False,False,True,False,True,False,True,True,False,False,False,False,False
37,0,511,7,5,3,72,1,3,4,8069,4630,1,14,3,3,2,12,0,4,10,6,3,3,3.5,12,0.7692307692307693,False,True,True,False,True,False,False,False,False,True,False,False,False,False,False,False,False,True,True,False,True,False,True,False,False,True,False
40,0,711,29,2,2,91,1,2,2,7554,25357,1,13,4,4,0,10,3,4,2,2,1,1,3.0,5,0.18181818181818182,False,True,True,False,False,False,True,False,False,True,False,False,False,False,False,False,True,False,True,False,True,True,False,False,False,False,False
28,0,762,29,4,2,57,4,2,2,5512,3894,2,18,3,4,3,7,2,4,3,2,1,2,3.0,5,0.375,False,True,True,False,True,False,False,False,False,True,False,False,False,False,False,True,False,False,False,True,False,True,False,False,True,False,False
29,1,709,18,4,2,87,2,2,1,5377,5024,0,13,3,2,0,6,0,1,6,1,3,5,1.5,6,0.8571428571428571,True,False,True,False,False,False,False,False,False,False,False,True,False,False,False,False,False,False,False,True,True,True,False,False,False,True,False
28,0,413,1,3,1,80,4,1,1,3649,16193,3,17,4,4,0,9,4,1,7,3,3,6,1.75,7,0.7,False,True,False,True,False,False,False,False,True,True,True,False,False,False,False,False,False,False,False,False,False,False,False,False,False,True,False
60,0,218,10,4,1,37,4,4,4,13226,24986,5,12,4,3,2,21,3,1,16,9,3,13,2.25,16,0.7272727272727273,False,True,False,False,True,False,False,False,False,False,True,False,False,False,False,False,False,False,True,False,False,False,False,True,False,False,True
50,1,285,21,1,3,67,4,4,4,13400,19479,2,11,3,4,1,13,6,4,6,5,1,4,3.75,10,0.42857142857142855,False,True,True,False,False,False,True,False,False,False,False,False,False,False,False,False,False,True,False,False,False,False,False,True,False,True,False
54,0,1117,29,2,4,75,4,5,4,19648,5358,3,22,3,1,0,19,0,1,14,10,3,6,2.5,18,0.7,False,True,False,False,False,False,True,False,False,True,False,False,True,False,False,False,False,False,False,True,True,False,False,True,False,False,True
53,0,236,3,3,1,57,4,5,1,19879,17376,0,13,3,3,1,18,3,4,4,2,2,1,2.25,9,0.21052631578947367,False,True,False,False,False,False,False,True,False,True,False,True,False,False,False,False,False,False,True,False,False,False,False,True,True,False,False
59,0,809,1,2,3,84,3,4,2,14716,16882,2,11,3,4,1,22,5,2,12,9,3,4,2.75,16,0.5217391304347826,False,True,True,False,True,False,False,False,False,True,False,False,False,False,False,False,False,False,False,False,True,False,False,True,False,False,True
22,0,528,8,5,4,59,1,1,3,2904,20197,5,11,3,4,2,7,2,3,2,1,0,1,3.5,2,0.25,False,False,True,False,False,False,True,False,False,False,False,False,False,False,False,False,True,False,False,True,False,False,False,False,False,False,False
55,0,1073,7,5,3,80,1,4,4,14325,9353,2,19,3,4,3,16,1,4,7,2,3,3,3.75,9,0.4117647058823529,False,True,True,False,False,False,False,False,False,False,False,False,False,False,False,True,False,False,False,True,False,False,False,True,False,True,False
20,0,981,18,4,4,80,4,2,2,6653,12217,1,18,4,1,1,5,6,4,2,2,0,1,2.75,4,0.3333333333333333,False,True,False,True,True,False,False,False,False,True,True,False,False,False,False,False,False,False,True,False,False,True,False,False,False,False,False
38,0,358,4,2,4,45,2,3,1,7187,26165,2,19,3,3,1,4,2,1,0,0,0,0,2.25,3,0.0,False,True,True,False,False,False,True,False,False,False,True,False,False,False,False,False,False,False,True,False,False,True,False,False,False,False,False
43,0,1049,7,1,2,34,4,3,4,8502,21996,1,20,3,1,0,12,6,2,2,2,1,1,2.25,6,0.15384615384615385,False,True,True,False,True,False,False,False,False,False,False,False,False,False,False,True,False,False,False,False,False,False,True,False,False,False,False
33,0,1021,8,4,1,92,4,3,1,5006,8503,0,20,4,2,3,7,5,1,7,3,2,2,1.25,8,0.875,False,True,True,False,False,False,True,False,False,False,False,False,False,False,False,True,False,False,False,False,False,True,False,False,False,True,False
24,0,497,14,5,4,89,3,1,3,3888,20715,0,21,3,1,2,9,4,2,3,2,0,1,2.5,3,0.3,False,True,True,False,True,False,False,False,False,True,False,False,False,False,False,True,False,False,True,False,False,False,False,False,True,False,False
26,1,1277,17,3,4,97,1,3,2,7561,23501,1,23,4,4,1,5,5,2,4,2,2,2,3.0,7,0.6666666666666666,False,True,False,True,False,False,False,True,False,True,False,True,False,False,False,False,False,False,False,True,True,True,False,False,True,False,False
53,1,717,6,5,1,34,1,4,1,13093,19801,3,14,3,4,0,19,3,4,11,5,5,6,2.5,14,0.55,False,True,True,False,True,False,False,False,False,True,False,False,False,False,False,True,False,False,True,False,True,False,False,True,False,False,True
31,0,149,14,5,4,79,3,2,3,5354,17720,1,12,3,1,3,1,4,3,1,0,0,1,2.75,2,0.5,False,True,True,False,True,False,False,False,False,True,False,False,False,False,False,False,False,False,False,False,True,True,False,False,False,False,False
31,0,979,1,3,1,39,2,2,2,6243,21171,0,23,3,4,0,6,1,1,6,4,3,4,2.0,9,0.8571428571428571,False,False,True,False,False,False,False,False,True,False,False,False,False,False,False,False,True,False,True,False,True,True,False,False,False,True,False
57,1,731,29,2,2,64,2,5,2,19999,15516,2,12,3,4,0,16,0,2,12,5,2,8,2.5,12,0.7058823529411765,False,True,False,True,False,True,False,False,False,False,False,False,False,False,False,False,True,False,False,False,True,False,False,True,False,False,True
24,0,604,5,1,4,87,1,1,1,1136,7858,1,17,3,4,3,13,4,3,10,4,1,4,3.0,6,0.7142857142857143,False,True,False,True,False,False,True,False,False,True,False,False,False,False,False,True,False,False,True,False,True,False,False,False,False,True,False
57,0,731,25,4,2,48,2,5,3,17981,14213,1,20,3,2,1,17,5,3,16,7,1,4,2.5,13,0.8888888888888888,False,False,True,False,False,True,False,False,False,False,False,False,False,False,False,False,False,True,False,True,True,False,False,True,False,False,True
57,0,1469,7,3,4,56,1,4,2,14274,16275,2,11,3,4,3,19,5,4,7,4,3,5,3.5,11,0.35,True,False,True,False,True,False,False,False,False,False,False,False,False,False,False,True,False,False,True,False,False,False,False,True,False,True,False
43,0,644,18,1,1,64,1,3,1,7628,21053,0,25,3,4,2,13,5,1,11,7,1,3,1.75,11,0.7857142857142857,False,True,False,True,False,False,True,False,False,False,False,True,False,False,False,False,False,False,True,False,False,True,False,False,False,False,True
25,0,1069,9,1,2,62,4,2,2,6503,21393,1,24,3,3,2,0,6,4,0,0,0,0,2.75,2,0.0,True,False,False,True,True,False,False,False,False,False,False,False,False,False,False,False,False,False,False,True,False,True,False,False,False,False,False
24,0,1289,20,5,4,31,4,1,1,2799,5365,2,23,3,2,3,2,4,4,0,0,0,0,2.75,1,0.0,False,True,True,False,True,False,False,False,False,True,False,False,False,False,False,False,False,True,True,False,False,False,False,False,False,False,False
30,1,910,24,2,4,56,4,3,3,9562,4556,2,21,3,4,0,8,1,1,8,4,4,3,3.0,11,0.8888888888888888,False,True,False,True,False,False,False,False,False,True,False,False,False,False,False,True,False,False,True,False,True,False,True,False,False,True,False
42,1,1345,29,2,2,90,4,3,3,8202,6053,4,22,3,1,1,13,1,3,5,3,1,3,2.25,7,0.35714285714285715,True,False,True,False,False,True,False,False,False,False,False,False,True,False,False,False,False,False,False,True,False,False,True,False,True,False,False
24,0,797,16,4,1,36,4,1,4,3654,8247,0,19,3,2,1,0,1,3,0,0,0,0,2.5,1,0.0,True,False,True,False,True,False,False,False,False,True,False,False,False,False,False,True,False,False,True,False,False,False,False,False,False,False,False
37,0,416,2,2,3,54,2,3,4,7351,9001,0,22,3,1,2,8,6,4,8,5,2,3,3.0,10,0.8888888888888888,False,True,False,True,True,False,False,False,False,True,False,False,False,False,False,False,False,False,True,False,False,True,False,False,False,True,False
22,1,789,5,5,3,73,2,1,1,5325,14318,1,11,3,4,1,7,6,1,5,4,2,2,2.25,7,0.625,False,True,True,False,False,False,False,False,False,True,False,True,False,False,False,False,False,False,True,False,True,True,False,False,True,False,False
41,0,274,29,4,2,57,3,3,1,6460,19883,1,14,3,1,3,14,5,1,11,6,5,7,1.25,14,0.7333333333333333,False,True,False,True,True,False,False,False,False,True,True,False,False,False,False,False,False,False,True,False,False,True,False,False,False,False,True
18,0,509,10,2,4,78,3,2,2,4651,12409,0,11,3,4,2,6,6,4,0,0,0,0,3.5,2,0.0,False,True,True,False,True,False,False,False,False,True,True,False,False,False,False,False,False,False,False,False,False,True,False,False,False,False,False
48,0,389,9,2,2,48,2,3,1,6796,13319,2,12,3,3,3,12,2,1,6,2,3,2,1.75,8,0.46153846153846156,False,False,True,False,True,False,False,False,False,True,False,False,False,False,False,False,False,True,False,False,False,True,False,False,False,True,False
20,0,209,18,5,4,43,2,2,4,6460,24863,4,19,3,2,3,7,5,2,7,5,3,5,3.0,10,0.875,False,True,True,False,True,False,False,False,False,False,True,False,False,False,False,False,False,False,True,False,False,True,False,False,False,True,False
26,0,316,16,3,4,95,1,2,4,6148,20825,1,22,3,3,2,5,1,2,5,3,2,2,3.25,7,0.8333333333333334,False,True,True,False,True,False,False,False,False,False,False,False,False,False,False,False,True,False,False,True,True,True,False,False,True,False,False
25,0,1272,29,5,2,83,2,2,2,4038,20788,2,24,3,1,1,10,0,3,10,7,2,3,2.0,11,0.9090909090909091,False,True,False,True,False,False,False,True,False,False,False,False,False,False,False,False,False,False,True,False,False,True,False,False,False,True,False
53,0,1300,11,2,1,51,4,4,4,15197,20780,1,13,3,4,2,17,4,2,12,8,1,7,2.75,13,0.6666666666666666,False,True,True,False,True,False,False,False,False,True,False,False,False,False,False,False,True,False,False,True,False,False,False,True,False,False,True
20,0,1366,10,1,2,37,2,1,3,2162,3110,1,20,3,2,1,0,4,4,0,0,0,0,2.75,1,0.0,False,True,True,False,False,False,True,False,False,False,False,False,False,False,False,True,False,False,False,False,True,False,False,False,False,False,False
36,1,136,23,5,4,61,3,3,3,8965,20359,2,22,3,4,1,13,4,1,7,5,3,5,3.0,11,0.5,False,False,True,False,False,True,False,False,False,False,False,True,False,False,False,False,False,False,True,False,True,False,True,False,False,True,False
43,0,1463,19,2,4,85,4,3,4,9247,13682,4,11,4,4,0,11,3,3,9,5,1,7,3.75,9,0.75,False,True,False,False,False,False,True,False,False,True,False,False,True,False,False,False,False,False,True,False,False,False,True,False,False,True,False
40,0,580,3,5,2,73,4,2,3,5206,17796,0,15,3,3,3,10,4,3,6,3,3,1,2.75,8,0.5454545454545454,False,True,False,True,False,True,False,False,False,False,False,False,True,False,False,False,False,False,True,False,True,True,False,False,False,True,False
47,0,666,10,4,2,79,4,4,3,15092,21085,4,20,4,3,2,9,2,3,4,1,2,2,2.75,7,0.4,False,True,True,False,False,False,True,False,False,False,False,False,False,False,True,False,False,False,True,False,True,False,False,True,True,False,False
52,0,353,29,2,4,67,1,4,1,13827,3363,2,13,3,4,0,22,2,1,17,6,1,6,2.5,11,0.7391304347826086,False,True,True,False,False,False,True,False,False,False,False,False,False,True,False,False,False,False,False,False,False,False,False,True,False,False,True
34,0,1424,6,4,4,94,4,2,3,5906,18755,3,16,3,2,1,7,1,2,4,3,2,3,2.75,7,0.5,False,True,True,False,False,False,True,False,False,True,True,False,False,False,False,False,False,False,False,True,False,True,False,False,True,False,False
53,0,1497,9,1,1,38,1,5,4,18671,24093,1,17,3,2,2,23,2,4,8,3,1,2,2.75,9,0.3333333333333333,False,True,True,False,False,True,False,False,False,False,False,False,False,False,True,False,False,False,False,False,False,False,False,True,False,True,False
31,0,1083,29,2,2,87,1,1,4,1009,15484,1,12,3,4,2,6,2,3,3,1,1,1,3.25,3,0.42857142857142855,False,True,True,False,False,False,True,False,False,False,False,False,False,False,True,False,False,False,False,True,True,False,False,False,True,False,False
60,1,207,29,2,4,98,2,5,1,18852,18463,5,12,3,2,1,17,1,1,12,4,2,8,2.0,11,0.6666666666666666,False,True,False,True,False,True,False,False,False,False,False,False,False,False,False,True,False,False,True,False,False,False,False,True,False,False,True
39,0,691,27,4,1,89,2,2,1,4452,4215,2,23,3,2,2,16,3,3,8,5,4,3,1.75,11,0.47058823529411764,True,False,True,False,True,False,False,False,False,True,False,False,False,True,False,False,False,False,False,False,False,True,False,False,False,True,False
49,0,491,8,3,4,49,1,4,3,15671,20880,4,12,3,1,1,15,2,4,6,4,3,4,3.0,11,0.375,False,True,True,False,False,False,True,False,False,True,False,False,True,False,False,False,False,False,True,False,False,False,False,True,False,True,False
55,1,1385,6,4,1,97,3,4,1,12363,24885,4,19,3,2,0,18,1,4,7,6,0,6,2.0,10,0.3684210526315789,False,True,True,False,False,True,False,False,False,True,True,False,False,False,False,False,False,False,False,True,True,False,False,True,False,True,False
52,0,1012,22,3,2,98,4,3,3,9970,10906,1,17,3,1,0,12,6,1,8,5,1,4,1.75,9,0.6153846153846154,False,True,True,False,True,False,False,False,False,True,False,False,False,False,False,False,True,False,False,False,False,False,True,False,False,True,False
54,0,1455,29,4,3,89,3,5,2,18785,12432,1,21,3,4,3,16,3,1,10,4,3,5,2.5,12,0.5882352941176471,False,True,True,False,False,False,False,False,True,True,False,False,False,False,False,True,False,False,False,False,False,False,False,True,False,True,False
41,0,1267,11,1,2,52,4,4,4,14487,14984,2,24,4,3,2,13,0,1,7,2,2,6,2.5,8,0.5,False,False,True,False,True,False,False,False,False,True,False,False,False,False,False,True,False,False,True,False,False,False,False,True,False,True,False
19,0,847,15,4,1,86,4,1,1,1344,5708,0,13,3,2,3,0,0,2,0,0,0,0,1.5,1,0.0,False,True,True,False,True,False,False,False,False,True,False,False,False,False,False,True,False,False,True,False,False,False,False,False,False,False,False
39,1,496,6,1,1,90,4,3,1,8129,4350,1,25,3,4,2,9,0,4,8,5,4,2,2.5,12,0.8,False,True,True,False,False,False,False,False,True,True,False,False,False,False,False,False,False,True,False,False,True,False,True,False,False,True,False
25,1,1191,3,1,2,43,1,2,1,4702,4195,0,12,3,2,2,3,2,2,2,2,1,1,1.75,5,0.5,False,True,False,True,True,False,False,False,False,True,False,False,False,False,False,False,True,False,False,True,False,True,False,False,False,False,False
56,0,1075,3,4,2,48,3,5,1,19999,6052,2,24,4,2,1,19,1,4,11,3,3,6,2.25,11,0.55,False,False,False,False,True,False,False,False,False,True,False,False,False,False,False,True,False,False,True,False,False,False,False,True,False,False,True
28,0,1186,11,1,4,83,1,1,1,2173,21639,2,18,4,3,0,11,6,1,10,5,5,7,2.25,11,0.8333333333333334,False,True,True,False,True,False,False,False,False,True,False,False,True,False,False,False,False,False,True,False,True,False,False,False,False,True,False
27,0,1404,5,4,3,87,4,2,4,6884,17773,0,11,3,2,2,5,3,4,0,0,0,0,3.25,2,0.0,False,True,True,False,False,False,False,False,True,False,False,True,False,False,False,False,False,False,False,True,False,True,False,False,False,False,False
28,0,952,14,1,1,74,4,1,3,4401,17354,1,18,3,2,0,4,5,4,2,1,1,1,2.5,3,0.4,False,True,True,False,False,False,True,False,False,False,False,False,False,False,False,False,True,False,False,False,False,True,False,False,False,False,False
45,0,1033,6,1,4,68,1,2,3,6867,3970,1,24,3,3,3,23,1,4,10,7,5,7,3.5,14,0.4166666666666667,False,True,True,False,False,False,True,False,False,True,False,False,False,False,False,False,False,False,True,False,False,True,False,False,False,True,False
42,0,692,26,5,3,98,3,3,2,7787,8362,2,19,3,2,0,11,0,3,11,6,3,2,2.5,12,0.9166666666666666,True,False,True,False,False,True,False,False,False,True,False,True,False,False,False,False,False,False,False,False,False,True,False,False,False,False,True
58,0,789,8,1,1,54,1,5,1,19999,25402,0,12,3,2,3,19,2,3,14,5,5,11,1.75,15,0.7,False,True,True,False,False,False,True,False,False,True,True,False,False,False,False,False,False,False,True,False,False,False,False,True,False,False,True
35,0,289,9,5,2,81,3,2,4,7915,15369,1,22,3,1,1,8,4,1,8,4,1,6,2.0,7,0.8888888888888888,False,True,False,True,False,False,False,False,False,True,False,False,True,False,False,False,False,False,True,False,False,True,False,False,False,True,False
30,0,369,29,2,3,97,2,3,4,8941,4099,1,23,3,4,1,6,5,4,5,2,2,4,3.75,7,0.7142857142857143,False,True,True,False,False,True,False,False,False,True,True,False,False,False,False,False,False,False,True,False,False,False,True,False,True,False,False
20,0,1496,13,4,3,48,4,2,2,4942,25665,0,20,3,4,1,3,1,3,0,0,0,0,3.0,2,0.0,True,False,True,False,True,False,False,False,False,True,False,False,False,False,False,False,True,False,True,False,False,True,False,False,False,False,False
18,0,351,15,5,3,35,2,1,4,1967,16182,0,17,3,3,2,5,2,3,5,2,1,2,3.25,4,0.8333333333333334,False,True,True,False,False,False,False,True,False,False,False,False,False,False,False,False,False,True,False,False,False,False,False,False,True,False,False
34,0,202,9,1,2,41,3,3,3,9066,14375,2,21,3,3,3,10,3,2,10,5,3,3,2.5,11,0.9090909090909091,False,True,True,False,False,False,True,False,False,False,False,False,False,True,False,False,False,False,True,False,False,False,True,False,False,True,False
57,1,1217,12,2,3,77,3,3,2,8578,16950,3,16,3,4,1,23,2,1,8,7,2,3,2.5,12,0.3333333333333333,False,False,True,False,True,False,False,False,False,True,False,False,True,False,False,False,False,False,True,False,False,False,True,False,False,True,False
40,0,290,4,3,4,49,3,2,1,5719,11822,1,13,3,4,1,15,2,3,5,3,1,2,3.0,6,0.3125,False,True,False,True,True,False,False,False,False,True,False,True,False,False,False,False,False,False,True,False,False,True,False,False,True,False,False
56,0,746,23,5,1,80,4,5,3,17383,19148,5,23,4,2,3,19,6,3,14,5,2,8,2.25,12,0.7,True,False,True,False,False,False,True,False,False,True,False,False,False,False,False,False,True,False,False,True,False,False,False,True,False,False,True
22,1,625,7,1,2,64,1,1,1,3040,9760,1,17,3,3,1,5,6,1,0,0,0,0,1.75,1,0.0,True,False,False,True,True,False,False,False,False,True,False,False,False,False,False,False,True,False,False,True,True,False,False,False,False,False,False
22,0,683,3,1,4,91,1,2,2,6873,10920,2,22,3,4,1,7,2,4,3,1,1,2,3.5,4,0.375,False,True,True,False,False,False,True,False,False,True,False,False,False,False,False,False,False,True,True,False,False,True,False,False,True,False,False
53,0,658,16,2,3,76,3,4,3,14978,6633,3,19,3,1,3,13,0,1,3,2,1,1,2.0,7,0.21428571428571427,False,True,True,False,True,False,False,False,False,False,False,False,False,False,False,False,False,True,True,False,False,False,False,True,True,False,False
22,0,152,18,2,1,72,1,3,2,8003,6971,2,24,4,4,3,12,2,3,6,2,3,3,2.5,8,0.46153846153846156,False,True,True,False,False,False,True,False,False,True,False,False,False,False,False,False,True,False,True,False,True,False,True,False,False,True,False
20,0,475,11,2,1,45,2,1,1,2869,24766,1,18,3,2,2,1,6,1,0,0,0,0,1.25,1,0.0,False,True,True,False,True,False,False,False,False,False,False,False,False,False,False,False,False,False,True,False,False,False,False,False,False,False,False
35,0,997,29,1,3,53,3,4,1,12238,7108,1,15,3,1,0,8,6,4,3,1,0,1,2.25,5,0.3333333333333333,False,True,True,False,False,False,False,False,True,True,False,False,True,False,False,False,False,False,True,False,False,False,False,True,True,False,False
57,0,211,7,5,2,46,3,5,3,18202,6370,4,15,3,2,1,15,4,2,8,4,3,5,2.25,12,0.5,False,False,True,False,True,False,False,False,False,True,False,False,False,True,False,False,False,False,True,False,True,False,False,True,False,True,False
47,0,473,11,4,4,34,1,5,4,18592,13947,3,18,3,3,3,10,4,2,10,9,2,6,3.25,16,0.9090909090909091,False,True,True,False,True,False,False,False,False,False,False,False,False,False,False,True,False,False,True,False,False,False,False,True,False,True,False
22,1,1358,1,1,1,51,3,1,3,3760,3454,3,25,3,3,3,7,2,3,2,1,1,1,2.5,3,0.25,False,True,True,False,False,False,True,False,False,True,False,False,False,False,True,False,False,False,False,False,True,False,False,False,False,False,False
53,0,1016,1,3,3,97,4,4,1,13152,12311,4,13,3,1,2,25,3,4,16,6,7,10,2.25,17,0.6153846153846154,False,True,True,False,False,False,True,False,False,False,False,False,False,False,False,False,False,False,False,True,False,False,False,True,False,False,True
54,1,819,14,4,3,87,1,4,3,12757,5648,2,13,3,3,1,16,6,3,9,2,0,7,3.0,6,0.5294117647058824,False,True,False,True,False,False,True,False,False,False,False,False,True,False,False,False,False,False,True,False,False,False,False,True,False,True,False
52,0,864,17,4,2,46,2,4,2,14909,8518,1,14,3,3,3,18,1,3,9,2,3,8,2.5,9,0.47368421052631576,False,True,True,False,False,False,True,False,False,False,False,False,False,False,False,False,False,False,False,True,False,False,False,True,False,True,False
56,0,1456,13,5,2,55,2,5,3,18493,6639,3,25,3,3,2,19,2,1,14,5,3,3,2.25,13,0.7,True,False,True,False,True,False,False,False,False,False,False,False,True,False,False,False,False,False,False,False,False,False,False,True,False,False,True
28,0,170,17,4,2,81,2,2,3,4493,23664,0,20,3,4,0,10,6,4,5,3,2,2,3.25,7,0.45454545454545453,False,True,True,False,False,False,False,False,True,True,False,False,False,False,False,False,True,False,True,False,True,True,False,False,True,False,False
60,0,1328,22,4,4,35,2,5,4,19975,12674,1,22,3,4,1,28,4,3,26,14,3,17,3.75,22,0.896551724137931,False,True,False,True,False,False,True,False,False,True,True,False,False,False,False,False,False,False,True,False,False,False,False,True,False,False,True
31,1,769,11,1,2,81,1,2,4,6051,2142,0,19,3,2,1,13,0,1,11,9,5,2,2.25,16,0.7857142857142857,False,True,False,True,True,False,False,False,False,True,False,False,False,False,False,True,False,False,False,False,False,True,False,False,False,False,True
52,0,792,9,1,2,68,3,4,1,13751,24748,0,19,3,2,2,16,5,2,5,4,2,3,1.75,10,0.29411764705882354,False,True,False,False,False,True,False,False,False,True,False,False,False,False,False,False,False,True,True,False,False,False,False,True,True,False,False
42,0,421,5,4,4,80,1,3,1,8078,26950,1,20,4,4,0,14,0,3,8,7,1,5,3.0,11,0.5333333333333333,False,False,True,False,False,False,True,False,False,False,True,False,False,False,False,False,False,False,False,True,False,False,True,False,False,True,False
51,0,644,14,5,3,30,1,4,4,14455,5451,4,12,3,4,3,19,2,4,9,5,4,3,3.75,13,0.45,False,True,True,False,False,False,True,False,False,False,False,False,False,False,False,False,False,False,True,False,False,False,False,True,False,True,False
44,0,860,25,2,1,96,3,3,2,9147,4576,2,20,3,1,0,13,6,3,4,2,0,2,1.75,5,0.2857142857142857,False,True,False,False,False,False,True,False,False,True,False,False,False,True,False,False,False,False,False,True,False,False,True,False,True,False,False
45,0,458,19,4,1,77,4,3,1,8751,5734,2,19,3,2,2,10,0,2,10,6,3,7,1.5,12,0.9090909090909091,False,True,True,False,True,False,False,False,False,False,False,False,False,False,False,False,True,False,False,False,False,False,True,False,False,True,False
44,0,590,29,2,3,42,3,4,1,14145,8831,2,23,3,4,1,10,1,2,7,3,2,1,2.5,9,0.6363636363636364,False,True,False,True,False,False,True,False,False,True,False,True,False,False,False,False,False,False,True,False,False,False,False,True,False,True,False
51,1,1489,12,3,3,89,2,4,2,13272,12985,5,12,3,3,0,20,6,3,13,5,1,3,2.75,10,0.6190476190476191,False,True,False,True,True,False,False,False,False,False,False,False,False,False,False,False,False,False,True,False,True,False,False,True,False,False,True
49,0,1242,8,4,2,32,2,5,4,18344,21852,3,18,3,4,2,20,4,4,12,9,2,9,3.5,16,0.5714285714285714,True,False,True,False,True,False,False,False,False,True,False,False,False,False,False,False,True,False,False,False,False,False,False,True,False,False,True
23,0,947,10,4,4,41,2,1,4,2794,24602,1,24,3,1,3,3,1,3,0,0,0,0,3.0,1,0.0,False,False,False,True,False,False,False,True,False,True,False,False,False,False,False,False,True,False,False,False,False,False,False,False,False,False,False
53,0,511,20,1,4,86,1,5,3,17847,23465,3,23,3,4,3,18,2,4,13,6,5,7,3.75,16,0.6842105263157895,False,True,True,False,False,False,True,False,False,False,True,False,False,False,False,False,False,False,True,False,False,False,False,True,False,False,True
41,1,1276,17,5,2,89,3,3,2,7206,25184,2,15,3,1,2,16,6,3,8,4,3,4,2.0,10,0.47058823529411764,False,True,False,True,True,False,False,False,False,False,False,False,False,False,False,True,False,False,False,True,True,True,False,False,False,True,False
31,0,1300,7,5,1,36,1,2,3,5392,3453,1,21,3,1,3,1,4,2,0,0,0,0,1.75,2,0.0,False,True,False,True,True,False,False,False,False,True,False,False,False,False,False,True,False,False,True,False,False,True,False,False,False,False,False
40,0,1477,14,3,1,78,3,3,4,9687,25774,2,16,3,3,3,10,2,2,6,4,1,4,2.5,8,0.5454545454545454,False,True,False,True,False,True,False,False,False,False,False,False,False,False,False,True,False,False,False,False,False,False,True,False,False,True,False
59,0,1035,6,2,1,87,2,5,2,16513,18396,3,22,4,4,3,27,1,2,13,6,6,4,2.25,17,0.4642857142857143,False,True,False,True,True,False,False,False,False,True,False,False,False,False,False,False,False,False,False,False,False,False,False,True,False,False,True
54,0,414,17,3,3,36,2,4,3,13530,5253,5,20,3,2,0,19,2,1,5,4,1,4,2.25,9,0.25,False,True,False,True,True,False,False,False,False,True,False,True,False,False,False,False,False,False,True,False,False,False,False,True,True,False,False
53,1,628,2,5,2,35,2,5,2,19327,26837,2,18,3,1,3,13,2,3,5,3,1,3,2.0,9,0.35714285714285715,False,True,True,False,True,False,False,False,False,False,False,False,False,False,False,False,False,True,False,True,False,False,False,True,True,False,False
37,0,1394,3,3,1,46,1,3,4,9787,19665,3,11,4,4,2,10,3,1,9,4,4,2,2.5,11,0.8181818181818182,False,True,True,False,False,True,False,False,False,True,False,True,False,False,False,False,False,False,False,True,False,False,True,False,False,True,False
51,0,246,3,1,1,45,1,4,3,16160,20831,4,22,4,1,2,20,0,4,17,12,1,10,2.25,17,0.8095238095238095,False,True,True,False,False,False,True,False,False,True,False,False,False,False,False,False,True,False,False,False,False,False,False,True,False,False,True
34,0,1211,5,1,2,46,1,3,1,8191,18216,0,19,3,3,3,0,3,4,0,0,0,0,2.5,3,0.0,False,True,True,False,True,False,False,False,False,False,False,True,False,False,False,False,False,False,False,True,False,False,True,False,False,False,False
47,1,802,15,5,3,86,4,4,4,16367,21606,2,18,3,1,2,15,1,2,12,9,1,9,2.5,14,0.75,False,True,True,False,True,False,False,False,False,True,False,False,False,False,False,False,True,False,True,False,False,False,False,True,False,False,True
45,0,737,20,4,1,44,1,4,3,14547,2852,0,21,3,3,2,12,6,3,6,3,3,3,2.5,10,0.46153846153846156,False,True,True,False,False,False,True,False,False,False,False,False,False,False,False,False,False,True,True,False,False,False,False,True,False,True,False
28,0,325,11,4,2,67,1,1,2,3977,15953,0,24,3,1,3,0,1,1,0,0,0,0,1.5,1,0.0,False,True,True,False,False,False,True,False,False,False,False,False,False,False,False,False,True,False,False,True,True,False,False,False,False,False,False
29,0,1427,3,1,2,53,1,2,1,4222,18837,0,14,3,2,0,7,1,3,7,5,1,4,2.0,8,0.875,True,False,False,True,False,False,True,False,False,True,False,False,False,False,False,False,True,False,True,False,False,True,False,False,False,True,False
20,1,394,23,1,1,52,2,1,3,3544,23575,1,24,3,2,2,2,2,4,2,2,0,1,2.5,3,0.6666666666666666,False,True,True,False,True,False,False,False,False,True,False,True,False,False,False,False,False,False,False,False,False,False,False,False,False,False,False
24,0,926,10,2,4,94,3,1,1,4081,19452,0,13,3,4,2,4,4,3,3,3,2,2,3.0,6,0.6,False,True,False,False,False,True,False,False,False,False,False,False,False,False,False,False,True,False,True,False,True,True,False,False,True,False,False
36,0,871,27,2,1,52,2,4,1,13173,8272,1,20,3,3,0,8,5,4,5,3,2,2,2.25,9,0.5555555555555556,False,True,True,False,False,False,False,False,False,False,False,False,False,True,False,False,False,False,True,False,True,False,False,True,True,False,False
38,0,651,12,2,1,45,3,2,3,2373,18448,0,18,4,4,0,7,2,1,3,2,0,2,2.25,4,0.375,False,True,False,True,False,False,True,False,False,True,False,True,False,False,False,False,False,False,True,False,False,False,False,False,True,False,False
25,0,305,2,3,1,46,3,1,2,3179,8241,1,22,3,3,2,0,4,4,0,0,0,0,2.5,1,0.0,False,True,True,False,True,False,False,False,False,True,True,False,False,False,False,False,False,False,False,False,False,False,False,False,False,False,False
35,0,325,6,2,2,95,1,3,3,8242,7465,0,19,3,2,1,7,0,2,6,2,1,2,2.25,6,0.75,False,True,True,False,False,False,True,False,False,False,False,False,False,False,False,False,True,False,True,False,False,False,True,False,False,True,False
43,0,992,2,1,3,89,1,2,2,7113,17483,2,19,3,2,1,16,1,1,14,5,1,5,2.0,8,0.8235294117647058,False,True,True,False,True,False,False,False,False,False,False,False,False,True,False,False,False,False,True,False,False,True,False,False,False,False,True
28,0,1118,1,3,2,69,3,1,3,2354,10371,1,17,3,3,0,7,2,3,7,1,1,2,2.75,3,0.875,False,True,True,False,True,False,False,False,False,True,False,False,True,False,False,False,False,False,True,False,True,False,False,False,False,True,False
32,0,440,8,4,4,69,4,3,3,7654,10367,1,20,3,3,2,8,4,3,0,0,0,0,3.25,3,0.0,True,False,True,False,True,False,False,False,False,False,False,False,False,False,False,False,True,False,False,True,False,True,False,False,False,False,False
33,0,1183,12,4,2,66,1,2,3,4094,15885,1,15,3,4,1,5,3,1,2,1,0,1,2.5,3,0.3333333333333333,True,False,True,False,False,False,False,False,True,False,False,False,False,False,False,False,False,False,False,True,True,True,False,False,False,False,False
39,0,1057,16,2,1,71,4,3,3,7744,6932,1,15,3,4,0,10,3,2,10,7,1,5,2.5,11,0.9090909090909091,False,True,True,False,True,False,False,False,False,False,False,False,False,False,True,False,False,False,False,False,False,True,False,False,False,True,False
33,0,391,21,2,3,77,4,2,4,8700,5541,4,17,3,1,0,11,4,4,7,4,4,2,3.0,10,0.5833333333333334,False,True,False,True,False,False,False,False,True,True,False,False,False,False,False,False,False,True,True,False,False,False,True,False,False,True,False
49,0,638,7,3,4,34,4,3,2,6596,12967,2,14,3,4,1,17,1,1,6,2,2,2,2.75,7,0.3333333333333333,False,True,False,True,False,False,True,False,False,True,True,False,False,False,False,False,False,False,False,True,True,True,False,False,False,True,False
32,0,621,3,1,3,87,3,1,2,1398,6047,1,15,3,2,2,6,1,1,5,3,1,1,2.0,5,0.7142857142857143,False,True,False,False,False,False,True,False,False,True,False,False,True,False,False,False,False,False,False,True,False,False,False,False,True,False,False
36,0,876,12,5,3,83,2,2,1,5435,20416,0,12,3,3,2,0,4,4,0,0,0,0,2.75,2,0.0,False,True,True,False,True,False,False,False,False,True,False,True,False,False,False,False,False,False,False,False,False,True,False,False,False,False,False
34,0,178,7,5,4,97,3,2,2,7869,19496,2,14,3,4,2,6,6,3,0,0,0,0,3.25,2,0.0,False,True,True,False,False,False,True,False,False,True,True,False,False,False,False,False,False,False,True,False,False,True,False,False,False,False,False
25,0,1431,19,1,4,60,1,2,2,6390,25598,0,17,3,4,2,3,0,2,3,3,1,1,3.0,6,0.75,False,True,True,False,True,False,False,False,False,True,False,False,False,False,False,True,False,False,True,False,False,True,False,False,True,False,False
47,0,880,8,5,2,30,2,3,4,10363,6220,2,18,3,2,1,11,2,2,1,0,0,1,2.5,3,0.08333333333333333,False,True,False,True,False,False,True,False,False,True,False,False,False,True,False,False,False,False,False,True,False,False,True,False,False,False,False
28,0,1060,16,1,3,56,2,2,4,5038,20717,1,20,3,1,3,5,6,4,4,2,1,2,3.0,5,0.6666666666666666,False,True,True,False,True,False,False,False,False,True,False,False,False,False,False,False,False,True,False,False,False,True,False,False,True,False,False
30,1,940,29,3,1,58,3,2,3,3832,2509,1,16,3,4,2,10,5,4,5,3,2,3,3.0,7,0.45454545454545453,False,True,False,True,True,False,False,False,False,True,False,False,False,False,True,False,False,False,False,False,True,False,False,False,True,False,False
52,1,660,19,4,1,73,2,4,1,13461,17493,1,20,3,4,2,17,1,1,7,3,2,1,1.75,9,0.3888888888888889,False,True,True,False,False,False,True,False,False,False,True,False,False,False,False,False,False,False,True,False,False,False,False,True,False,True,False
58,0,1287,29,2,2,42,2,5,1,18850,6703,3,17,3,2,1,23,0,4,12,6,1,5,2.25,12,0.5,False,True,True,False,True,False,False,False,False,True,False,False,False,False,False,False,True,False,False,True,False,False,False,True,False,False,True
46,0,554,2,2,3,35,3,3,3,8513,20081,2,17,3,1,1,9,3,2,8,6,2,2,2.25,11,0.8,False,True,False,True,True,False,False,False,False,True,False,False,True,False,False,False,False,False,True,False,True,False,True,False,False,True,False
57,0,138,3,1,3,40,4,5,2,18743,3974,3,11,3,3,3,18,4,2,11,7,5,5,2.5,17,0.5789473684210527,True,False,False,True,False,False,False,True,False,False,False,False,False,False,False,False,True,False,False,False,True,False,False,True,False,False,True
54,0,885,13,4,1,78,4,4,4,14709,3136,1,22,3,4,1,11,1,2,7,4,3,4,2.75,11,0.5833333333333334,True,False,True,False,True,False,False,False,False,True,False,False,False,False,False,False,False,True,False,False,False,False,False,True,False,True,False
38,0,269,19,1,3,40,1,1,1,2146,9121,2,21,3,2,3,9,2,2,9,7,4,6,2.0,12,0.9,False,True,False,True,True,False,False,False,False,False,False,False,True,False,False,False,False,False,False,False,False,False,False,False,False,True,False
51,0,1248,15,3,3,75,3,4,3,12887,10813,1,11,3,1,0,13,4,3,5,1,3,3,2.5,8,0.35714285714285715,False,True,False,True,True,False,False,False,False,False,False,False,False,False,False,False,True,False,True,False,False,False,False,True,True,False,False
32,1,146,5,2,4,80,2,2,4,4054,21030,3,11,4,2,3,12,3,4,2,1,1,1,3.5,4,0.15384615384615385,False,True,True,False,True,False,False,False,False,True,False,False,False,False,False,False,False,True,True,False,True,True,False,False,False,False,False
37,0,394,18,5,3,70,3,3,2,8746,6867,0,22,3,3,3,11,1,1,8,3,4,3,2.25,10,0.6666666666666666,False,True,True,False,False,False,True,False,False,False,False,True,False,False,False,False,False,False,True,False,False,False,True,False,False,True,False
41,0,1421,13,5,4,33,4,2,1,5627,21671,2,14,4,4,3,15,5,3,11,2,4,9,3.0,8,0.6875,False,True,True,False,True,False,False,False,False,True,False,False,False,True,False,False,False,False,False,False,False,True,False,False,False,False,True
59,1,468,7,5,2,38,2,5,1,19999,14417,5,24,4,4,1,18,6,1,7,6,1,2,2.0,12,0.3684210526315789,False,True,False,True,False,False,True,False,False,True,True,False,False,False,False,False,False,False,False,True,False,False,False,True,False,True,False
54,1,818,27,4,1,89,3,4,3,15856,3871,0,23,3,3,2,14,5,1,6,4,2,1,2.0,10,0.4,False,True,True,False,False,False,True,False,False,True,False,False,False,False,False,False,False,False,False,True,True,False,False,True,False,True,False
39,0,1322,18,3,3,74,4,3,3,7051,25837,3,17,3,2,3,7,6,2,3,1,0,1,2.5,4,0.375,True,False,False,True,True,False,False,False,False,False,False,False,False,True,False,False,False,False,True,False,True,True,False,False,True,False,False
46,0,445,25,2,4,83,3,3,3,8528,16296,2,25,3,4,0,15,2,4,7,3,1,6,3.75,7,0.4375,False,True,False,True,False,False,False,False,False,False,False,False,False,False,False,False,True,False,True,False,True,False,True,False,False,True,False
26,0,521,13,1,1,96,3,1,4,2754,23284,0,18,3,1,2,11,0,2,2,1,0,2,2.0,2,0.16666666666666666,False,True,True,False,False,False,False,True,False,False,False,False,False,False,False,False,True,False,False,False,False,False,False,False,False,False,False
52,0,128,17,5,4,59,4,4,4,12156,4286,1,25,4,2,3,18,5,2,12,8,3,4,3.0,15,0.631578947368421,False,True,False,True,True,False,False,False,False,False,False,False,False,False,False,False,True,False,False,True,True,False,False,True,False,False,True
41,0,1222,15,2,4,93,1,3,1,7866,13341,1,11,4,4,3,11,3,4,7,3,3,1,3.25,9,0.5833333333333334,False,True,True,False,True,False,False,False,False,True,False,False,False,False,False,True,False,False,True,False,False,True,False,False,False,True,False
40,0,236,2,3,1,60,2,2,2,7380,6753,1,19,3,4,3,11,2,2,4,3,1,3,2.25,6,0.3333333333333333,False,True,False,True,True,False,False,False,False,True,False,False,False,False,False,True,False,False,False,True,False,True,False,False,True,False,False
50,0,1468,11,1,3,94,2,5,2,18241,14923,4,23,3,4,3,16,1,4,10,3,1,4,3.25,9,0.5882352941176471,False,False,False,True,True,False,False,False,False,False,False,False,False,True,False,False,False,False,True,False,False,False,False,True,False,True,False
45,1,1108,14,2,2,78,1,4,4,13041,21624,0,14,3,3,1,21,0,4,6,3,3,1,3.25,10,0.2727272727272727,True,False,True,False,False,False,True,False,False,True,False,False,True,False,False,False,False,False,True,False,False,False,False,True,False,True,False
21,1,540,22,4,3,45,2,2,1,5438,23243,2,23,3,4,2,7,1,3,4,3,1,2,2.75,6,0.5,False,True,True,False,False,False,True,False,False,False,False,False,False,False,False,False,True,False,True,False,False,True,False,False,True,False,False
30,0,772,5,3,4,30,4,3,3,9594,26301,2,23,4,1,1,8,4,4,3,2,0,1,3.0,5,0.3333333333333333,True,False,False,True,False,False,True,False,False,False,False,False,False,False,False,False,False,False,True,False,False,False,True,False,True,False,False
25,0,824,12,3,2,94,4,1,2,2634,8630,0,22,3,3,3,5,1,4,4,2,1,2,2.75,4,0.6666666666666666,False,True,False,True,True,False,False,False,False,False,True,False,False,False,False,False,False,False,False,True,True,False,False,False,True,False,False
49,0,1127,26,2,2,57,1,4,1,14153,8858,5,20,3,2,2,16,6,1,10,5,1,6,1.5,10,0.5882352941176471,False,True,True,False,True,False,False,False,False,True,False,False,False,False,False,False,True,False,True,False,False,False,False,True,False,True,False
19,0,619,9,1,1,91,4,1,3,1009,21188,2,12,3,3,3,4,3,1,3,2,2,2,2.0,5,0.6,False,True,True,False,False,False,False,True,False,True,False,False,False,False,False,False,False,False,False,False,False,False,False,False,True,False,False
26,0,472,3,5,1,42,4,2,2,6187,21439,1,25,3,1,1,4,0,2,0,0,0,0,1.5,2,0.0,False,True,True,False,False,False,False,False,False,False,False,False,False,False,False,False,True,False,True,False,True,True,False,False,False,False,False
43,0,286,18,3,4,62,4,3,3,8765,10310,0,24,3,2,1,10,4,3,6,4,3,1,3.0,10,0.5454545454545454,False,True,False,True,True,False,False,False,False,True,False,False,False,True,False,False,False,False,False,True,False,False,True,False,False,True,False
47,0,716,13,2,2,42,1,3,2,9562,10612,1,19,3,1,3,18,4,2,10,7,2,2,1.75,12,0.5263157894736842,False,True,True,False,False,False,True,False,False,True,False,False,True,False,False,False,False,False,True,False,True,False,True,False,False,True,False
39,0,774,2,2,4,38,4,3,1,6259,6956,1,16,3,3,3,11,1,3,7,6,3,5,2.75,12,0.5833333333333334,False,True,False,True,False,False,True,False,False,True,False,False,False,False,False,False,True,False,False,True,True,True,False,False,False,True,False
55,0,973,10,4,3,69,1,5,1,18637,21633,2,18,3,4,0,21,5,4,7,4,0,2,3.0,9,0.3181818181818182,True,False,False,True,False,False,True,False,False,False,False,False,False,False,False,True,False,False,False,True,True,False,False,True,False,True,False
57,0,1266,12,3,2,61,1,5,1,19999,4863,8,25,3,1,1,25,5,1,11,4,3,5,1.25,12,0.4230769230769231,False,True,True,False,False,False,True,False,False,False,False,False,False,False,True,False,False,False,False,True,False,False,False,True,False,False,True
23,0,398,9,2,4,47,2,3,2,7832,16296,1,11,3,4,0,6,4,4,0,0,0,0,3.5,3,0.0,True,False,True,False,False,False,False,False,True,True,False,False,False,False,False,True,False,False,False,True,True,True,False,False,False,False,False
58,0,413,12,5,1,53,4,4,2,14061,11706,4,18,3,3,2,21,0,2,13,9,3,4,2.0,16,0.5909090909090909,False,True,True,False,True,False,False,False,False,False,False,False,True,False,False,False,False,False,False,True,False,False,False,True,False,False,True
44,0,503,13,5,4,56,4,2,1,5008,15700,2,13,3,1,0,24,3,4,13,7,7,6,2.5,16,0.52,True,False,True,False,True,False,False,False,False,True,False,False,False,False,False,False,False,False,False,False,False,True,False,False,False,False,True
45,0,330,14,1,1,45,3,4,2,13538,25095,2,23,3,3,0,14,6,3,12,5,5,4,2.25,14,0.8,False,True,False,True,False,False,False,True,False,True,False,False,False,False,False,False,True,False,False,True,True,False,False,True,False,False,True
22,0,299,10,4,4,80,1,1,4,4401,22236,1,21,4,1,2,0,1,1,0,0,0,0,2.5,1,0.0,False,True,True,False,True,False,False,False,False,False,False,False,True,False,False,False,False,False,True,False,True,True,False,False,False,False,False
44,1,1219,20,5,3,50,4,3,4,6792,24620,1,24,3,4,3,12,6,4,3,2,1,1,3.75,6,0.23076923076923078,False,True,True,False,True,False,False,False,False,True,False,False,False,True,False,False,False,False,False,False,True,True,False,False,True,False,False
49,0,1096,19,3,2,74,2,3,2,8440,19432,2,25,3,2,2,21,1,1,8,7,1,6,1.75,11,0.36363636363636365,False,False,True,False,False,True,False,False,False,True,False,False,False,False,False,False,True,False,True,False,True,False,True,False,False,True,False
42,0,1261,7,1,3,82,3,3,3,8802,12762,1,12,3,1,2,8,4,2,0,0,0,0,2.25,3,0.0,False,True,True,False,False,True,False,False,False,True,True,False,False,False,False,False,False,False,True,False,False,False,True,False,False,False,False
21,0,915,29,1,4,53,2,1,1,4126,26270,0,18,3,4,2,0,2,3,0,0,0,0,3.0,1,0.0,False,True,True,False,False,False,True,False,False,True,False,True,False,False,False,False,False,False,True,False,False,True,False,False,False,False,False
40,1,1243,6,4,2,34,3,3,2,8354,16060,1,24,3,3,0,15,0,4,2,1,0,1,2.75,4,0.125,True,False,False,True,False,True,False,False,False,True,False,False,True,False,False,False,False,False,False,True,False,False,True,False,False,False,False
58,0,723,14,5,1,33,1,4,3,15163,11126,5,11,3,3,0,19,4,1,19,5,4,15,2.0,13,0.95,False,True,False,True,False,False,True,False,False,True,False,False,False,False,False,False,True,False,True,False,False,False,False,True,False,False,True
49,1,1332,15,1,4,71,4,4,1,13934,23414,4,24,3,4,2,15,3,3,15,8,2,4,3.0,14,0.9375,True,False,True,False,True,False,False,False,False,True,False,False,False,False,False,False,True,False,True,False,False,False,False,True,False,False,True
23,0,894,4,3,3,31,1,2,4,5643,25879,2,16,3,3,3,8,2,1,5,1,3,3,2.75,6,0.5555555555555556,False,True,False,True,False,False,True,False,False,True,False,False,True,False,False,False,False,False,False,False,False,True,False,False,True,False,False
59,0,148,3,3,2,38,4,5,4,19098,13994,4,19,3,4,0,17,1,2,12,9,2,7,3.0,16,0.6666666666666666,False,True,True,False,False,True,False,False,False,True,False,False,False,False,False,False,False,False,False,False,False,False,False,True,False,False,True
59,0,339,7,2,4,64,4,4,4,14786,22706,0,12,3,3,1,15,3,2,12,9,1,7,3.25,14,0.75,False,True,True,False,False,False,False,False,True,False,False,False,False,False,False,True,False,False,False,False,True,False,False,True,False,False,True
25,0,823,18,4,1,50,1,2,1,6150,14361,0,16,3,1,0,0,0,2,0,0,0,0,1.25,2,0.0,False,True,False,True,True,False,False,False,False,False,False,False,True,False,False,False,False,False,True,False,True,True,False,False,False,False,False
52,0,1237,1,5,4,59,3,4,4,12664,14385,5,25,3,4,0,19,4,3,7,4,1,1,3.75,9,0.35,False,True,False,True,True,False,False,False,False,False,False,True,False,False,False,False,False,False,True,False,False,False,False,True,False,True,False
35,1,307,8,2,1,79,2,2,1,5760,15261,0,24,3,4,1,10,0,3,8,7,1,3,2.25,10,0.7272727272727273,False,True,True,False,False,True,False,False,False,True,False,False,False,False,False,True,False,False,False,False,False,True,False,False,False,True,False
43,0,1157,4,1,3,86,2,3,4,9149,14566,2,13,3,2,0,10,1,3,3,1,1,1,3.0,5,0.2727272727272727,False,True,False,False,True,False,False,False,False,True,False,False,False,False,False,False,False,True,False,False,False,False,True,False,True,False,False
37,0,1344,21,2,1,57,2,3,1,10254,24328,0,19,3,3,0,6,3,1,2,2,0,1,1.5,5,0.2857142857142857,True,False,True,False,True,False,False,False,False,True,False,False,False,False,False,False,False,False,True,False,False,False,True,False,False,False,False
51,1,356,8,2,1,35,1,4,2,12790,24557,4,12,3,1,1,15,5,4,11,3,5,8,2.0,12,0.6875,True,False,True,False,False,True,False,False,False,False,False,True,False,False,False,False,False,False,False,False,False,False,False,True,False,False,True
60,0,876,15,4,2,44,4,5,4,19646,21840,0,25,3,2,2,24,2,3,11,2,4,4,2.75,11,0.44,False,True,False,True,False,False,True,False,False,True,False,False,False,False,False,False,False,True,False,False,False,False,False,True,False,False,True
52,0,1339,11,3,1,90,1,5,3,18583,16724,2,17,3,3,2,14,4,1,8,5,1,3,2.0,11,0.5333333333333333,False,True,True,False,True,False,False,False,False,True,False,False,False,True,False,False,False,False,True,False,False,False,False,True,False,True,False
58,0,533,19,1,1,30,2,4,1,14230,4907,1,14,3,2,2,17,6,4,5,2,1,2,2.0,7,0.2777777777777778,False,True,False,True,True,False,False,False,False,False,True,False,False,False,False,False,False,False,False,True,False,False,False,True,True,False,False
58,0,652,8,2,3,45,2,4,2,12712,10506,3,19,3,4,2,15,4,4,6,5,1,3,3.25,10,0.375,True,False,True,False,True,False,False,False,False,True,False,False,False,False,False,False,False,True,False,True,True,False,False,True,False,True,False
21,0,730,6,4,4,98,2,1,2,2984,5618,0,14,3,1,0,2,5,3,0,0,0,0,2.5,1,0.0,True,False,True,False,False,True,False,False,False,True,False,False,False,False,False,True,False,False,True,False,False,False,False,False,False,False,False
28,0,749,4,3,2,54,2,1,4,3383,3124,1,21,3,3,0,7,3,2,6,4,2,4,2.75,7,0.75,False,True,True,False,False,False,True,False,False,True,False,True,False,False,False,False,False,False,False,True,False,False,False,False,False,True,False
49,0,566,13,3,3,32,3,3,2,7336,17843,3,16,3,3,0,23,1,4,13,9,6,6,3.0,18,0.5416666666666666,False,True,False,True,True,False,False,False,False,False,True,False,False,False,False,False,False,False,True,False,True,True,False,False,False,False,True
43,0,844,18,2,2,91,4,3,1,10239,9556,0,16,3,4,3,14,2,2,14,9,4,6,2.25,16,0.9333333333333333,False,False,False,True,True,False,False,False,False,True,True,False,False,False,False,False,False,False,True,False,False,False,True,False,False,False,True
20,0,479,5,2,1,82,3,2,1,3647,4046,0,22,3,4,3,2,2,3,1,1,0,0,2.25,3,0.3333333333333333,True,False,False,True,True,False,False,False,False,True,False,False,False,False,False,False,True,False,False,False,False,False,False,False,False,False,False
22,0,1209,10,1,4,89,1,1,3,3645,7506,1,24,3,4,1,6,3,3,4,3,0,3,3.5,4,0.5714285714285714,False,True,True,False,True,False,False,False,False,True,False,False,False,False,False,True,False,False,False,False,False,False,False,False,True,False,False
40,0,1055,29,1,3,77,4,3,1,5586,3742,0,14,3,4,3,14,1,3,6,5,3,2,2.75,11,0.4,True,False,True,False,True,False,False,False,False,True,False,False,False,False,False,True,False,False,True,False,False,True,False,False,False,True,False
44,0,331,9,1,1,66,2,2,1,5194,5307,1,19,3,1,1,11,5,4,11,6,2,4,1.75,10,0.9166666666666666,False,True,False,True,False,False,True,False,False,True,False,False,False,False,True,False,False,False,True,False,False,True,False,False,False,False,True
25,0,1290,4,4,3,80,2,2,3,6076,14477,1,15,3,2,1,13,1,1,12,5,6,5,2.25,13,0.8571428571428571,False,True,True,False,True,False,False,False,False,False,True,False,False,False,False,False,False,False,False,True,True,True,False,False,False,False,True
25,0,472,8,1,2,35,3,2,4,6355,18845,1,11,3,3,2,5,4,1,5,3,1,1,2.5,6,0.8333333333333334,True,False,True,False,True,False,False,False,False,True,False,False,False,False,False,False,False,True,True,False,False,True,False,False,True,False,False
23,0,840,8,3,1,37,4,1,1,2874,21722,0,14,3,4,3,5,3,3,5,3,1,2,2.25,5,0.8333333333333334,False,True,False,True,False,False,True,False,False,True,False,False,False,False,False,True,False,False,False,True,True,False,False,False,True,False,False
42,0,1410,19,5,1,71,2,3,2,8210,11948,3,11,3,4,2,14,5,4,10,4,2,8,2.75,9,0.6666666666666666,False,True,False,True,False,False,True,False,False,True,False,False,False,False,True,False,False,False,True,False,False,False,True,False,False,True,False
18,1,1054,12,4,2,63,1,1,2,3681,20539,1,22,3,3,3,3,1,2,3,1,2,1,2.25,4,0.75,False,False,True,False,True,False,False,False,False,False,False,False,False,False,False,False,True,False,False,False,True,False,False,False,True,False,False
42,0,1412,2,3,1,84,4,2,4,6641,4449,6,18,3,1,3,18,1,3,13,6,6,4,2.25,14,0.6842105263157895,True,False,True,False,True,False,False,False,False,True,False,True,False,False,False,False,False,False,True,False,False,True,False,False,False,False,True
38,0,944,23,1,3,96,2,3,4,10156,5295,1,19,3,2,0,8,1,4,4,1,2,1,3.25,6,0.4444444444444444,False,True,True,False,True,False,False,False,False,True,False,False,False,False,False,True,False,False,True,False,False,False,True,False,True,False,False
38,0,1232,6,3,1,48,3,4,4,12451,10237,1,17,3,3,1,13,5,3,8,6,2,3,2.75,12,0.5714285714285714,False,True,True,False,True,False,False,False,False,False,False,False,False,True,False,False,False,False,True,False,False,False,False,True,False,True,False
47,0,749,4,5,1,53,2,3,3,8259,17959,0,15,3,4,1,15,1,1,11,8,4,9,2.25,15,0.6875,True,False,True,False,False,False,True,False,False,True,False,False,False,True,False,False,False,False,False,False,False,False,True,False,False,False,True
40,0,337,11,2,1,42,1,2,1,2868,5591,1,17,3,2,0,15,2,4,7,3,1,5,2.0,6,0.4375,False,True,True,False,True,False,False,False,False,False,False,False,False,False,False,True,False,False,True,False,False,False,False,False,False,True,False
49,0,349,6,5,3,87,2,4,4,12359,2130,4,13,3,2,0,15,0,4,8,7,3,6,3.25,14,0.5,False,False,False,False,False,True,False,False,False,True,False,False,False,False,False,False,True,False,True,False,False,False,False,True,False,True,False
50,0,933,20,4,3,65,4,5,4,18155,17002,1,11,3,4,3,15,1,3,13,11,2,10,3.5,18,0.8125,False,True,True,False,False,False,True,False,False,True,False,False,False,False,False,False,False,True,False,True,False,False,False,True,False,False,True
57,0,303,13,2,4,54,4,4,3,15038,12247,3,13,3,4,0,22,5,3,13,10,6,8,3.5,20,0.5652173913043478,False,True,True,False,True,False,False,False,False,False,False,False,False,False,False,False,True,False,True,False,False,False,False,True,False,False,True
52,0,725,8,1,2,83,2,4,2,13423,12726,3,11,3,1,1,18,0,3,3,1,1,2,2.0,6,0.15789473684210525,False,True,True,False,True,False,False,False,False,True,False,True,False,False,False,False,False,False,False,True,True,False,False,True,True,False,False
40,0,749,6,1,3,63,3,3,4,8153,12567,0,19,3,2,1,9,6,3,5,2,1,3,3.0,6,0.5,True,False,True,False,True,False,False,False,False,False,False,False,False,False,False,False,True,False,True,False,True,False,True,False,True,False,False
39,0,214,29,2,2,65,1,3,2,8860,25360,3,11,3,2,2,16,5,2,10,5,4,6,2.0,12,0.5882352941176471,False,False,True,False,True,False,False,False,False,True,False,False,False,False,False,True,False,False,True,False,False,False,True,False,False,True,False
28,1,1285,26,2,3,89,1,2,2,4695,4965,1,16,4,3,2,9,6,3,6,4,1,4,2.75,7,0.6,False,True,True,False,False,False,True,False,False,True,False,False,False,False,False,True,False,False,False,True,True,True,False,False,False,True,False
43,0,207,10,4,4,47,3,3,2,6106,17254,5,22,3,3,0,12,4,3,9,6,1,5,3.0,10,0.6923076923076923,False,True,True,False,True,False,False,False,False,True,False,False,True,False,False,False,False,False,True,False,True,True,False,False,False,True,False
23,0,541,2,3,3,76,1,3,3,7605,21177,1,19,3,4,1,2,4,4,2,1,0,1,3.5,4,0.6666666666666666,True,False,True,False,False,True,False,False,False,False,False,True,False,False,False,False,False,False,False,True,False,True,False,False,False,False,False
58,0,1299,8,3,2,91,3,4,3,13855,21150,5,20,3,3,1,21,5,4,19,14,4,12,3.0,22,0.8636363636363636,False,True,True,False,False,False,True,False,False,False,False,False,False,False,False,True,False,False,False,True,False,False,False,True,False,False,True
54,0,154,19,4,4,92,4,5,1,19562,4216,1,15,3,4,0,20,4,3,15,13,2,4,3.0,20,0.7142857142857143,False,True,True,False,False,True,False,False,False,True,False,False,False,False,False,False,False,True,False,True,True,False,False,True,False,False,True
23,0,228,5,4,3,91,1,3,2,8252,10438,1,13,4,1,3,0,3,4,0,0,0,0,2.5,3,0.0,True,False,True,False,False,True,False,False,False,True,False,False,False,False,False,False,True,False,False,True,False,False,True,False,False,False,False
51,0,1280,29,4,4,45,3,4,1,14542,26013,3,13,3,3,2,18,2,2,10,8,4,5,2.5,16,0.5263157894736842,True,False,True,False,False,False,True,False,False,True,False,False,False,False,False,False,False,True,False,False,False,False,False,True,False,True,False
23,1,481,29,5,3,76,2,1,3,4110,20884,2,17,4,1,3,6,6,4,3,2,1,2,2.75,4,0.42857142857142855,True,False,True,False,False,False,False,False,False,False,False,False,False,False,False,True,False,False,False,False,True,True,False,False,True,False,False
49,0,1374,7,2,3,70,3,3,2,9845,25081,1,24,4,3,3,7,2,2,5,2,3,3,2.5,8,0.625,False,True,False,False,False,False,False,True,False,False,True,False,False,False,False,False,False,False,True,False,False,False,True,False,True,False,False
21,0,312,5,5,3,35,4,1,4,3207,20393,2,25,3,4,3,4,3,4,0,0,0,0,3.75,1,0.0,False,True,False,True,True,False,False,False,False,True,False,False,False,False,False,False,True,False,True,False,False,False,False,False,False,False,False
38,0,330,21,3,4,68,1,3,1,7135,3813,2,13,3,4,0,13,0,2,8,2,1,5,2.75,6,0.5714285714285714,False,False,True,False,True,False,False,False,False,False,False,False,False,True,False,False,False,False,True,False,True,True,False,False,False,True,False
46,0,905,16,1,2,46,3,4,2,12506,26772,3,12,4,4,3,16,4,3,6,2,2,2,2.75,8,0.35294117647058826,False,True,True,False,True,False,False,False,False,False,False,False,False,False,False,False,False,False,False,False,True,False,False,True,False,True,False
49,0,1433,9,1,3,66,1,3,1,7118,22890,2,17,3,2,0,18,0,1,9,8,5,4,1.75,16,0.47368421052631576,False,True,True,False,True,False,False,False,False,True,False,False,False,True,False,False,False,False,True,False,False,True,False,False,False,True,False
36,0,1163,22,1,4,73,3,2,1,4210,18560,1,13,3,3,2,8,0,4,6,3,1,1,3.0,6,0.6666666666666666,True,False,True,False,False,False,True,False,False,False,False,False,False,False,False,False,False,True,False,True,False,True,False,False,False,True,False
57,0,953,4,5,1,79,2,4,1,14119,2118,0,13,3,2,3,15,2,2,5,3,1,1,1.5,8,0.3125,False,True,True,False,True,False,False,False,False,True,False,False,False,False,False,False,True,False,True,False,False,False,False,True,True,False,False
51,0,472,10,1,2,85,3,4,1,16265,24910,0,16,3,1,2,10,4,1,8,7,4,3,1.25,15,0.7272727272727273,True,False,True,False,False,False,True,False,False,False,False,True,False,False,False,False,False,False,False,False,True,False,False,True,False,True,False
26,0,198,26,5,1,71,4,3,4,8754,24278,0,25,3,2,0,9,5,2,4,2,2,3,2.25,7,0.4,False,True,False,True,False,True,False,False,False,True,False,False,False,False,True,False,False,False,False,True,True,False,True,False,True,False,False
46,0,1194,18,4,3,63,3,3,2,8399,23684,2,14,3,3,0,17,4,2,11,4,5,8,2.5,12,0.6111111111111112,False,False,False,False,True,False,False,False,False,True,False,False,False,False,True,False,False,False,True,False,True,False,True,False,False,False,True
49,0,266,21,3,2,99,2,3,3,9654,9529,3,12,3,1,1,20,4,1,9,2,4,3,1.75,9,0.42857142857142855,False,True,False,True,False,False,True,False,False,True,False,True,False,False,False,False,False,False,True,False,False,False,True,False,False,True,False
32,0,346,29,5,3,51,3,1,4,2006,24974,0,13,3,3,3,5,1,3,5,3,1,4,3.25,5,0.8333333333333334,False,True,True,False,True,False,False,False,False,False,False,False,False,True,False,False,False,False,True,False,False,False,False,False,True,False,False
49,0,717,14,5,1,51,3,4,2,15250,2295,3,20,3,2,3,18,0,1,18,6,7,7,1.5,17,0.9473684210526315,False,False,True,False,False,True,False,False,False,True,False,False,False,False,False,False,False,True,True,False,True,False,False,True,False,False,True
56,0,600,15,5,4,92,1,4,2,15161,16368,1,25,3,2,2,13,0,3,12,3,5,9,2.75,12,0.8571428571428571,False,True,True,False,False,False,True,False,False,True,False,False,False,False,False,False,False,True,True,False,True,False,False,True,False,False,True
53,0,1312,4,3,4,98,3,4,3,14071,21238,0,25,4,3,1,14,0,2,4,3,1,2,3.0,8,0.26666666666666666,False,True,False,True,True,False,False,False,False,False,False,False,False,False,True,False,False,False,False,False,False,False,False,True,True,False,False
50,0,441,8,2,3,57,2,4,3,16512,7672,3,22,3,1,2,16,2,3,5,2,0,3,2.5,6,0.29411764705882354,False,True,False,True,False,False,True,False,False,False,False,False,False,False,True,False,False,False,False,False,True,False,False,True,True,False,False
45,0,1012,17,1,3,91,1,3,1,9838,26193,3,18,3,2,3,16,5,1,6,4,1,2,1.75,8,0.35294117647058826,True,False,True,False,True,False,False,False,False,False,False,True,False,False,False,False,False,False,False,True,True,False,True,False,False,True,False
29,0,736,16,5,2,95,3,2,4,5554,16664,1,21,3,1,1,12,0,4,7,2,3,1,2.75,7,0.5384615384615384,True,False,True,False,False,True,False,False,False,True,False,False,False,False,False,False,False,False,False,False,False,True,False,False,False,True,False
52,1,435,22,5,2,90,3,5,1,18828,6159,6,11,3,1,1,16,2,1,9,5,4,3,1.25,14,0.5294117647058824,False,True,False,True,False,False,True,False,False,True,False,True,False,False,False,False,False,False,True,False,True,False,False,True,False,True,False
33,0,1472,12,3,2,67,3,3,2,7982,25048,0,24,3,1,1,5,4,4,5,3,2,3,2.25,8,0.8333333333333334,False,True,True,False,True,False,False,False,False,True,False,False,False,False,False,False,True,False,True,False,False,True,False,False,True,False,False
40,0,1212,11,1,2,83,2,3,4,8343,5241,3,22,4,1,2,8,0,2,2,1,0,2,2.25,4,0.2222222222222222,False,True,False,True,False,False,True,False,False,True,False,False,False,False,False,False,False,True,True,False,True,False,True,False,False,False,False
31,0,1131,10,5,4,73,3,2,3,5378,26327,1,13,3,3,3,5,3,4,3,1,1,2,3.5,4,0.5,False,False,True,False,False,False,False,False,True,True,False,False,False,False,False,False,False,False,False,False,True,True,False,False,True,False,False
31,0,743,2,2,3,32,2,1,3,2617,26486,2,15,3,2,0,15,2,3,15,6,1,10,2.75,8,0.9375,False,False,True,False,False,True,False,False,False,True,False,False,False,False,False,False,True,False,True,False,False,False,False,False,False,False,True
24,0,389,4,3,2,38,3,2,4,5243,25658,0,24,4,2,3,7,6,4,4,1,2,1,3.0,5,0.5,False,False,False,True,False,False,True,False,False,True,False,False,False,False,False,False,False,False,False,True,False,True,False,False,True,False,False
59,0,1004,10,4,3,96,4,5,2,17569,10119,1,19,3,4,0,24,3,3,20,6,7,14,3.0,18,0.8,False,True,False,True,False,True,False,False,False,True,False,False,False,False,False,True,False,False,False,True,True,False,False,True,False,False,True
24,0,1452,24,1,4,48,3,1,3,2318,13079,6,25,3,3,1,3,3,4,3,2,1,2,3.5,4,0.75,False,True,True,False,True,False,False,False,False,False,False,False,False,False,False,False,True,False,False,True,False,False,False,False,True,False,False
21,1,473,12,1,2,42,3,2,3,3583,20966,0,16,3,1,1,3,5,3,0,0,0,0,2.25,2,0.0,True,False,True,False,False,True,False,False,False,True,False,False,False,False,False,False,False,False,True,False,False,False,False,False,False,False,False
58,0,1053,10,1,4,99,2,5,1,19497,22125,5,19,3,3,0,22,5,3,20,7,2,10,2.75,14,0.8695652173913043,True,False,True,False,False,True,False,False,False,True,False,False,True,False,False,False,False,False,False,True,False,False,False,True,False,False,True
41,0,1301,11,5,2,54,3,4,2,14096,7297,2,11,3,3,2,10,3,3,8,3,1,1,2.5,8,0.7272727272727273,False,True,True,False,True,False,False,False,False,False,False,True,False,False,False,False,False,False,True,False,True,False,False,True,False,True,False
36,0,736,9,5,1,81,4,3,4,8353,14261,1,24,4,3,3,9,4,2,9,7,4,2,2.5,14,0.9,False,True,True,False,True,False,False,False,False,True,False,False,False,False,False,False,True,False,True,False,True,False,True,False,False,True,False
49,0,213,9,3,1,85,4,4,2,15063,11668,2,23,3,4,0,13,2,4,9,5,1,2,2.75,10,0.6428571428571429,False,True,False,True,True,False,False,False,False,False,False,False,False,True,False,False,False,False,False,False,False,False,False,True,False,True,False
34,0,1382,6,3,2,63,4,2,4,4464,19321,4,23,3,3,2,7,4,4,0,0,0,0,3.25,2,0.0,False,True,False,True,True,False,False,False,False,True,False,False,False,False,False,False,True,False,True,False,True,True,False,False,False,False,False
23,1,250,13,3,3,74,2,1,4,2147,21344,1,22,3,4,3,4,2,3,0,0,0,0,3.5,1,0.0,False,True,True,False,True,False,False,False,False,True,True,False,False,False,False,False,False,False,False,False,False,False,False,False,False,False,False
49,0,1167,24,2,4,67,4,4,4,12223,12841,2,15,4,3,2,13,2,2,5,2,2,1,3.25,8,0.35714285714285715,False,True,False,True,True,False,False,False,False,True,False,False,False,False,False,True,False,False,False,False,False,False,False,True,True,False,False
25,0,770,11,3,2,62,2,1,1,4228,24303,0,11,3,3,1,6,5,2,4,2,1,3,2.0,4,0.5714285714285714,False,True,False,False,False,False,True,False,False,False,False,False,False,False,True,False,False,False,False,True,True,True,False,False,True,False,False
41,0,1120,14,2,2,36,4,3,4,9227,9629,0,15,3,1,3,13,2,3,11,5,1,8,2.5,9,0.7857142857142857,False,False,True,False,True,False,False,False,False,False,False,False,False,False,False,False,True,False,True,False,True,False,True,False,False,False,True
58,0,1087,12,4,3,37,1,4,4,15596,20930,2,21,3,4,1,19,3,1,6,3,2,3,3.0,9,0.3,True,False,False,True,True,False,False,False,False,False,False,False,False,False,False,False,True,False,False,True,True,False,False,True,False,True,False
58,0,382,16,2,2,85,4,5,4,19999,13100,1,21,4,1,2,17,0,1,16,7,4,13,2.0,16,0.8888888888888888,False,False,False,True,False,False,True,False,False,False,False,True,False,False,False,False,False,False,False,False,False,False,False,True,False,False,True
33,0,238,10,4,2,90,1,3,3,7991,4727,2,23,3,4,3,9,2,2,9,3,2,7,2.75,8,0.9,False,True,False,True,True,False,False,False,False,False,False,False,True,False,False,False,False,False,True,False,True,True,False,False,False,True,False
51,0,280,2,5,1,35,1,3,3,7647,9739,1,19,3,3,2,15,4,3,8,7,3,2,2.5,13,0.5,False,True,True,False,False,False,True,False,False,False,True,False,False,False,False,False,False,False,False,True,False,True,False,False,False,True,False
44,0,381,5,2,2,51,3,3,2,6345,22963,1,16,3,2,1,13,3,4,10,7,2,8,2.5,12,0.7142857142857143,False,True,True,False,False,True,False,False,False,True,False,True,False,False,False,False,False,False,False,True,False,True,False,False,False,True,False
38,0,1311,10,1,1,57,3,3,1,7182,12633,1,16,3,2,2,14,2,2,1,0,0,0,1.5,3,0.06666666666666667,False,True,True,False,False,False,False,True,False,False,False,False,False,False,False,True,False,False,True,False,True,True,False,False,False,False,False
24,0,224,29,3,3,32,1,1,2,2610,21720,0,25,4,1,1,0,0,1,0,0,0,0,1.75,1,0.0,False,True,True,False,False,False,True,False,False,False,False,False,False,False,False,False,True,False,False,False,False,False,False,False,False,False,False
34,0,1052,6,1,2,59,3,2,4,3027,18971,2,11,3,2,1,16,3,3,10,3,1,3,2.75,6,0.5882352941176471,True,False,True,False,True,False,False,False,False,True,False,False,False,True,False,False,False,False,False,False,False,False,False,False,False,True,False
46,0,637,7,2,1,97,4,3,1,7207,12387,3,20,3,1,2,14,2,4,8,2,2,5,1.75,7,0.5333333333333333,True,False,True,False,True,False,False,False,False,True,False,True,False,False,False,False,False,False,False,True,False,True,False,False,False,True,False
60,0,1243,7,4,4,72,2,5,1,18901,7093,3,11,3,2,1,22,6,4,11,4,1,9,2.75,10,0.4782608695652174,True,False,False,False,False,False,False,True,False,True,True,False,False,False,False,False,False,False,False,True,True,False,False,True,False,False,True
18,0,938,2,3,1,94,3,1,4,4072,20090,0,17,3,1,3,0,0,3,0,0,0,0,2.25,1,0.0,False,True,True,False,False,False,True,False,False,True,False,True,False,False,False,False,False,False,True,False,False,True,False,False,False,False,False
48,0,1171,11,3,3,59,4,4,4,13140,18947,4,12,3,1,1,19,4,1,8,3,1,4,2.25,8,0.4,False,True,True,False,False,True,False,False,False,True,False,False,False,False,False,False,False,True,True,False,False,False,False,True,False,True,False
54,0,1257,1,4,1,83,1,4,3,14154,9904,1,14,3,3,0,17,2,3,13,10,4,5,2.5,18,0.7222222222222222,False,True,True,False,False,False,True,False,False,True,False,False,False,False,True,False,False,False,False,True,False,False,False,True,False,False,True
58,0,1363,13,1,1,98,2,4,2,16237,3927,4,17,3,1,2,18,1,1,10,7,1,7,1.25,12,0.5263157894736842,False,True,True,False,True,False,False,False,False,True,False,False,False,False,False,False,True,False,True,False,False,False,False,True,False,True,False
36,0,1221,17,3,1,68,4,3,1,6333,11794,2,15,3,2,3,8,4,4,4,2,2,1,2.0,7,0.4444444444444444,False,True,True,False,False,False,True,False,False,True,False,True,False,False,False,False,False,False,False,False,False,True,False,False,True,False,False
23,0,626,1,1,3,86,1,1,3,4303,2133,2,11,3,3,0,3,3,4,0,0,0,0,3.25,1,0.0,False,True,False,True,False,True,False,False,False,True,True,False,False,False,False,False,False,False,True,False,False,True,False,False,False,False,False
29,0,1386,29,3,1,43,2,2,3,5957,21339,1,22,4,3,2,8,0,3,0,0,0,0,2.5,2,0.0,True,False,True,False,False,False,False,False,True,False,False,True,False,False,False,False,False,False,True,False,True,True,False,False,False,False,False
54,0,591,3,2,2,98,2,3,4,10020,7897,3,13,3,3,3,18,4,1,14,10,5,2,2.5,18,0.7368421052631579,False,True,False,False,True,False,False,False,False,True,False,False,False,True,False,False,False,False,True,False,False,False,True,False,False,False,True
55,0,919,5,5,3,100,4,4,2,15160,11899,3,21,3,2,1,18,1,2,14,7,1,11,2.25,12,0.7368421052631579,False,False,False,True,False,False,True,False,False,False,False,False,False,False,True,False,False,False,True,False,False,False,False,True,False,False,True
45,1,432,29,2,3,66,1,4,4,13204,7133,3,25,3,3,1,11,5,3,2,1,0,2,3.25,5,0.16666666666666666,False,False,True,False,True,False,False,False,False,True,False,False,False,False,False,True,False,False,True,False,False,False,False,True,False,False,False
23,0,1236,3,2,4,37,2,1,4,3002,24868,1,14,3,3,2,1,1,4,0,0,0,0,3.75,1,0.0,False,True,True,False,False,False,False,True,False,False,True,False,False,False,False,False,False,False,False,True,True,False,False,False,False,False,False
23,0,249,12,1,2,51,2,2,1,3747,22843,1,17,3,1,2,2,5,4,2,1,1,1,2.0,4,0.6666666666666666,True,False,False,True,True,False,False,False,False,False,False,True,False,False,False,False,False,False,False,True,True,False,False,False,False,False,False
38,0,1445,15,1,1,51,1,3,4,7872,25379,1,20,3,4,0,12,2,1,4,3,0,3,2.5,6,0.3076923076923077,False,True,True,False,False,True,False,False,False,False,False,False,False,True,False,False,False,False,False,False,True,True,False,False,True,False,False
43,0,776,9,2,4,99,1,3,3,8535,20923,1,24,3,4,0,15,2,3,12,7,6,3,3.5,16,0.75,True,False,True,False,True,False,False,False,False,True,False,False,False,False,False,True,False,False,False,False,False,False,True,False,False,False,True
19,0,1286,9,2,4,34,2,1,2,3364,5162,1,16,3,2,1,5,0,4,1,1,1,0,3.0,3,0.16666666666666666,True,False,False,False,False,False,True,False,False,False,False,True,False,False,False,False,False,False,True,False,False,False,False,False,False,False,False
47,0,798,15,4,4,35,1,3,1,9447,18690,4,13,4,2,1,15,6,1,11,5,4,7,2.0,12,0.6875,True,False,False,True,False,False,True,False,False,True,False,False,False,False,False,False,True,False,False,True,False,False,True,False,False,False,True
41,0,297,25,5,4,89,4,2,1,7400,13452,2,12,4,3,2,13,3,2,12,5,5,6,2.5,12,0.8571428571428571,True,False,True,False,True,False,False,False,False,True,False,False,False,False,False,False,True,False,False,True,False,True,False,False,False,False,True
18,0,261,12,5,3,95,2,1,1,2477,19683,1,16,3,3,1,1,1,3,0,0,0,0,2.5,1,0.0,False,True,True,False,False,True,False,False,False,False,False,True,False,False,False,False,False,False,False,True,False,False,False,False,False,False,False
22,1,1336,29,5,4,48,1,1,2,4374,19335,0,23,3,4,0,0,0,3,0,0,0,0,3.25,1,0.0,True,False,False,True,False,False,False,False,True,True,False,False,False,False,False,True,False,False,False,False,False,True,False,False,False,False,False
37,0,945,3,5,3,36,3,4,3,14321,18605,2,21,3,2,3,9,1,4,7,2,2,5,3.0,8,0.7,False,True,True,False,False,False,False,False,True,False,False,False,False,False,False,False,False,False,False,False,False,False,False,True,False,True,False
49,0,299,29,3,3,97,4,4,3,12431,17717,4,14,3,2,1,14,3,3,8,2,4,2,2.75,10,0.5333333333333333,False,True,False,True,True,False,False,False,False,False,False,False,False,False,False,False,True,False,True,False,False,False,False,True,False,True,False
53,0,609,8,2,3,87,3,4,4,13820,22676,0,25,3,2,0,14,0,2,6,1,2,2,2.75,7,0.4,False,True,False,True,False,True,False,False,False,True,False,False,False,False,False,False,True,False,False,False,False,False,False,True,False,True,False
36,0,900,29,4,3,81,3,2,3,5639,23762,1,20,3,2,2,8,2,3,7,2,1,2,2.75,5,0.7777777777777778,True,False,True,False,False,False,True,False,False,True,False,False,False,False,False,False,True,False,False,True,False,True,False,False,False,True,False
30,0,739,17,2,2,85,1,2,4,4496,15390,1,21,4,4,1,7,2,3,3,2,0,1,3.25,4,0.375,False,True,True,False,False,False,True,False,False,False,False,True,False,False,False,False,False,False,True,False,False,True,False,False,True,False,False
59,0,205,5,4,2,97,3,5,4,17751,2129,2,11,3,4,2,16,6,4,11,7,3,7,3.5,15,0.6470588235294118,False,True,True,False,False,False,True,False,False,True,False,False,False,False,False,True,False,False,False,True,True,False,False,True,False,False,True
37,0,814,13,5,4,76,4,3,3,7211,2533,2,24,3,1,3,8,2,2,0,0,0,0,2.5,3,0.0,False,False,True,False,False,False,True,False,False,False,False,False,False,False,False,False,True,False,False,True,False,True,False,False,False,False,False
31,0,345,2,1,2,37,2,3,4,7848,2949,0,12,3,1,0,13,0,4,2,1,0,1,2.75,4,0.14285714285714285,False,True,True,False,True,False,False,False,False,True,False,False,False,True,False,False,False,False,False,False,True,True,False,False,False,False,False
37,0,535,6,4,4,85,1,3,4,7462,23594,1,11,3,1,2,4,1,4,4,2,1,2,3.25,6,0.8,False,True,False,True,True,False,False,False,False,True,False,False,True,False,False,False,False,False,False,False,False,True,False,False,True,False,False
18,1,1033,9,5,3,36,1,2,4,6976,13443,2,21,3,2,0,1,5,1,1,1,1,0,2.5,4,0.5,False,True,False,True,True,False,False,False,False,True,False,False,True,False,False,False,False,False,False,True,True,True,False,False,False,False,False
30,1,1059,11,3,4,36,3,1,1,1009,13809,0,15,3,1,3,3,0,1,1,1,0,0,1.75,2,0.25,False,True,False,True,True,False,False,False,False,True,False,False,False,False,False,True,False,False,False,True,False,False,False,False,False,False,False
40,0,212,26,2,3,64,3,4,3,14134,9144,2,25,3,3,1,9,0,2,5,4,1,4,2.75,9,0.5,True,False,True,False,True,False,False,False,False,False,False,False,False,False,True,False,False,False,True,False,False,False,False,True,True,False,False
57,0,814,7,2,3,56,4,4,1,14634,25216,3,24,3,4,3,18,0,2,18,14,8,6,2.5,26,0.9473684210526315,False,True,False,True,True,False,False,False,False,True,False,False,False,False,False,False,False,False,False,True,False,False,False,True,False,False,True
49,1,459,5,1,2,70,2,4,2,12845,8063,3,19,3,3,0,12,0,1,8,6,2,6,2.0,12,0.6153846153846154,False,True,False,True,False,True,False,False,False,True,False,False,False,False,False,False,False,False,True,False,True,False,False,True,False,True,False
51,0,718,5,2,3,53,4,4,3,13722,24334,2,18,3,4,2,18,6,1,13,11,6,2,2.75,21,0.6842105263157895,True,False,False,True,False,False,True,False,False,True,False,False,False,False,False,False,True,False,True,False,False,False,False,True,False,False,True
41,0,1226,13,4,3,89,2,3,3,8089,18780,2,13,3,1,1,17,6,3,5,3,2,2,2.5,8,0.2777777777777778,False,True,True,False,True,False,False,False,False,False,False,False,False,False,False,True,False,False,False,True,True,False,True,False,True,False,False
22,0,674,19,3,2,99,3,1,4,2907,12039,1,13,3,3,1,6,5,4,6,4,2,4,3.25,7,0.8571428571428571,True,False,True,False,False,True,False,False,False,True,False,True,False,False,False,False,False,False,False,True,True,False,False,False,False,True,False
34,0,920,6,2,1,98,3,3,3,9296,18574,2,11,3,3,0,12,0,1,11,8,1,8,2.0,12,0.8461538461538461,False,True,True,False,False,False,False,False,True,True,False,False,False,False,False,True,False,False,False,True,False,False,True,False,False,False,True
60,0,135,13,3,1,63,2,5,3,19688,25332,2,13,3,2,1,16,4,3,5,2,1,3,2.25,8,0.29411764705882354,True,False,True,False,False,False,False,False,True,False,False,False,True,False,False,False,False,False,False,False,False,False,False,True,True,False,False
19,0,789,7,5,1,67,2,2,1,4780,3730,0,17,3,3,3,1,5,2,1,0,0,1,1.75,2,0.5,False,True,True,False,False,True,False,False,False,False,False,False,False,False,False,True,False,False,True,False,False,True,False,False,False,False,False
55,0,1179,2,1,3,33,4,5,1,17195,3553,1,22,3,1,0,20,5,1,20,17,1,14,1.5,23,0.9523809523809523,False,True,False,True,False,False,False,True,False,True,False,False,False,False,False,False,True,False,True,False,True,False,False,True,False,False,True
47,0,1008,29,1,4,92,3,4,1,14198,6366,2,12,3,3,2,18,5,3,3,2,0,2,2.75,6,0.15789473684210525,False,True,True,False,False,False,True,False,False,True,False,False,False,False,False,False,True,False,False,True,False,False,False,True,True,False,False
30,0,1452,29,5,4,48,3,3,2,7712,18589,1,13,3,4,0,13,4,1,11,3,3,4,2.75,9,0.7857142857142857,False,True,False,True,False,False,False,True,False,False,False,False,False,False,False,False,True,False,True,False,False,True,False,False,False,False,True
51,0,1198,13,4,3,47,3,4,4,13367,15152,4,16,3,2,1,20,3,1,8,4,3,3,2.5,11,0.38095238095238093,False,True,True,False,False,False,False,False,False,True,False,True,False,False,False,False,False,False,False,True,False,False,False,True,False,True,False
53,0,284,2,3,4,89,4,5,1,19268,19066,2,18,3,1,2,20,0,4,9,3,3,5,2.5,11,0.42857142857142855,True,False,True,False,True,False,False,False,False,True,False,False,False,False,False,False,True,False,False,True,False,False,False,True,False,True,False
19,0,186,3,5,1,99,4,1,3,2478,12162,3,17,4,1,0,11,5,2,4,2,2,2,1.75,5,0.3333333333333333,False,True,True,False,False,False,False,False,True,True,False,False,False,True,False,False,False,False,True,False,False,False,False,False,True,False,False
22,0,506,12,3,4,93,2,1,4,3368,23017,0,13,3,2,3,4,6,1,3,2,1,1,2.75,4,0.6,False,True,False,True,False,True,False,False,False,True,False,False,False,False,False,True,False,False,True,False,True,False,False,False,True,False,False
46,0,1237,12,3,4,31,2,4,2,17015,13767,0,22,3,4,2,13,3,4,8,4,1,3,3.5,9,0.5714285714285714,False,True,True,False,False,True,False,False,False,True,False,False,False,True,False,False,False,False,False,True,True,False,False,True,False,True,False
60,1,1285,2,2,2,95,4,5,2,19823,13835,3,14,3,4,2,21,3,3,18,10,9,5,2.75,24,0.8181818181818182,False,True,True,False,False,False,False,False,True,True,True,False,False,False,False,False,False,False,True,False,False,False,False,True,False,False,True
19,0,1115,7,5,1,59,2,1,1,4614,14085,0,12,3,3,3,0,6,3,0,0,0,0,2.0,1,0.0,False,True,True,False,True,False,False,False,False,True,False,False,False,False,True,False,False,False,False,False,True,True,False,False,False,False,False
46,0,1092,10,4,3,40,4,4,2,14613,8085,3,16,3,2,1,14,3,3,11,6,2,5,2.5,12,0.7333333333333333,True,False,True,False,True,False,False,False,False,True,False,False,False,True,False,False,False,False,False,True,False,False,False,True,False,False,True
23,0,1036,26,2,1,40,4,2,3,5593,26387,1,25,3,2,0,0,2,2,0,0,0,0,2.0,2,0.0,True,False,True,False,False,False,True,False,False,True,False,True,False,False,False,False,False,False,False,True,False,True,False,False,False,False,False
45,0,538,15,4,3,78,3,3,3,9131,3194,3,12,4,4,3,12,6,4,6,3,1,4,3.5,7,0.46153846153846156,False,True,False,True,False,True,False,False,False,True,False,False,True,False,False,False,False,False,True,False,False,False,True,False,False,True,False
44,0,1052,7,4,2,87,3,1,4,3573,2730,1,12,3,3,2,13,6,2,11,7,6,9,2.75,14,0.7857142857142857,False,True,True,False,False,False,False,False,True,True,True,False,False,False,False,False,False,False,False,True,False,False,False,False,False,False,True
21,0,1009,28,1,3,58,4,2,1,6535,13731,0,20,3,4,1,6,1,3,5,1,1,3,2.75,4,0.7142857142857143,False,True,True,False,False,False,False,False,True,False,False,True,False,False,False,False,False,False,True,False,True,True,False,False,True,False,False
47,1,217,29,1,4,72,2,3,2,8571,19258,1,20,3,2,0,18,1,4,12,10,3,4,3.0,16,0.631578947368421,False,True,False,True,False,True,False,False,False,True,False,False,False,False,False,False,True,False,True,False,False,False,True,False,False,False,True
56,0,1383,19,3,1,82,2,4,2,12430,13382,4,13,3,4,1,15,2,4,7,4,4,4,2.75,12,0.4375,False,True,True,False,False,False,False,True,False,True,False,False,False,False,False,False,False,True,True,False,False,False,False,True,False,True,False
55,0,1159,2,4,1,59,3,4,2,12238,21798,2,20,3,2,2,25,1,3,24,8,8,17,2.0,20,0.9230769230769231,False,True,True,False,True,False,False,False,False,True,False,False,False,False,False,False,True,False,True,False,False,False,False,True,False,False,True
19,0,408,9,4,3,88,1,1,3,3553,10969,0,22,3,3,0,2,5,1,1,0,0,1,2.5,1,0.3333333333333333,True,False,True,False,False,False,False,True,False,True,False,False,False,False,False,False,False,True,True,False,False,False,False,False,False,False,False
28,0,503,7,2,3,50,3,2,1,4149,7867,4,20,3,4,2,7,6,1,7,2,3,3,2.25,7,0.875,False,True,True,False,True,False,False,False,False,True,False,False,False,False,False,False,True,False,True,False,False,True,False,False,False,True,False
28,1,1051,6,5,2,48,3,1,2,3824,17944,1,18,3,2,3,0,3,2,0,0,0,0,2.0,1,0.0,False,True,True,False,False,False,True,False,False,True,False,False,False,False,False,False,True,False,False,True,False,False,False,False,False,False,False
37,0,442,29,3,1,63,3,2,1,7106,8177,1,17,3,4,1,8,4,3,4,3,1,1,2.25,6,0.4444444444444444,False,True,True,False,True,False,False,False,False,True,False,False,False,False,False,False,False,True,False,True,True,True,False,False,True,False,False
24,0,1236,29,2,3,65,3,2,3,5235,15328,1,16,3,3,2,8,2,1,1,1,0,0,2.5,3,0.1111111111111111,False,True,True,False,False,False,True,False,False,False,False,False,True,False,False,False,False,False,True,False,True,True,False,False,False,False,False
54,0,758,7,1,3,52,1,5,4,19999,17957,4,12,4,2,0,18,6,2,15,11,5,4,2.75,21,0.7894736842105263,False,True,False,True,True,False,False,False,False,False,False,False,False,True,False,False,False,False,True,False,True,False,False,True,False,False,True
51,1,235,9,5,4,53,2,5,4,19311,4971,3,20,3,4,2,17,6,2,11,7,3,5,3.5,15,0.6111111111111112,False,True,True,False,True,False,False,False,False,False,False,False,False,False,False,False,False,True,False,True,True,False,False,True,False,False,True
52,0,1067,3,4,4,51,4,5,1,19031,7782,2,22,3,2,0,18,5,2,13,11,7,10,2.25,23,0.6842105263157895,True,False,True,False,False,False,True,False,False,False,False,False,False,False,True,False,False,False,True,False,True,False,False,True,False,False,True
26,0,1407,26,3,3,62,2,1,1,3087,3292,0,17,3,3,2,0,6,3,0,0,0,0,2.5,1,0.0,False,True,False,True,False,True,False,False,False,True,False,True,False,False,False,False,False,False,True,False,False,False,False,False,False,False,False
18,0,565,22,2,1,79,2,1,3,2003,7372,1,22,4,1,2,1,0,2,1,0,0,0,1.75,1,0.5,False,True,True,False,True,False,False,False,False,True,True,False,False,False,False,False,False,False,False,True,False,False,False,False,False,False,False
57,0,1442,6,1,2,50,3,5,2,17850,24276,0,12,3,4,2,24,6,3,14,5,6,10,2.75,16,0.56,False,True,False,True,False,False,True,False,False,True,False,False,False,False,False,True,False,False,True,False,True,False,False,True,False,False,True
30,0,1108,6,1,3,78,3,2,1,3527,2403,3,12,3,4,1,11,2,2,10,5,1,8,2.5,8,0.8333333333333334,False,True,True,False,True,False,False,False,False,False,False,False,False,False,False,False,True,False,True,False,False,False,False,False,False,True,False
46,0,1126,15,1,2,54,1,3,3,7620,20577,5,15,4,4,1,14,1,4,12,5,1,6,3.25,9,0.8,False,True,True,False,True,False,False,False,False,True,False,False,False,False,True,False,False,False,True,False,False,True,False,False,False,False,True
57,0,605,14,3,1,43,1,5,2,19999,6502,3,16,3,4,2,25,6,2,16,9,9,7,2.25,23,0.6153846153846154,False,True,True,False,True,False,False,False,False,False,False,True,False,False,False,False,False,False,False,True,True,False,False,True,False,False,True
19,0,822,11,1,3,49,4,2,3,3708,13629,2,18,3,3,2,0,5,4,0,0,0,0,3.25,2,0.0,False,True,True,False,False,False,True,False,False,True,False,False,False,False,True,False,False,False,False,False,True,False,False,False,False,False,False
18,1,412,21,1,4,88,3,1,1,1588,2288,1,11,3,3,2,0,0,4,0,0,0,0,3.0,1,0.0,False,True,False,False,False,True,False,False,False,False,False,False,False,False,False,False,True,False,False,True,False,False,False,False,False,False,False
18,1,945,16,2,3,51,4,1,4,2033,14448,6,12,4,4,0,8,4,2,7,1,0,5,3.25,2,0.7777777777777778,True,False,True,False,False,False,True,False,False,True,False,False,False,False,False,False,True,False,False,False,True,False,False,False,False,True,False
24,1,1302,13,4,4,76,4,1,1,2090,25330,1,21,4,3,0,6,6,2,2,2,0,1,2.5,3,0.2857142857142857,False,False,True,False,False,True,False,False,False,False,False,False,False,False,False,False,True,False,True,False,True,False,False,False,False,False,False
20,0,1007,7,3,1,71,1,1,1,3323,4944,0,21,3,2,1,1,4,3,1,0,0,1,1.75,1,0.5,False,True,True,False,False,False,True,False,False,True,False,False,False,False,False,False,False,False,False,True,False,False,False,False,False,False,False
53,0,1322,17,1,4,79,2,4,2,13266,9846,1,22,3,1,1,17,3,2,7,1,2,4,2.25,7,0.3888888888888889,False,True,False,True,False,True,False,False,False,True,False,False,False,False,False,False,False,True,False,False,False,False,False,True,False,True,False
44,0,317,13,4,3,72,4,4,4,13762,8656,1,16,3,4,2,10,0,3,8,6,3,5,3.5,13,0.7272727272727273,True,False,False,True,False,False,False,True,False,True,False,True,False,False,False,False,False,False,True,False,False,False,False,True,False,True,False
60,0,950,7,3,2,100,2,5,3,17981,19608,1,21,3,1,2,21,3,2,12,6,2,3,2.0,13,0.5454545454545454,False,False,True,False,True,False,False,False,False,False,False,False,False,False,False,False,True,False,True,False,True,False,False,True,False,False,True
52,0,513,8,1,4,95,1,4,2,13430,22635,0,14,3,4,0,17,3,4,4,3,1,3,3.5,8,0.2222222222222222,True,False,False,True,True,False,False,False,False,True,False,False,False,False,False,True,False,False,True,False,False,False,False,True,True,False,False
59,0,889,6,4,1,52,1,5,2,18928,8840,2,24,3,4,0,20,5,3,4,3,2,2,2.5,10,0.19047619047619047,False,True,True,False,True,False,False,False,False,True,False,False,False,False,False,True,False,False,True,False,True,False,False,True,True,False,False
28,0,242,12,5,1,57,3,2,1,5339,5240,1,11,3,1,3,2,1,1,1,0,1,0,1.0,3,0.3333333333333333,False,True,True,False,False,False,True,False,False,True,False,False,False,False,False,False,False,False,True,False,False,True,False,False,False,False,False
30,0,637,19,3,3,56,2,1,3,5377,24234,2,20,3,4,2,8,1,1,6,2,3,3,2.75,6,0.6666666666666666,False,True,True,False,False,False,True,False,False,True,False,False,False,False,False,False,False,False,False,False,True,True,False,False,False,True,False
54,0,619,4,1,3,76,4,4,3,13966,4691,0,12,4,3,0,16,6,3,10,3,3,4,3.0,10,0.5882352941176471,True,False,False,True,True,False,False,False,False,True,False,False,False,False,False,False,True,False,False,True,True,False,False,True,False,True,False
28,0,839,8,2,1,64,4,2,3,5248,23465,1,23,4,2,3,3,5,2,3,1,1,1,2.0,4,0.75,False,True,True,False,False,False,False,False,True,False,False,True,False,False,False,False,False,False,True,False,False,True,False,False,True,False,False
20,1,1142,20,3,4,98,1,2,2,2504,15994,0,14,3,3,1,7,3,2,7,6,2,1,2.75,10,0.875,False,True,True,False,False,False,False,True,False,False,False,False,False,False,False,False,False,False,True,False,True,False,False,False,False,True,False
46,0,903,9,5,4,80,4,3,2,8788,21566,2,11,3,2,2,22,3,3,14,11,2,5,2.75,16,0.6086956521739131,False,True,True,False,True,False,False,False,False,False,False,False,False,False,False,True,False,False,True,False,True,False,True,False,False,False,True
52,0,1339,11,5,4,63,1,4,1,11630,23022,4,16,3,4,1,24,4,2,17,8,8,8,2.75,20,0.68,False,True,False,True,True,False,False,False,False,False,False,True,False,False,False,False,False,False,True,False,False,False,True,False,False,False,True
59,0,499,5,5,2,52,3,5,2,19662,19321,1,24,3,2,0,22,1,4,11,7,4,7,2.5,16,0.4782608695652174,False,True,True,False,True,False,False,False,False,True,False,False,False,False,False,False,False,False,True,False,True,False,False,True,False,False,True
57,0,620,4,5,4,85,4,4,1,14171,11536,3,13,3,1,2,18,1,3,10,8,4,7,2.25,16,0.5263157894736842,False,True,False,True,True,False,False,False,False,True,False,True,False,False,False,False,False,False,True,False,False,False,False,True,False,True,False
23,0,761,7,3,1,88,2,2,2,6457,10161,0,15,3,2,1,4,3,2,1,0,0,1,1.75,2,0.2,False,True,True,False,False,False,False,False,True,True,False,False,False,False,False,False,True,False,False,True,False,True,False,False,False,False,False
51,0,962,9,4,4,98,1,5,2,18239,18179,4,19,3,3,0,18,2,2,6,1,1,1,2.75,7,0.3157894736842105,True,False,True,False,False,False,True,False,False,True,False,False,False,False,False,True,False,False,False,True,True,False,False,True,False,True,False
54,0,1289,14,4,4,68,1,5,4,19032,14942,4,24,4,2,0,16,1,2,0,0,0,0,3.0,5,0.0,False,True,True,False,True,False,False,False,False,True,False,False,False,False,False,False,False,True,True,False,True,False,False,True,False,False,False
48,0,932,28,4,3,86,2,4,3,14811,24561,5,13,3,3,3,20,3,1,14,10,2,9,2.5,16,0.6666666666666666,False,True,True,False,False,False,True,False,False,True,False,False,False,False,False,True,False,False,False,True,False,False,False,True,False,False,True
53,0,1441,4,4,2,92,4,5,2,17885,21116,1,16,3,4,2,10,4,1,5,2,0,3,2.25,7,0.45454545454545453,True,False,True,False,True,False,False,False,False,True,False,False,False,False,False,False,False,True,False,True,False,False,False,True,True,False,False
54,0,762,3,1,2,35,2,4,1,14732,24290,5,25,3,2,1,17,5,4,6,3,2,2,2.25,9,0.3333333333333333,False,True,False,True,True,False,False,False,False,False,False,True,False,False,False,False,False,False,False,True,False,False,False,True,False,True,False
37,0,841,2,5,1,40,2,4,1,14677,11994,1,21,3,4,3,13,4,4,12,4,5,10,2.5,13,0.8571428571428571,False,True,True,False,True,False,False,False,False,True,False,True,False,False,False,False,False,False,True,False,False,False,False,True,False,False,True
19,0,1071,12,1,1,43,1,2,1,5338,13746,0,19,3,4,1,0,4,1,0,0,0,0,1.75,2,0.0,False,True,True,False,False,False,True,False,False,True,False,False,False,False,False,False,False,True,False,False,False,True,False,False,False,False,False
37,0,306,14,3,2,46,3,4,2,15894,24058,3,16,3,4,0,9,3,3,3,2,0,2,2.75,6,0.3,False,True,True,False,False,False,True,False,False,False,False,True,False,False,False,False,False,False,True,False,False,False,False,True,True,False,False
26,0,312,6,3,1,50,1,2,2,6119,9455,2,22,3,3,0,7,0,2,7,3,3,4,2.0,8,0.875,False,True,False,True,False,False,False,False,True,True,False,False,False,False,False,True,False,False,False,True,False,True,False,False,False,True,False
22,0,568,11,5,3,30,3,2,1,3491,22651,0,25,3,4,0,9,2,3,5,4,3,2,2.75,9,0.5,False,True,False,True,True,False,False,False,False,True,False,False,False,False,False,False,True,False,False,False,False,False,False,False,True,False,False
23,0,206,21,1,3,78,4,2,3,6686,16374,2,17,4,2,3,0,3,3,0,0,0,0,2.75,2,0.0,False,True,False,True,False,True,False,False,False,True,False,False,False,False,False,False,False,False,False,True,True,True,False,False,False,False,False
47,0,681,9,3,4,73,4,3,3,7710,12485,1,25,3,2,3,10,3,4,5,3,2,4,3.25,8,0.45454545454545453,False,True,False,False,True,False,False,False,False,True,False,True,False,False,False,False,False,False,False,False,False,True,False,False,True,False,False
39,0,588,8,2,2,77,3,3,4,9457,25111,3,14,3,4,1,8,2,3,8,5,2,6,3.25,10,0.8888888888888888,False,True,True,False,True,False,False,False,False,True,False,False,False,False,False,False,False,True,True,False,False,False,True,False,False,True,False
41,0,965,4,1,4,85,3,2,4,5855,8706,0,23,3,4,1,6,5,1,4,2,2,3,3.25,6,0.5714285714285714,False,True,False,True,False,False,False,False,True,False,False,True,False,False,False,False,False,False,False,True,False,True,False,False,True,False,False
50,0,1456,14,2,2,39,2,4,1,10830,19050,0,17,3,1,1,11,3,3,5,2,2,4,1.75,8,0.4166666666666667,False,True,False,False,False,False,True,False,False,False,False,True,False,False,False,False,False,False,True,False,False,False,True,False,True,False,False
41,0,892,6,3,3,53,3,3,3,9226,10953,2,14,4,2,2,8,2,4,2,1,1,1,3.0,5,0.2222222222222222,False,True,False,True,True,False,False,False,False,True,False,False,False,False,False,True,False,False,True,False,False,False,True,False,False,False,False
45,0,1433,16,5,4,61,3,3,4,8234,25882,3,17,3,2,0,18,3,4,11,8,5,3,3.5,16,0.5789473684210527,False,True,True,False,False,False,True,False,False,True,False,False,False,False,False,False,True,False,True,False,False,False,True,False,False,False,True
21,0,946,8,2,2,48,1,3,4,7949,15709,1,17,3,4,2,2,4,3,2,1,0,1,3.25,4,0.6666666666666666,False,True,True,False,False,True,False,False,False,True,False,False,False,False,False,False,False,True,False,True,True,True,False,False,False,False,False
54,0,986,9,5,1,59,2,5,3,18493,16518,1,20,3,2,2,18,0,2,10,4,1,6,2.0,10,0.5263157894736842,False,True,True,False,False,False,False,False,False,True,False,False,False,False,False,False,True,False,False,False,False,False,False,True,False,True,False
37,0,1270,2,4,4,62,4,2,1,6447,9979,0,22,4,3,3,7,2,3,2,2,1,1,2.75,5,0.25,True,False,True,False,False,False,True,False,False,True,True,False,False,False,False,False,False,False,True,False,False,True,False,False,False,False,False
24,0,910,22,5,2,78,2,2,4,4394,2622,1,24,3,4,1,6,1,1,4,3,0,2,2.75,5,0.5714285714285714,False,False,True,False,True,False,False,False,False,True,False,False,False,False,False,False,True,False,False,False,False,True,False,False,True,False,False
52,0,1455,18,5,1,45,1,5,4,19999,26794,4,13,4,4,3,23,2,3,19,5,7,10,3.0,17,0.7916666666666666,False,True,False,False,False,False,True,False,False,False,False,True,False,False,False,False,False,False,False,False,False,False,False,True,False,False,True
49,0,986,5,4,3,48,4,4,3,12176,13249,4,14,3,4,0,12,4,1,8,3,2,7,2.75,9,0.6153846153846154,False,True,False,True,True,False,False,False,False,False,False,False,False,False,False,False,True,False,False,True,True,False,False,True,False,True,False
20,1,570,17,4,3,50,4,1,4,3355,18553,1,23,3,3,0,8,1,2,4,2,0,2,3.0,3,0.4444444444444444,False,True,False,False,True,False,False,False,False,False,False,False,False,False,False,False,False,True,True,False,True,False,False,False,True,False,False
26,0,701,4,1,1,46,4,2,2,6427,24590,2,12,4,3,3,6,3,3,0,0,0,0,2.25,2,0.0,False,True,True,False,False,False,True,False,False,False,False,False,False,False,False,False,True,False,False,False,True,True,False,False,False,False,False
18,0,1005,17,4,4,88,2,1,3,3897,10909,0,15,3,3,3,2,2,2,2,2,1,1,3.0,4,0.6666666666666666,True,False,True,False,False,True,False,False,False,True,False,False,False,True,False,False,False,False,True,False,True,False,False,False,False,False,False
29,0,504,15,1,3,72,3,1,4,3221,2934,0,21,3,2,3,8,0,2,4,3,2,2,2.75,6,0.4444444444444444,False,True,False,True,True,False,False,False,False,True,True,False,False,False,False,False,False,False,False,True,False,False,False,False,True,False,False
22,1,1126,27,4,2,87,4,1,3,2752,21535,1,19,3,3,0,5,6,3,2,0,0,1,2.75,1,0.3333333333333333,False,False,False,True,False,True,False,False,False,False,False,False,False,False,False,False,False,False,False,True,False,False,False,False,False,False,False
48,0,109,14,4,1,35,3,4,3,13340,17485,1,11,3,2,1,21,4,4,1,1,0,1,2.5,5,0.045454545454545456,False,True,True,False,False,False,True,False,False,True,False,False,False,False,False,False,True,False,False,True,True,False,False,True,False,False,False
40,1,1120,5,4,3,80,4,3,4,7033,18127,1,13,3,4,1,13,2,4,13,5,1,11,3.75,9,0.9285714285714286,False,True,True,False,False,True,False,False,False,True,False,False,False,False,False,False,False,True,False,False,False,True,False,False,False,False,True
60,0,128,11,4,4,77,4,4,4,13177,11506,7,22,3,3,1,22,3,3,21,11,4,8,3.5,19,0.9130434782608695,True,False,True,False,True,False,False,False,False,False,False,True,False,False,False,False,False,False,True,False,False,False,False,True,False,False,True
50,0,330,8,2,3,85,4,4,3,12846,24716,2,16,3,2,1,14,6,3,7,3,3,3,2.75,10,0.4666666666666667,False,True,True,False,True,False,False,False,False,False,False,False,False,False,False,False,True,False,True,False,True,False,False,True,False,True,False
44,0,1460,26,2,3,61,3,4,4,12650,12146,1,21,3,3,1,16,1,2,11,9,3,5,3.0,16,0.6470588235294118,True,False,True,False,True,False,False,False,False,False,False,True,False,False,False,False,False,False,False,False,False,False,False,True,False,False,True
39,0,1261,3,3,4,82,2,3,2,10664,2965,3,21,3,1,0,8,5,4,2,1,0,1,2.75,4,0.2222222222222222,False,True,True,False,True,False,False,False,False,True,False,False,False,False,False,False,False,True,False,True,False,False,True,False,False,False,False
20,0,1142,11,3,3,68,2,2,3,3437,16229,0,23,3,2,3,3,0,4,1,1,1,0,3.0,4,0.25,True,False,True,False,True,False,False,False,False,False,False,True,False,False,False,False,False,False,True,False,True,False,False,False,False,False,False
21,0,1399,5,2,1,87,4,1,3,4351,21449,3,19,3,4,1,13,6,1,8,3,1,4,2.25,5,0.5714285714285714,False,True,False,True,True,False,False,False,False,False,False,False,True,False,False,False,False,False,False,True,False,True,False,False,False,True,False
44,0,1066,29,3,1,86,2,3,3,7016,12344,4,12,3,1,2,4,2,4,0,0,0,0,2.25,3,0.0,False,True,False,True,True,False,False,False,False,False,False,False,True,False,False,False,False,False,False,True,False,True,False,False,False,False,False
18,0,250,12,3,2,89,1,1,1,1773,13431,0,12,3,3,3,2,2,1,1,1,0,1,1.75,2,0.3333333333333333,True,False,False,True,True,False,False,False,False,True,False,True,False,False,False,False,False,False,False,True,False,False,False,False,False,False,False
19,0,1281,15,2,3,42,1,2,2,4254,25010,0,14,3,4,0,3,5,3,1,0,0,0,3.0,2,0.25,False,True,True,False,False,False,False,False,True,False,False,False,False,False,False,True,False,False,False,True,True,True,False,False,False,False,False
27,0,432,8,4,1,80,3,1,1,1667,16735,0,13,3,3,0,5,1,2,5,2,1,3,1.75,4,0.8333333333333334,False,True,True,False,False,True,False,False,False,True,False,False,True,False,False,False,False,False,True,False,False,False,False,False,True,False,False
56,0,949,17,2,2,44,4,5,3,19999,9657,5,19,3,3,2,18,0,3,9,8,5,6,2.75,18,0.47368421052631576,True,False,True,False,True,False,False,False,False,False,False,False,False,False,False,True,False,False,True,False,True,False,False,True,False,True,False
37,0,1348,5,2,2,63,2,2,4,6206,11089,2,17,3,3,3,10,3,4,7,5,2,2,3.25,9,0.6363636363636364,False,True,True,False,False,False,False,False,False,True,False,False,False,False,False,False,True,False,False,True,False,True,False,False,False,True,False
48,0,1034,5,3,3,93,3,5,3,18721,21003,3,15,3,1,1,14,6,1,7,6,0,5,2.0,11,0.4666666666666667,True,False,True,False,True,False,False,False,False,True,False,False,False,False,False,True,False,False,False,True,True,False,False,True,False,True,False
35,0,154,26,1,1,38,2,3,4,11749,20690,2,19,3,1,3,10,2,1,4,2,0,2,1.75,5,0.36363636363636365,False,True,True,False,True,False,False,False,False,True,False,False,False,False,True,False,False,False,True,False,True,False,True,False,True,False,False
25,1,1205,29,4,1,82,2,2,3,5480,4387,1,23,3,4,0,3,3,3,2,1,1,0,2.75,4,0.5,False,True,True,False,False,True,False,False,False,False,False,False,False,False,False,True,False,False,False,True,False,True,False,False,False,False,False
33,0,1220,2,4,4,51,2,3,2,8572,21364,0,16,3,2,2,15,2,4,8,4,2,1,3.0,9,0.5,False,True,True,False,False,False,True,False,False,True,False,False,False,False,False,True,False,False,False,False,False,False,True,False,False,True,False
21,0,276,7,5,1,48,2,2,1,4677,10383,0,17,3,2,3,2,5,1,1,1,0,0,1.25,3,0.3333333333333333,False,True,True,False,True,False,False,False,False,True,False,False,False,False,False,False,True,False,False,False,False,True,False,False,False,False,False
51,0,1418,21,2,1,33,4,3,1,7534,5423,1,24,3,1,2,18,6,2,9,3,1,6,1.25,7,0.47368421052631576,False,False,True,False,True,False,False,False,False,False,False,False,False,False,False,False,True,False,True,False,True,True,False,False,False,True,False
25,0,364,15,3,1,81,4,2,4,4860,6025,0,17,3,3,0,2,6,3,2,2,0,1,2.75,4,0.6666666666666666,False,True,True,False,False,False,True,False,False,False,True,False,False,False,False,False,False,False,True,False,False,True,False,False,False,False,False
34,1,176,6,3,2,88,2,4,4,15022,24068,3,12,3,1,0,12,1,1,6,3,3,4,2.0,10,0.46153846153846156,False,True,True,False,False,False,True,False,False,True,False,False,False,True,False,False,False,False,True,False,False,False,False,True,False,True,False
60,0,878,8,4,1,62,2,4,2,14685,7568,7,13,4,1,1,23,1,4,14,9,8,9,2.0,21,0.5833333333333334,False,True,True,False,True,False,False,False,False,True,False,False,True,False,False,False,False,False,True,False,False,False,False,True,False,False,True
43,0,1047,6,4,4,43,1,5,4,19999,14888,1,15,4,1,2,14,6,3,9,7,1,4,3.0,13,0.6,False,True,True,False,False,False,True,False,False,False,False,False,False,False,False,False,False,True,False,False,True,False,False,True,False,True,False
37,0,237,16,5,1,73,4,3,1,7640,16152,1,19,4,4,2,6,4,3,5,4,1,4,2.25,8,0.7142857142857143,False,True,True,False,True,False,False,False,False,False,False,False,False,False,False,True,False,False,False,False,False,True,False,False,True,False,False
41,0,319,6,5,1,99,3,3,4,9207,14513,0,17,3,4,3,9,2,1,3,1,1,2,2.5,5,0.3,True,False,True,False,False,False,True,False,False,True,False,False,False,False,False,False,False,True,True,False,False,False,True,False,True,False,False
51,0,1023,8,1,1,85,4,3,1,8867,10612,3,16,3,1,2,22,2,1,8,5,3,3,1.0,11,0.34782608695652173,True,False,True,False,True,False,False,False,False,True,True,False,False,False,False,False,False,False,True,False,True,False,True,False,False,True,False
28,0,216,18,2,3,83,3,2,3,6021,2723,0,23,3,1,1,3,1,1,3,2,1,2,2.0,5,0.75,True,False,True,False,False,False,False,False,True,True,False,False,True,False,False,False,False,False,False,False,True,True,False,False,True,False,False
45,0,1264,13,4,4,33,4,2,1,4463,3308,3,17,3,4,0,16,0,1,3,1,0,2,2.5,3,0.17647058823529413,False,True,True,False,False,True,False,False,False,True,False,False,True,False,False,False,False,False,False,True,False,True,False,False,True,False,False
55,0,482,23,3,1,93,1,4,3,12754,14076,1,18,3,3,3,15,2,3,11,3,6,5,2.5,13,0.6875,False,True,False,True,True,False,False,False,False,True,False,True,False,False,False,False,False,False,True,False,False,False,False,True,False,False,True
42,0,1272,5,3,3,73,2,3,2,9147,23597,4,15,3,3,2,16,5,4,10,6,1,2,3.0,10,0.5882352941176471,False,True,True,False,False,True,False,False,False,False,False,False,False,False,True,False,False,False,True,False,False,False,True,False,False,True,False
37,0,1137,8,1,2,76,2,2,3,6547,23087,1,17,4,3,2,8,4,4,3,2,1,1,3.0,5,0.3333333333333333,True,False,True,False,True,False,False,False,False,True,False,False,False,False,False,False,True,False,True,False,True,True,False,False,True,False,False
24,1,553,5,3,3,54,4,2,1,4758,18914,0,20,4,1,2,1,0,1,1,1,0,1,1.5,3,0.5,False,True,True,False,True,False,False,False,False,False,False,False,True,False,False,False,False,False,True,False,True,True,False,False,False,False,False
28,1,1217,7,4,3,92,1,2,2,6231,9135,0,24,3,3,3,4,0,1,2,1,0,1,2.25,3,0.4,False,True,False,True,False,False,True,False,False,False,False,False,False,False,False,True,False,False,False,True,True,True,False,False,False,False,False
58,0,385,3,1,2,66,2,4,1,15439,25883,2,23,4,1,3,18,6,3,15,7,5,10,1.75,16,0.7894736842105263,False,True,True,False,False,False,True,False,False,False,False,False,False,True,False,False,False,False,False,True,False,False,False,True,False,False,True
41,0,776,1,3,3,47,1,3,3,8066,11628,2,11,4,1,3,13,5,4,7,2,2,6,2.75,7,0.5,True,False,True,False,False,True,False,False,False,False,True,False,False,False,False,False,False,False,True,False,False,False,True,False,False,True,False
30,0,1441,3,5,1,55,4,2,1,3773,22029,2,11,3,4,0,7,5,4,2,2,1,1,2.5,5,0.25,True,False,True,False,False,False,False,True,False,True,False,False,False,False,False,False,False,False,False,False,True,False,False,False,False,False,False
35,0,1344,19,3,2,45,2,3,4,6923,5492,1,23,3,2,1,5,6,3,0,0,0,0,2.75,3,0.0,True,False,False,True,True,False,False,False,False,False,False,False,False,False,False,False,True,False,False,False,True,True,False,False,False,False,False
42,0,1376,3,5,4,96,1,3,1,7688,16025,0,14,3,1,0,12,4,2,11,10,1,6,2.0,14,0.8461538461538461,False,True,True,False,True,False,False,False,False,True,False,False,True,False,False,False,False,False,True,False,True,True,False,False,False,False,True
41,0,310,14,2,4,86,1,3,3,7965,7540,2,11,3,2,0,8,2,2,4,2,2,3,2.75,7,0.4444444444444444,False,False,True,False,False,False,True,False,False,True,True,False,False,False,False,False,False,False,False,True,True,True,False,False,True,False,False
48,0,539,7,1,1,72,3,4,4,13957,13559,2,21,3,1,3,17,4,3,8,3,2,3,2.25,9,0.4444444444444444,False,True,True,False,True,False,False,False,False,True,False,False,False,False,False,False,False,False,False,False,False,False,False,True,False,True,False
29,0,207,8,4,1,84,2,1,2,2981,21560,1,25,3,2,1,9,4,4,5,3,1,2,2.25,5,0.5,False,True,True,False,True,False,False,False,False,True,False,False,False,False,True,False,False,False,True,False,False,False,False,False,True,False,False
45,0,1351,3,2,4,90,3,3,3,8173,25669,2,21,3,3,2,14,5,1,10,5,1,4,2.75,9,0.6666666666666666,False,True,False,True,False,False,False,True,False,True,False,False,False,False,False,False,False,True,True,False,True,False,True,False,False,True,False
37,0,1198,6,1,1,54,1,3,4,9315,3780,1,13,3,2,2,11,3,4,6,3,2,2,2.75,8,0.5,False,True,True,False,False,True,False,False,False,True,False,False,False,False,True,False,False,False,True,False,False,False,True,False,False,True,False
58,0,1332,12,1,3,48,4,5,1,18087,12653,3,15,3,1,1,26,0,3,13,3,6,3,2.0,14,0.48148148148148145,False,True,False,True,False,False,False,True,False,False,False,False,False,False,False,True,False,False,False,True,False,False,False,True,False,False,True
24,0,262,3,5,3,94,4,1,3,4518,3889,1,15,3,4,0,4,4,1,4,1,2,1,2.75,4,0.8,False,True,True,False,True,False,False,False,False,True,False,True,False,False,False,False,False,False,False,False,False,True,False,False,True,False,False
24,0,574,6,4,2,55,1,2,3,6628,15664,1,15,4,3,2,1,5,1,1,0,0,1,2.25,2,0.5,False,True,True,False,True,False,False,False,False,True,False,False,False,False,True,False,False,False,True,False,False,True,False,False,False,False,False
37,0,1101,11,2,2,32,2,2,3,6540,26886,3,20,3,1,3,12,6,2,3,3,0,2,2.0,5,0.23076923076923078,False,True,True,False,False,False,True,False,False,False,True,False,False,False,False,False,False,False,True,False,True,True,False,False,True,False,False
39,0,609,14,3,3,85,1,2,3,4709,10405,1,22,3,3,0,7,1,2,0,0,0,0,2.75,2,0.0,True,False,False,True,False,False,False,False,False,False,False,False,False,False,False,False,True,False,False,False,False,True,False,False,False,False,False
47,1,511,9,2,2,45,1,3,2,8360,11592,0,15,3,4,1,14,6,1,8,6,1,1,2.25,10,0.5333333333333333,False,True,False,True,True,False,False,False,False,False,False,False,False,False,False,False,True,False,True,False,True,False,True,False,False,True,False
35,0,1403,29,1,4,46,4,4,3,14867,9083,0,19,3,1,3,7,0,2,2,1,0,1,2.5,5,0.25,False,True,False,True,True,False,False,False,False,True,False,False,False,False,False,True,False,False,False,False,False,False,False,True,False,False,False
57,1,848,10,5,1,79,1,5,2,18760,23194,2,18,3,4,3,17,5,1,7,5,2,4,2.0,12,0.3888888888888889,False,True,False,True,True,False,False,False,False,True,False,False,False,False,False,False,False,True,True,False,False,False,False,True,False,True,False
38,0,1138,17,5,4,100,2,3,2,7661,23152,2,16,3,2,2,10,2,4,3,1,0,2,3.0,4,0.2727272727272727,True,False,True,False,False,True,False,False,False,False,False,False,False,False,True,False,False,False,True,False,False,True,False,False,True,False,False
23,1,1180,12,2,3,36,4,3,4,7613,22255,4,13,3,3,3,7,0,1,4,1,1,3,2.75,5,0.5,False,True,False,True,False,True,False,False,False,True,False,False,False,True,False,False,False,False,False,False,False,True,False,False,True,False,False
23,0,964,7,2,3,76,2,1,3,2171,8245,2,11,3,1,3,8,2,3,2,1,0,1,2.5,2,0.2222222222222222,False,True,True,False,False,False,True,False,False,True,False,False,False,False,False,False,True,False,False,False,False,False,False,False,False,False,False
59,0,1135,2,5,1,53,3,5,3,17607,7473,4,25,3,4,2,23,3,2,14,4,6,7,2.5,15,0.5833333333333334,False,True,False,True,True,False,False,False,False,False,False,False,False,False,False,True,False,False,False,False,False,False,False,True,False,False,True
23,0,1433,18,3,1,93,1,1,1,6444,5681,0,20,3,4,2,5,1,4,4,3,2,3,2.5,6,0.6666666666666666,False,True,False,True,False,True,False,False,False,True,False,False,False,False,True,False,False,False,False,False,False,True,False,False,True,False,False
58,0,799,18,2,3,93,4,4,2,11657,6807,0,23,4,3,2,19,3,2,9,7,3,5,2.5,14,0.45,False,True,True,False,False,False,True,False,False,False,False,False,False,False,False,True,False,False,True,False,False,False,True,False,False,True,False
29,0,1310,29,2,3,37,4,2,1,4323,20225,1,15,3,1,3,0,4,3,0,0,0,0,2.0,2,0.0,False,True,False,True,True,False,False,False,False,True,False,False,False,False,False,False,True,False,False,True,False,True,False,False,False,False,False
22,0,195,7,3,1,33,4,1,4,3715,15737,2,14,3,1,3,5,6,2,5,3,1,4,2.0,5,0.8333333333333334,False,True,True,False,True,False,False,False,False,True,False,False,False,False,False,True,False,False,True,False,True,False,False,False,True,False,False
31,0,206,29,3,1,59,3,2,4,4682,23043,1,19,3,3,1,0,3,4,0,0,0,0,3.0,2,0.0,False,True,False,False,False,False,True,False,False,False,False,False,False,False,False,False,False,True,False,False,False,True,False,False,False,False,False
44,0,649,17,1,3,34,4,5,2,18578,18477,0,21,3,4,1,6,4,3,6,2,2,2,3.0,9,0.8571428571428571,False,True,True,False,True,False,False,False,False,True,False,True,False,False,False,False,False,False,True,False,True,False,False,True,False,True,False
36,0,798,23,3,2,53,3,3,2,8974,25198,0,21,3,3,0,9,6,3,5,3,1,1,2.5,7,0.5,False,True,True,False,False,False,False,True,False,True,False,False,False,False,False,False,True,False,True,False,False,False,True,False,True,False,False
51,0,562,4,3,2,42,2,4,3,15239,3398,3,19,4,2,0,17,0,2,16,12,2,12,2.25,18,0.8888888888888888,False,True,False,True,False,False,True,False,False,True,False,False,False,False,False,True,False,False,False,False,False,False,False,True,False,False,True
44,0,1353,11,2,3,98,4,3,1,8172,18706,0,17,3,4,1,12,5,2,6,4,1,4,2.5,8,0.46153846153846156,False,True,True,False,True,False,False,False,False,True,True,False,False,False,False,False,False,False,False,False,False,False,True,False,False,True,False
35,0,133,27,2,4,80,2,2,3,6606,5038,4,19,3,3,0,15,6,2,12,4,3,4,3.0,9,0.75,False,True,False,False,False,False,True,False,False,True,False,True,False,False,False,False,False,False,False,False,False,True,False,False,False,False,True
45,0,257,3,3,2,40,4,4,1,11963,10770,1,14,3,2,3,15,5,3,9,5,4,4,2.0,13,0.5625,False,True,True,False,False,False,True,False,False,False,False,True,False,False,False,False,False,False,True,False,True,False,True,False,False,True,False
59,0,980,1,2,3,74,4,4,3,13273,13404,3,13,4,4,1,19,6,2,15,3,7,8,3.0,14,0.75,False,True,False,True,True,False,False,False,False,True,False,False,False,False,False,False,True,False,True,False,False,False,False,True,False,False,True
35,0,202,7,5,4,83,2,2,3,6094,14812,1,14,3,1,2,14,6,2,14,4,8,3,2.5,14,0.9333333333333333,False,True,True,False,False,False,True,False,False,True,False,False,False,False,False,True,False,False,False,False,False,True,False,False,False,False,True
24,0,375,29,3,4,87,1,1,3,5368,7348,3,16,3,4,0,10,4,2,8,2,2,6,3.25,5,0.7272727272727273,False,True,True,False,True,False,False,False,False,True,False,False,False,False,False,False,False,True,False,True,False,True,False,False,False,True,False
35,0,1302,25,3,4,74,1,3,1,7342,6733,1,21,3,3,1,11,5,4,9,2,2,4,3.0,7,0.75,False,True,False,True,True,False,False,False,False,True,False,False,False,False,False,False,False,True,False,True,False,True,False,False,False,True,False
54,1,1241,10,2,1,71,3,4,2,12630,5781,1,24,3,3,3,15,2,2,11,5,5,8,2.0,14,0.6875,False,True,True,False,False,False,True,False,False,True,False,True,False,False,False,False,False,False,False,False,True,False,False,True,False,False,True
27,0,1188,6,5,1,90,3,2,2,5910,7376,0,24,3,3,0,4,0,4,1,0,0,1,2.5,2,0.2,False,True,False,True,False,False,True,False,False,False,True,False,False,False,False,False,False,False,True,False,True,True,False,False,False,False,False
58,0,582,15,1,4,47,3,5,3,19064,19293,4,16,4,1,1,14,0,3,14,10,4,5,2.75,19,0.9333333333333333,False,True,True,False,True,False,False,False,False,True,False,True,False,False,False,False,False,False,True,False,False,False,False,True,False,False,True
43,0,335,25,3,1,99,3,4,2,13138,24415,1,25,3,4,2,13,1,1,6,3,2,4,2.0,9,0.42857142857142855,False,True,False,True,True,False,False,False,False,False,False,False,False,False,True,False,False,False,False,True,False,False,False,True,False,True,False
43,0,546,17,1,2,45,1,2,2,4040,10589,1,25,3,4,0,9,5,3,1,0,0,1,2.75,2,0.1,True,False,True,False,False,False,True,False,False,True,False,False,False,False,False,False,True,False,True,False,False,True,False,False,False,False,False
31,0,354,27,4,2,87,1,3,1,7883,23234,1,23,4,1,2,6,2,4,2,2,0,1,2.0,5,0.2857142857142857,False,True,False,True,True,False,False,False,False,True,False,False,False,False,False,True,False,False,False,False,True,True,False,False,False,False,False
57,0,434,27,2,3,98,2,4,2,14625,22399,3,12,3,1,2,20,5,4,18,15,4,6,2.5,23,0.8571428571428571,False,True,True,False,False,False,False,False,True,True,False,False,False,False,True,False,False,False,True,False,False,False,False,True,False,False,True
19,0,1265,14,2,1,47,4,2,2,5100,9041,0,20,3,4,2,0,2,1,0,0,0,0,2.0,2,0.0,True,False,False,True,False,False,True,False,False,True,True,False,False,False,False,False,False,False,True,False,True,True,False,False,False,False,False
30,0,443,18,1,3,76,3,2,1,6905,6888,1,15,3,2,0,2,5,2,2,1,0,1,2.0,3,0.6666666666666666,False,True,False,False,False,False,False,False,True,False,False,False,True,False,False,False,False,False,True,False,False,True,False,False,False,False,False
35,0,394,12,4,1,89,2,3,1,8337,11568,0,23,3,1,2,7,6,3,4,1,1,3,1.5,5,0.5,False,True,False,True,True,False,False,False,False,True,False,False,False,False,False,False,False,False,False,False,False,False,True,False,True,False,False
38,0,458,2,2,2,51,3,3,1,9222,4997,0,14,3,4,3,10,2,2,3,3,0,1,2.25,6,0.2727272727272727,False,True,True,False,False,True,False,False,False,True,False,False,False,False,False,False,False,True,False,False,False,False,True,False,True,False,False
38,0,303,12,2,4,67,2,2,2,5834,25972,2,16,3,3,0,9,3,4,9,4,4,6,3.25,10,0.9,False,False,False,True,True,False,False,False,False,False,False,False,True,False,False,False,False,False,True,False,False,True,False,False,False,True,False
24,0,1309,4,5,1,86,1,1,1,2516,22310,1,14,3,2,0,3,3,3,1,0,0,1,1.75,1,0.25,False,False,False,True,True,False,False,False,False,False,False,False,False,False,False,True,False,False,True,False,False,False,False,False,False,False,False
27,0,1369,3,1,1,76,3,1,1,4000,11856,0,24,3,3,2,3,6,1,1,1,1,0,1.5,3,0.25,False,True,False,True,True,False,False,False,False,False,False,True,False,False,False,False,False,False,False,True,False,False,False,False,False,False,False
22,1,382,21,3,2,87,3,1,4,1539,14792,0,19,3,2,0,0,2,2,0,0,0,0,2.5,1,0.0,True,False,False,True,True,False,False,False,False,True,False,False,False,False,False,False,False,False,True,False,True,False,False,False,False,False,False
42,0,1226,7,1,1,49,4,3,4,7836,10249,2,17,3,1,1,10,2,1,6,2,1,3,1.75,6,0.5454545454545454,False,True,False,True,False,False,False,False,True,True,False,False,False,True,False,False,False,False,False,True,True,True,False,False,False,True,False
33,0,479,9,1,1,66,2,2,3,5003,2159,0,23,3,3,2,8,5,2,7,3,1,5,2.25,6,0.7777777777777778,False,True,True,False,False,False,True,False,False,True,False,False,False,False,True,False,False,False,True,False,False,True,False,False,False,True,False
42,0,666,5,1,2,87,1,2,3,5958,7090,1,19,4,4,0,11,6,4,2,1,1,1,3.25,4,0.16666666666666666,False,True,True,False,False,False,True,False,False,False,False,True,False,False,False,False,False,False,True,False,False,True,False,False,False,False,False
43,0,1498,5,1,1,46,4,3,1,9257,3305,2,20,3,4,1,13,0,1,9,3,3,7,1.75,9,0.6428571428571429,False,True,False,True,False,False,True,False,False,True,False,False,False,False,False,False,True,False,True,False,False,False,True,False,False,True,False
48,0,976,10,5,1,61,2,4,1,13022,12246,1,13,3,3,1,16,0,2,12,5,5,4,1.75,14,0.7058823529411765,False,True,True,False,False,False,True,False,False,False,False,False,False,False,False,False,True,False,False,True,False,False,False,True,False,False,True
41,0,1232,13,3,4,67,1,4,1,12853,12479,0,16,4,1,2,14,6,1,8,6,1,6,1.75,11,0.5333333333333333,True,False,True,False,False,False,True,False,False,True,False,False,False,False,True,False,False,False,False,True,False,False,False,True,False,True,False
45,0,703,9,5,4,87,3,3,1,8594,11149,2,18,3,1,3,11,3,2,3,2,2,1,2.0,7,0.25,False,True,False,True,False,True,False,False,False,False,False,False,False,False,False,False,True,False,False,True,False,False,True,False,True,False,False
43,0,969,15,2,2,83,1,3,1,6655,19197,0,17,4,2,3,7,3,4,5,3,1,3,2.25,7,0.625,False,True,True,False,False,False,True,False,False,True,False,False,False,False,True,False,False,False,True,False,False,True,False,False,True,False,False
46,0,485,19,4,4,60,4,3,3,9709,20394,1,16,3,1,0,19,6,4,7,5,2,4,3.0,10,0.35,False,True,False,True,False,True,False,False,False,True,False,False,False,False,False,False,True,False,False,True,False,False,True,False,False,True,False
44,0,1128,2,1,4,97,4,5,4,18731,15831,0,25,3,1,3,15,2,4,8,5,4,5,3.25,14,0.5,False,True,False,True,True,False,False,False,False,False,False,True,False,False,False,False,False,False,False,True,False,False,False,True,False,True,False
31,0,1480,16,1,2,73,2,4,3,12597,10735,1,16,4,4,1,4,3,2,1,0,0,1,2.75,4,0.2,False,True,True,False,False,False,False,True,False,True,False,False,False,False,False,False,False,True,False,False,True,False,False,True,False,False,False
28,0,320,12,1,1,73,3,2,2,4073,10782,0,19,3,2,3,7,5,2,7,5,3,1,1.75,10,0.875,False,False,False,False,True,False,False,False,False,True,False,True,False,False,False,False,False,False,False,True,False,True,False,False,False,True,False
51,0,864,12,5,1,37,2,5,2,19376,13508,4,19,4,4,2,20,5,1,5,1,2,1,2.0,8,0.23809523809523808,False,True,False,False,True,False,False,False,False,False,False,False,False,False,False,False,False,True,False,False,True,False,False,True,True,False,False
32,0,477,4,4,4,46,2,2,2,5843,20360,1,14,3,1,3,14,4,4,6,2,3,1,2.75,7,0.4,False,True,False,False,False,False,False,False,True,False,False,False,False,False,False,False,True,False,True,False,True,True,False,False,False,True,False
41,0,992,8,4,4,36,4,2,1,4578,10097,2,24,3,1,1,13,2,4,2,1,1,1,2.5,4,0.14285714285714285,False,True,True,False,True,False,False,False,False,True,False,True,False,False,False,False,False,False,True,False,False,True,False,False,False,False,False
26,0,739,17,5,3,31,3,1,2,2863,19856,0,13,3,3,1,9,4,2,4,3,1,3,2.5,5,0.4,False,False,False,True,True,False,False,False,False,False,False,False,False,True,False,False,False,False,True,False,True,False,False,False,True,False,False
36,0,672,3,2,3,97,3,2,3,4145,10048,0,23,3,2,3,5,5,3,2,1,0,0,2.75,3,0.3333333333333333,False,False,True,False,True,False,False,False,False,False,True,False,False,False,False,False,False,False,False,True,False,True,False,False,False,False,False
40,0,645,29,4,2,50,4,5,1,18690,15651,1,19,3,1,1,11,6,1,9,5,4,6,1.25,14,0.75,False,True,False,True,False,False,True,False,False,True,False,False,False,False,False,False,True,False,False,False,False,False,False,True,False,True,False
44,0,801,21,3,3,81,1,3,2,10271,8350,2,16,3,3,3,12,4,3,2,1,1,1,2.75,5,0.15384615384615385,False,True,False,True,False,False,False,False,False,True,False,False,False,False,False,True,False,False,False,False,True,False,True,False,False,False,False
40,0,390,5,3,2,67,4,2,2,8057,4334,1,15,3,4,0,13,6,1,0,0,0,0,2.25,2,0.0,False,True,False,True,False,False,False,False,True,False,False,False,False,False,False,False,False,False,True,False,True,False,True,False,False,False,False
33,0,503,8,4,2,42,1,2,1,5246,14499,2,22,3,2,2,14,5,2,10,3,3,4,1.75,8,0.6666666666666666,True,False,True,False,False,False,True,False,False,False,True,False,False,False,False,False,False,False,True,False,False,True,False,False,False,True,False
59,0,200,3,3,3,87,2,5,3,19518,19666,2,17,3,4,3,21,5,2,12,6,2,10,3.0,13,0.5454545454545454,True,False,True,False,False,False,False,True,False,True,False,False,False,False,True,False,False,False,True,False,False,False,False,True,False,False,True
40,0,701,22,1,3,72,3,4,2,14471,12778,0,19,3,2,1,8,3,4,5,4,1,3,2.75,9,0.5555555555555556,True,False,False,True,False,False,True,False,False,True,False,False,False,False,True,False,False,False,False,False,False,False,False,True,True,False,False
52,0,957,10,1,2,83,1,4,3,11935,21480,1,16,3,4,3,12,3,2,7,5,4,6,2.75,13,0.5384615384615384,False,True,True,False,False,False,False,False,True,True,False,True,False,False,False,False,False,False,False,False,True,False,True,False,False,True,False
49,0,979,13,3,1,85,2,3,4,7120,3527,3,16,3,2,0,21,4,1,2,1,0,1,2.0,4,0.09090909090909091,False,True,True,False,True,False,False,False,False,True,False,False,False,True,False,False,False,False,False,True,False,True,False,False,False,False,False
42,1,395,11,3,3,88,2,2,2,2721,3234,2,15,4,1,0,14,6,1,10,4,2,4,1.75,8,0.6666666666666666,False,True,True,False,False,False,True,False,False,True,False,False,False,False,True,False,False,False,False,False,False,False,False,False,False,True,False
56,0,1236,17,4,2,72,1,5,2,19539,25269,3,24,3,3,1,20,3,1,16,14,2,11,2.0,21,0.7619047619047619,False,True,False,True,True,False,False,False,False,True,False,False,False,False,True,False,False,False,False,False,False,False,False,True,False,False,True
23,0,683,5,3,1,41,1,2,3,7834,16202,0,24,3,2,1,3,4,1,1,0,0,0,1.75,2,0.25,False,True,True,False,True,False,False,False,False,False,False,False,False,False,False,False,False,True,True,False,True,True,False,False,False,False,False
57,0,1222,29,1,3,61,2,5,1,19999,10780,6,13,3,1,2,20,3,2,5,4,1,2,1.75,10,0.23809523809523808,False,True,False,True,False,False,True,False,False,True,False,False,False,False,False,False,False,True,False,True,False,False,False,True,True,False,False
54,0,1247,17,2,2,82,1,5,1,19053,18179,1,13,3,1,3,14,4,1,5,4,2,2,1.25,11,0.3333333333333333,False,True,True,False,True,False,False,False,False,True,False,False,False,False,True,False,False,False,False,False,False,False,False,True,True,False,False
39,0,117,19,3,2,89,4,4,1,13884,20960,1,23,3,2,0,12,4,3,10,8,1,8,2.0,13,0.7692307692307693,True,False,False,True,False,False,True,False,False,False,False,False,False,False,False,False,True,False,True,False,False,False,False,True,False,True,False
49,0,167,14,5,4,67,2,4,2,13577,24074,6,16,3,1,2,11,0,2,4,1,1,3,2.25,6,0.3333333333333333,True,False,False,True,False,False,True,False,False,False,False,False,False,False,False,True,False,False,True,False,False,False,False,True,True,False,False
40,0,849,5,3,3,33,3,3,3,9772,24681,1,14,3,1,3,10,0,1,4,2,0,1,2.0,5,0.36363636363636365,True,False,True,False,True,False,False,False,False,True,True,False,False,False,False,False,False,False,False,False,True,False,True,False,True,False,False
29,0,1273,8,4,1,100,1,2,1,5759,10879,1,14,4,3,2,4,0,3,4,2,0,3,2.0,4,0.8,True,False,False,True,False,False,True,False,False,False,False,False,False,True,False,False,False,False,True,False,False,True,False,False,True,False,False
52,0,623,7,4,3,74,3,4,3,14075,2377,2,24,3,1,3,5,5,2,4,2,2,2,2.25,8,0.6666666666666666,False,True,False,True,False,False,True,False,False,False,False,False,False,False,False,False,True,False,False,False,False,False,False,True,True,False,False
28,0,954,24,2,2,69,1,1,3,1676,12249,1,14,3,4,0,5,6,3,2,1,1,0,3.0,3,0.3333333333333333,False,True,True,False,False,False,False,False,True,False,False,True,False,False,False,False,False,False,True,False,True,False,False,False,False,False,False
31,0,950,5,5,4,63,1,1,3,3721,5165,1,21,3,4,2,4,2,3,4,2,2,1,3.5,5,0.8,False,True,False,True,True,False,False,False,False,True,False,False,False,False,False,False,False,False,False,True,False,False,False,False,True,False,False
40,0,1167,11,4,2,60,3,2,3,5320,14947,3,17,3,1,1,11,0,4,4,2,2,1,2.5,6,0.3333333333333333,False,True,True,False,False,False,False,True,False,True,False,False,False,False,False,False,False,True,False,False,False,True,False,False,True,False,False
54,0,1333,3,5,3,76,2,5,3,19476,6839,6,17,3,1,1,18,0,3,8,5,1,5,2.5,11,0.42105263157894735,False,True,True,False,False,False,False,False,True,True,False,False,False,False,False,False,False,True,True,False,False,False,False,True,False,True,False
34,0,896,17,4,3,74,4,1,2,4199,18796,3,16,3,1,2,15,3,2,8,3,4,3,2.0,8,0.5,False,True,False,True,False,False,True,False,False,False,False,False,False,False,False,False,True,False,True,False,True,True,False,False,False,True,False
39,0,1184,6,4,1,50,4,4,2,12038,24155,2,12,3,1,3,12,4,1,3,1,1,1,1.25,6,0.23076923076923078,True,False,True,False,True,False,False,False,False,False,False,True,False,False,False,False,False,False,True,False,False,False,False,True,True,False,False
19,0,943,18,1,1,57,1,1,4,2645,7087,0,12,3,2,1,3,2,1,0,0,0,0,2.0,1,0.0,True,False,False,True,False,False,True,False,False,True,False,False,False,False,False,False,True,False,False,True,False,False,False,False,False,False,False
22,0,564,22,3,3,41,3,3,2,7971,15683,2,13,3,4,1,5,4,3,2,1,1,2,3.0,5,0.3333333333333333,False,False,True,False,False,True,False,False,False,False,False,False,False,False,True,False,False,False,True,False,True,True,False,False,False,False,False
20,0,899,29,1,1,52,4,1,2,2365,25933,1,15,4,4,1,5,1,1,5,1,1,3,2.0,3,0.8333333333333334,False,False,False,True,True,False,False,False,False,True,False,False,False,False,False,False,True,False,True,False,False,False,False,False,True,False,False
21,0,1134,10,4,4,99,2,1,4,1660,9838,3,13,3,4,3,4,5,2,0,0,0,0,3.5,1,0.0,True,False,False,True,False,False,False,True,False,False,False,False,False,False,False,False,False,False,False,False,True,False,False,False,False,False,False
55,0,1352,13,4,2,47,4,5,4,18127,21812,3,15,4,4,1,19,2,1,13,6,1,9,2.75,12,0.65,False,True,True,False,False,False,False,False,True,False,False,False,False,True,False,False,False,False,False,False,False,False,False,True,False,False,True
54,0,243,11,3,1,91,3,5,4,17682,3192,1,22,4,4,1,20,6,2,14,8,4,3,2.75,17,0.6666666666666666,True,False,True,False,False,False,True,False,False,False,False,False,False,False,False,False,False,False,True,False,False,False,False,True,False,False,True
53,0,570,8,2,4,61,2,4,4,14990,17911,3,11,3,3,2,9,5,4,6,4,2,5,3.75,10,0.6,True,False,True,False,False,True,False,False,False,True,False,False,False,True,False,False,False,False,False,True,False,False,False,True,False,True,False
20,0,281,21,1,4,94,1,1,2,3453,2978,2,20,4,1,2,10,3,1,6,3,3,2,2.0,7,0.5454545454545454,True,False,True,False,False,False,True,False,False,False,False,False,True,False,False,False,False,False,True,False,False,False,False,False,False,True,False
21,0,341,8,4,1,70,2,1,4,3370,3883,2,18,4,4,0,8,6,4,8,5,1,1,3.25,7,0.8888888888888888,False,True,True,False,False,True,False,False,False,True,False,False,False,False,False,False,False,False,False,True,False,False,False,False,False,True,False
30,0,417,18,4,4,84,2,2,3,3188,16476,1,14,3,3,0,8,6,4,6,5,2,2,3.5,9,0.6666666666666666,False,True,True,False,False,True,False,False,False,False,False,False,False,False,False,False,True,False,False,False,True,False,False,False,False,True,False
42,0,1362,1,3,2,57,3,3,4,10839,23822,0,15,3,4,2,7,1,4,7,2,2,1,3.5,7,0.875,False,False,True,False,True,False,False,False,False,True,False,False,False,False,False,True,False,False,True,False,False,False,True,False,False,True,False
32,0,660,6,4,3,34,1,2,1,5010,19605,2,16,3,3,2,12,4,3,5,2,0,1,2.5,4,0.38461538461538464,False,True,True,False,True,False,False,False,False,True,False,False,False,True,False,False,False,False,False,False,False,True,False,False,True,False,False
38,0,1386,21,4,2,55,2,2,1,7594,12374,0,15,3,3,1,8,4,1,7,6,2,5,1.75,10,0.7777777777777778,False,True,True,False,True,False,False,False,False,False,False,False,False,False,False,True,False,False,True,False,False,True,False,False,False,True,False
25,0,815,11,3,1,74,4,1,1,3899,11696,0,15,3,4,1,7,2,1,5,4,1,2,1.75,6,0.625,False,True,True,False,False,False,False,False,True,True,False,False,False,False,False,False,False,True,False,True,False,False,False,False,True,False,False
49,0,128,23,1,4,46,4,4,4,13722,13828,1,17,3,3,3,11,6,4,9,6,3,1,3.75,13,0.75,False,True,True,False,True,False,False,False,False,False,False,False,False,False,False,True,False,False,False,False,False,False,False,True,False,True,False
31,0,657,11,5,3,57,3,2,2,7952,9256,2,20,3,1,0,15,4,2,4,1,1,2,2.0,4,0.25,False,True,True,False,False,False,False,False,True,True,False,False,False,False,False,False,False,True,True,False,False,True,False,False,True,False,False
20,1,1117,20,3,2,33,2,1,1,3681,2496,0,20,3,3,2,0,5,2,0,0,0,0,2.0,1,0.0,False,False,False,True,False,False,True,False,False,False,False,False,False,False,False,False,True,False,False,False,False,False,False,False,False,False,False
49,0,979,6,4,2,53,2,3,4,8226,22181,3,15,3,2,1,16,1,1,12,10,2,9,2.25,15,0.7058823529411765,True,False,True,False,True,False,False,False,False,True,False,False,False,False,False,False,False,True,False,False,False,False,True,False,False,False,True
56,0,616,18,5,4,36,2,4,4,13531,15285,2,15,3,1,1,11,6,1,9,6,4,2,2.5,14,0.75,False,False,True,False,False,False,False,False,True,True,False,False,False,False,False,False,True,False,True,False,False,False,False,True,False,True,False
18,0,275,16,2,2,47,2,2,4,6738,23650,0,22,3,2,0,1,6,3,0,0,0,0,2.75,2,0.0,False,True,True,False,False,False,True,False,False,False,False,True,False,False,False,False,False,False,True,False,False,True,False,False,False,False,False
36,0,1160,10,4,3,57,3,2,3,4856,16571,2,22,4,4,2,8,6,2,8,2,1,5,3.0,5,0.8888888888888888,False,True,True,False,True,False,False,False,False,True,False,False,False,False,False,True,False,False,True,False,False,True,False,False,False,True,False
53,0,830,20,1,1,42,4,5,3,18546,11644,4,21,3,3,0,21,3,3,10,7,4,5,2.5,16,0.45454545454545453,False,True,True,False,True,False,False,False,False,True,False,False,False,False,False,False,False,False,False,False,False,False,False,True,False,True,False
48,0,1206,22,5,4,35,4,4,3,13284,3620,4,21,3,1,2,14,6,4,3,2,2,1,3.0,8,0.2,False,True,True,False,True,False,False,False,False,False,False,False,False,False,False,False,True,False,False,False,False,False,False,True,True,False,False
54,0,482,19,1,3,39,1,4,3,13093,20727,0,14,3,2,3,22,0,1,11,10,1,5,2.25,15,0.4782608695652174,False,True,True,False,True,False,False,False,False,True,False,False,False,False,False,False,False,True,True,False,True,False,False,True,False,False,True
35,0,321,21,3,2,76,4,2,3,4667,17194,1,20,3,3,2,6,1,4,6,3,1,2,3.0,6,0.8571428571428571,True,False,False,True,True,False,False,False,False,True,False,False,False,True,False,False,False,False,True,False,False,True,False,False,False,True,False
34,0,611,16,2,3,38,1,2,1,7627,23747,0,15,3,3,0,8,4,4,1,0,0,1,2.75,2,0.1111111111111111,False,False,True,False,False,False,True,False,False,True,True,False,False,False,False,False,False,False,False,True,False,True,False,False,False,False,False
48,0,436,4,1,1,32,1,4,1,15209,8189,2,18,4,4,3,14,5,3,10,4,1,6,2.25,9,0.6666666666666666,False,True,True,False,True,False,False,False,False,True,False,False,True,False,False,False,False,False,True,False,False,False,False,True,False,True,False
24,0,812,12,3,2,80,4,1,4,3282,11572,1,19,3,3,2,6,0,2,6,3,3,2,2.75,7,0.8571428571428571,False,True,False,True,True,False,False,False,False,False,False,False,False,False,False,False,False,False,False,False,True,False,False,False,False,True,False
28,1,802,10,5,2,62,2,2,1,4843,8109,3,22,3,1,3,7,2,1,5,2,2,2,1.25,6,0.625,False,True,False,True,True,False,False,False,False,True,False,False,False,False,False,False,False,True,False,False,False,True,False,False,True,False,False
43,0,287,14,1,2,96,4,4,1,13338,6097,1,24,4,4,0,15,0,1,10,3,3,8,2.0,10,0.625,False,True,False,True,True,False,False,False,False,True,False,False,False,False,False,False,True,False,True,False,False,False,False,True,False,True,False
46,0,755,23,2,4,57,1,5,4,18560,24286,2,17,3,3,3,15,0,3,9,4,2,4,3.5,11,0.5625,False,True,True,False,False,False,False,True,False,False,False,False,False,False,False,False,False,False,True,False,False,False,False,True,False,True,False
23,0,644,19,1,2,57,1,2,4,7647,11269,0,12,3,4,2,6,0,1,2,1,1,1,2.75,4,0.2857142857142857,False,True,True,False,True,False,False,False,False,False,False,True,False,False,False,False,False,False,False,True,False,True,False,False,False,False,False
39,0,827,18,1,1,33,4,2,2,5849,2221,1,11,3,1,3,8,6,4,2,2,0,2,2.0,4,0.2222222222222222,False,True,True,False,True,False,False,False,False,True,False,False,True,False,False,False,False,False,False,True,False,True,False,False,False,False,False
33,0,1164,1,2,2,37,1,3,1,9397,3643,3,16,3,3,3,10,6,1,8,3,1,2,1.75,7,0.7272727272727273,False,True,True,False,False,False,True,False,False,False,False,False,False,False,False,False,True,False,True,False,True,False,True,False,False,True,False
39,0,738,11,3,1,89,3,3,3,8740,10554,3,17,3,1,3,17,4,4,13,7,1,8,2.25,11,0.7222222222222222,True,False,True,False,False,False,False,False,True,True,False,True,False,False,False,False,False,False,False,False,False,False,True,False,False,False,True
59,0,489,8,4,2,45,3,5,1,17937,2979,3,19,3,1,1,14,0,4,5,3,2,3,2.0,10,0.3333333333333333,False,True,True,False,False,True,False,False,False,True,False,False,False,False,False,False,False,False,True,False,False,False,False,True,True,False,False
21,0,1364,17,4,3,35,2,2,2,5623,24205,1,16,3,4,3,5,5,2,4,1,2,1,2.75,5,0.6666666666666666,False,True,True,False,False,False,False,False,True,False,False,True,False,False,False,False,False,False,False,True,True,True,False,False,True,False,False
60,0,1170,26,4,1,83,1,4,3,12709,22638,4,15,3,4,3,23,3,2,15,9,5,5,2.5,18,0.625,False,True,True,False,False,False,False,False,False,True,False,False,False,False,False,True,False,False,True,False,False,False,False,True,False,False,True
37,0,1444,14,4,1,100,4,3,4,9934,24666,3,22,3,4,3,15,5,3,7,6,3,5,3.0,12,0.4375,False,True,False,True,False,False,True,False,False,True,False,True,False,False,False,False,False,False,False,True,False,False,True,False,False,True,False
51,0,424,3,2,2,54,3,4,1,13102,23332,2,15,3,1,2,19,3,4,12,7,1,3,2.0,12,0.6,False,True,False,False,False,False,False,True,False,True,False,False,False,False,True,False,False,False,False,True,False,False,False,True,False,False,True
36,0,960,11,5,2,57,4,3,3,7814,3317,1,11,3,4,3,10,0,1,8,4,2,2,2.5,9,0.7272727272727273,True,False,True,False,True,False,False,False,False,False,False,False,False,False,False,False,True,False,False,False,False,True,False,False,False,True,False
31,0,1155,1,1,1,77,3,3,1,9476,18215,1,17,3,1,2,9,6,1,9,7,4,4,1.0,14,0.9,True,False,True,False,False,False,False,False,True,False,False,False,False,False,False,True,False,False,False,True,False,False,True,False,False,True,False
51,0,1349,21,4,2,37,3,5,2,18162,23357,1,20,3,2,1,14,6,1,5,4,3,4,1.75,12,0.3333333333333333,False,True,False,False,False,False,False,False,True,True,True,False,False,False,False,False,False,False,True,False,False,False,False,True,True,False,False
47,0,373,8,1,4,44,3,4,3,13737,23430,3,13,3,2,0,13,6,2,9,7,3,4,2.75,14,0.6428571428571429,False,True,True,False,False,False,False,False,True,False,True,False,False,False,False,False,False,False,True,False,False,False,False,True,False,True,False
24,0,454,24,4,3,91,3,2,1,2335,13539,2,11,3,4,1,0,4,3,0,0,0,0,2.75,2,0.0,False,True,False,True,False,False,True,False,False,True,False,False,False,False,False,False,True,False,False,True,False,False,False,False,False,False,False
48,0,1430,25,1,3,83,2,5,3,18613,25391,3,20,3,3,3,20,6,2,8,5,4,4,2.75,14,0.38095238095238093,False,True,True,False,False,True,False,False,False,False,False,False,False,True,False,False,False,False,False,True,False,False,False,True,False,True,False
50,0,893,28,2,1,40,4,4,4,14713,6270,3,13,3,2,0,17,0,2,8,5,2,4,2.25,11,0.4444444444444444,False,True,False,True,True,False,False,False,False,True,False,False,False,False,False,False,True,False,False,True,False,False,False,True,False,True,False
34,1,316,8,2,4,76,4,1,2,2248,19189,0,24,3,1,3,5,2,2,4,2,1,3,2.25,4,0.6666666666666666,True,False,True,False,False,False,True,False,False,True,True,False,False,False,False,False,False,False,True,False,False,False,False,False,True,False,False
57,0,371,29,4,3,97,1,4,4,14671,8736,4,16,3,2,2,20,2,1,9,5,1,7,2.5,10,0.42857142857142855,False,True,False,True,True,False,False,False,False,True,False,True,False,False,False,False,False,False,False,False,True,False,False,True,False,True,False
45,0,1498,24,1,2,45,4,4,3,13981,24798,0,24,3,2,0,18,3,1,11,9,1,4,2.0,14,0.5789473684210527,False,True,True,False,False,False,True,False,False,True,False,True,False,False,False,False,False,False,True,False,False,False,False,True,False,False,True
32,0,1357,8,2,3,45,1,2,4,6805,24415,1,12,3,3,0,11,0,1,4,2,1,3,2.75,5,0.3333333333333333,False,True,True,False,False,False,True,False,False,False,False,False,False,False,False,True,False,False,True,False,True,True,False,False,True,False,False
18,1,421,26,2,1,96,3,1,3,2118,24996,1,18,3,1,0,0,5,1,0,0,0,0,1.5,1,0.0,False,True,False,True,True,False,False,False,False,True,False,False,False,True,False,False,False,False,True,False,True,False,False,False,False,False,False
47,0,873,8,4,3,98,4,3,4,8210,3658,1,17,3,2,2,4,2,4,1,1,0,1,3.25,4,0.2,False,False,True,False,True,False,False,False,False,True,False,False,False,False,False,False,True,False,False,False,False,False,True,False,False,False,False
26,0,1094,15,5,2,67,2,1,1,1236,8929,0,15,3,3,1,6,0,4,1,0,0,1,2.5,1,0.14285714285714285,False,True,True,False,True,False,False,False,False,True,False,False,False,False,False,False,False,True,False,True,True,False,False,False,False,False,False
50,0,725,18,4,1,64,1,3,2,8390,11824,1,16,3,3,0,13,1,2,8,2,3,1,2.0,8,0.5714285714285714,False,True,True,False,False,False,True,False,False,False,False,True,False,False,False,False,False,False,False,False,True,False,True,False,False,True,False
40,1,528,17,3,1,45,4,3,2,7994,25752,0,16,3,3,0,14,0,3,4,3,1,2,2.25,7,0.26666666666666666,False,True,False,True,False,False,True,False,False,True,False,False,False,True,False,False,False,False,True,False,True,True,False,False,True,False,False
38,0,1080,6,2,2,33,4,3,4,9652,18642,2,11,3,2,2,14,4,1,10,3,2,6,2.25,8,0.6666666666666666,True,False,False,True,False,True,False,False,False,False,False,False,False,False,True,False,False,False,False,False,False,False,True,False,False,True,False
25,0,216,27,5,2,70,2,2,3,4750,26596,2,14,4,3,1,9,6,1,8,6,1,5,2.25,9,0.8,False,True,True,False,True,False,False,False,False,True,False,False,False,False,False,False,True,False,False,True,False,True,False,False,False,True,False
48,0,392,22,1,1,40,4,4,1,13492,23680,2,15,3,1,3,21,0,3,15,3,7,5,1.5,14,0.6818181818181818,False,True,True,False,False,True,False,False,False,True,False,False,False,False,False,False,True,False,False,True,False,False,False,True,False,False,True
25,0,136,29,1,4,59,1,1,4,2190,9061,2,19,4,2,3,9,0,4,8,3,4,2,3.5,8,0.8,False,True,True,False,False,False,True,False,False,False,False,True,False,False,False,False,False,False,True,False,False,False,False,False,False,True,False
35,0,1346,27,2,2,96,3,2,3,5533,6802,1,15,3,4,0,15,6,4,8,3,2,2,3.25,7,0.5,False,True,False,True,True,False,False,False,False,False,False,False,False,False,False,False,False,True,False,True,False,True,False,False,False,True,False
53,1,307,24,2,1,95,1,3,2,10886,17720,2,13,3,4,3,22,2,2,11,4,4,3,2.25,11,0.4782608695652174,True,False,True,False,True,False,False,False,False,False,False,False,False,False,False,False,True,False,True,False,False,False,True,False,False,False,True
57,0,1316,24,3,1,62,1,5,2,14803,21603,3,21,3,3,0,24,0,2,15,13,7,4,2.0,25,0.6,False,True,True,False,False,False,True,False,False,False,False,False,False,False,False,False,False,True,True,False,False,False,False,True,False,False,True
60,0,672,18,5,2,51,2,5,3,18943,7578,9,15,3,2,1,20,1,4,19,6,1,6,2.75,12,0.9047619047619048,False,True,False,True,True,False,False,False,False,False,False,True,False,False,False,False,False,False,True,False,False,False,False,True,False,False,True
59,0,248,11,4,1,99,3,5,4,19999,18808,2,11,3,4,2,15,4,1,9,3,5,2,2.5,13,0.5625,False,True,True,False,True,False,False,False,False,True,False,False,False,True,False,False,False,False,False,True,False,False,False,True,False,True,False
41,0,912,18,2,1,92,1,3,3,7883,11900,2,13,3,2,1,21,0,4,9,6,3,3,2.5,12,0.4090909090909091,False,True,True,False,True,False,False,False,False,False,False,False,False,True,False,False,False,False,True,False,False,True,False,False,False,True,False
26,0,546,6,2,1,72,3,2,4,6132,21550,0,19,3,4,2,5,2,2,4,3,1,3,2.75,6,0.6666666666666666,False,True,True,False,True,False,False,False,False,True,False,False,False,False,False,False,True,False,False,True,False,True,False,False,True,False,False
54,0,770,26,4,2,82,4,4,3,15413,17636,2,14,3,3,2,22,6,1,19,9,6,10,2.25,19,0.8260869565217391,True,False,True,False,True,False,False,False,False,False,False,False,False,False,False,True,False,False,False,False,False,False,False,True,False,False,True
52,0,1468,29,2,4,61,1,3,1,8169,19439,4,24,3,1,3,15,3,4,10,7,2,4,2.5,12,0.625,False,True,True,False,True,False,False,False,False,False,False,False,True,False,False,False,False,False,True,False,False,False,True,False,False,True,False
60,0,982,19,5,3,78,1,4,4,13217,3026,3,21,3,3,3,24,1,4,10,2,4,7,3.5,10,0.4,False,True,True,False,False,True,False,False,False,False,False,True,False,False,False,False,False,False,True,False,True,False,False,True,False,True,False
45,0,126,9,3,1,69,3,4,3,15122,23088,1,15,4,4,3,5,5,2,2,2,1,1,2.5,7,0.3333333333333333,False,True,False,True,False,False,True,False,False,True,False,False,False,True,False,False,False,False,False,False,False,False,False,True,False,False,False
24,0,235,5,3,1,43,2,2,3,6094,18192,3,25,3,4,3,3,3,1,2,1,0,0,2.25,3,0.5,True,False,False,True,False,False,True,False,False,True,True,False,False,False,False,False,False,False,True,False,False,True,False,False,False,False,False
39,0,1179,11,5,1,34,1,2,3,5425,7096,0,21,4,3,1,11,2,1,6,5,2,3,2.0,9,0.5,False,True,False,True,False,False,True,False,False,False,False,False,False,False,False,False,True,False,True,False,False,True,False,False,False,True,False
37,0,1046,24,2,1,36,4,3,1,9233,14198,0,21,3,1,3,12,1,2,10,6,5,4,1.25,14,0.7692307692307693,False,True,True,False,False,False,True,False,False,True,False,True,False,False,False,False,False,False,False,True,True,False,True,False,False,True,False
54,1,784,17,3,3,86,2,5,4,19999,9050,1,12,3,1,1,21,5,3,16,14,8,9,2.75,27,0.7272727272727273,False,True,True,False,True,False,False,False,False,True,False,False,False,False,False,True,False,False,True,False,False,False,False,True,False,False,True
34,0,1198,15,3,3,91,1,2,4,5436,5176,0,14,3,4,3,5,3,3,2,1,1,1,3.5,4,0.3333333333333333,False,True,False,True,True,False,False,False,False,False,False,False,False,False,False,False,True,False,True,False,False,True,False,False,False,False,False
32,0,415,11,2,2,66,2,2,4,5867,13942,2,20,3,2,1,10,3,3,9,6,1,4,2.75,9,0.8181818181818182,False,False,False,True,True,False,False,False,False,True,True,False,False,False,False,False,False,False,False,True,False,True,False,False,False,True,False
21,0,424,16,1,2,70,3,2,3,6127,19143,2,17,3,2,2,7,5,3,1,1,0,0,2.5,3,0.125,False,True,True,False,False,False,True,False,False,False,True,False,False,False,False,False,False,False,False,False,False,True,False,False,False,False,False
53,0,670,3,2,3,95,2,4,1,13446,21650,0,23,3,3,3,25,2,1,19,7,2,7,2.0,13,0.7307692307692307,False,True,True,False,False,False,True,False,False,False,False,False,False,False,False,True,False,False,False,True,True,False,False,True,False,False,True
50,0,1208,9,1,2,98,4,4,3,15426,25566,3,20,3,4,0,18,4,1,0,0,0,0,2.5,4,0.0,False,True,True,False,True,False,False,False,False,True,True,False,False,False,False,False,False,False,True,False,False,False,False,True,False,False,False
19,0,1474,9,4,4,80,3,1,2,1763,17748,1,12,3,2,3,0,1,4,0,0,0,0,3.0,1,0.0,False,True,True,False,False,False,True,False,False,False,False,False,False,False,False,False,True,False,False,True,True,False,False,False,False,False,False
36,0,451,9,1,3,66,1,2,3,5342,2150,0,24,3,3,3,5,4,1,4,3,2,2,2.5,7,0.6666666666666666,False,True,True,False,False,False,False,True,False,False,True,False,False,False,False,False,False,False,True,False,False,True,False,False,True,False,False
38,0,965,21,2,4,61,2,2,4,6421,12009,2,25,3,3,1,17,3,3,11,5,1,2,3.5,8,0.6111111111111112,False,True,False,True,True,False,False,False,False,True,False,False,False,False,False,False,False,True,False,False,False,True,False,False,False,False,True
38,1,722,3,5,1,71,2,2,1,4232,12996,3,21,3,2,2,13,3,2,11,9,6,7,1.5,17,0.7857142857142857,False,True,True,False,False,False,True,False,False,False,False,False,False,False,False,False,True,False,False,True,False,True,False,False,False,False,True
57,0,1332,9,3,2,83,1,4,2,15046,26546,2,22,4,3,1,19,2,3,9,4,5,5,2.5,13,0.45,True,False,True,False,False,False,True,False,False,True,False,False,False,True,False,False,False,False,True,False,False,False,False,True,False,True,False
24,0,1227,13,4,4,100,1,2,2,5728,5235,0,13,3,1,3,0,0,2,0,0,0,0,2.25,2,0.0,True,False,True,False,False,False,True,False,False,True,False,False,False,False,False,False,False,True,True,False,False,True,False,False,False,False,False
31,0,343,11,4,3,77,1,1,4,4590,24109,0,22,3,2,0,4,6,1,0,0,0,0,2.5,1,0.0,False,True,True,False,False,True,False,False,False,True,False,False,False,False,False,True,False,False,False,False,False,True,False,False,False,False,False
25,0,1062,12,2,4,80,3,2,3,6235,7249,2,20,4,2,2,7,2,2,6,4,2,5,2.75,8,0.75,False,False,False,True,False,True,False,False,False,True,False,False,False,False,False,True,False,False,False,True,False,True,False,False,False,True,False
28,0,126,3,4,2,31,1,2,2,5305,18749,2,12,4,3,2,7,5,1,6,2,1,2,2.0,5,0.75,False,False,True,False,True,False,False,False,False,True,False,False,False,False,False,False,False,False,False,False,False,True,False,False,False,True,False
57,0,805,16,2,2,55,2,3,2,8778,14337,0,13,3,2,0,12,6,1,12,8,2,8,1.75,13,0.9230769230769231,False,True,True,False,False,False,True,False,False,True,False,False,False,False,False,False,True,False,True,False,False,False,True,False,False,False,True
58,0,475,4,4,4,49,1,4,2,14321,26305,3,19,3,2,3,22,3,2,16,7,1,7,2.5,12,0.6956521739130435,False,True,True,False,False,True,False,False,False,False,False,False,False,False,False,False,True,False,True,False,False,False,False,True,False,False,True
19,0,618,5,4,2,88,4,2,1,7928,9348,1,16,3,4,1,0,5,4,0,0,0,0,2.75,2,0.0,False,True,True,False,True,False,False,False,False,False,False,False,False,False,False,True,False,False,True,False,False,True,False,False,False,False,False
45,0,563,21,5,2,48,4,4,3,14102,13940,4,19,3,4,2,18,3,1,11,9,4,7,2.5,17,0.5789473684210527,False,True,True,False,False,False,False,True,False,True,False,False,True,False,False,False,False,False,True,False,True,False,False,True,False,False,True
28,0,889,13,5,2,50,3,1,4,2834,18261,1,25,3,4,3,7,0,4,2,1,0,2,3.5,2,0.25,False,True,True,False,True,False,False,False,False,True,False,False,False,False,False,True,False,False,True,False,True,False,False,False,False,False,False
26,0,1287,8,1,1,76,2,2,1,5265,6743,0,20,3,3,0,3,6,3,1,1,0,1,2.0,3,0.25,False,True,True,False,False,False,True,False,False,False,False,True,False,False,False,False,False,False,False,True,True,True,False,False,False,False,False
30,0,828,29,2,4,67,3,2,2,5727,8669,2,24,3,2,1,10,5,4,7,5,1,3,3.0,8,0.6363636363636364,False,False,True,False,False,False,True,False,False,True,False,False,False,False,False,False,True,False,True,False,False,True,False,False,False,True,False
26,0,1311,10,3,4,58,2,2,4,4139,20778,1,11,3,2,2,6,3,3,4,2,2,2,3.25,6,0.5714285714285714,False,True,True,False,False,False,True,False,False,False,False,False,False,False,False,False,True,False,True,False,False,True,False,False,True,False,False
39,0,1459,5,2,1,46,4,2,3,5041,21426,4,14,3,4,0,16,5,1,5,2,3,2,2.25,7,0.29411764705882354,True,False,False,True,False,False,False,False,True,True,False,False,False,False,False,False,False,False,True,False,False,True,False,False,True,False,False
60,0,413,2,4,2,93,3,5,1,17785,18883,5,24,3,3,2,21,4,2,15,5,4,9,2.0,14,0.6818181818181818,False,True,True,False,True,False,False,False,False,False,False,False,False,False,False,False,True,False,False,True,False,False,False,True,False,False,True
43,1,1256,24,5,3,100,1,3,1,7442,6663,2,21,3,4,2,13,5,1,7,2,3,3,2.25,8,0.5,False,True,True,False,False,False,True,False,False,False,False,False,False,False,False,False,False,False,True,False,True,True,False,False,False,True,False
49,1,405,20,2,1,34,1,4,1,14965,7440,1,16,3,4,3,14,0,1,10,6,5,3,1.75,15,0.6666666666666666,True,False,True,False,False,False,True,False,False,False,False,True,False,False,False,False,False,False,True,False,False,False,False,True,False,True,False
39,0,264,12,5,2,96,4,3,3,8532,24688,1,15,3,4,1,12,5,3,11,6,4,2,3.0,13,0.8461538461538461,False,True,True,False,False,False,False,False,True,False,False,False,False,False,False,False,False,False,True,False,False,False,True,False,False,False,True
18,0,393,7,5,4,88,3,1,4,2110,24512,1,22,3,3,3,7,1,4,0,0,0,0,3.75,1,0.0,False,True,False,False,False,False,True,False,False,False,False,True,False,False,False,False,False,False,False,False,True,False,False,False,False,False,False
21,1,678,18,5,4,92,3,1,1,2820,12059,2,11,3,2,2,1,6,3,0,0,0,0,2.5,1,0.0,False,True,True,False,False,False,False,True,False,False,False,False,False,False,True,False,False,False,True,False,True,False,False,False,False,False,False
29,1,339,19,1,4,61,2,2,3,5205,15836,1,12,3,4,2,9,6,2,6,1,3,2,3.25,6,0.6,False,True,True,False,False,False,False,False,True,False,False,False,False,False,False,False,True,False,True,False,False,True,False,False,False,True,False
28,0,922,1,2,4,58,3,2,3,5563,3475,0,23,3,1,2,3,0,3,2,2,0,1,2.75,4,0.5,False,True,True,False,True,False,False,False,False,False,True,False,False,False,False,False,False,False,False,True,False,True,False,False,False,False,False
54,0,935,5,1,3,73,2,3,4,6691,18422,2,22,3,2,3,10,4,1,10,8,4,5,2.5,15,0.9090909090909091,False,True,False,False,False,False,False,False,True,False,False,False,False,False,False,True,False,False,False,False,True,True,False,False,False,True,False
54,0,1087,22,1,2,81,3,5,3,17690,4577,1,23,3,4,2,18,2,1,14,10,4,4,2.5,19,0.7368421052631579,False,True,False,True,False,False,False,True,False,False,False,False,False,False,False,False,True,False,False,True,False,False,False,True,False,False,True
54,0,1375,4,1,4,96,2,4,4,12270,4232,3,18,3,3,1,19,1,3,10,6,1,7,3.5,11,0.5,False,True,True,False,True,False,False,False,False,False,False,False,False,True,False,False,False,False,True,False,False,False,False,True,False,True,False
45,0,349,9,3,2,48,1,4,2,12920,15367,2,15,3,3,3,13,6,4,9,3,4,3,2.75,11,0.6428571428571429,False,True,True,False,False,False,True,False,False,False,False,False,False,False,False,True,False,False,False,True,False,False,False,True,False,True,False
41,0,1471,11,1,3,98,4,4,2,13133,23254,0,16,3,3,2,7,2,3,1,1,0,0,2.75,5,0.125,False,True,True,False,True,False,False,False,False,False,False,True,False,False,False,False,False,False,False,True,True,False,False,True,False,False,False
45,0,1262,6,2,3,57,4,4,4,12759,24783,0,22,3,2,1,15,3,2,10,7,5,3,2.75,16,0.625,False,True,True,False,False,False,True,False,False,False,False,False,False,False,False,False,False,True,False,False,True,False,False,True,False,True,False
35,0,177,13,5,3,77,4,3,3,9417,12791,2,14,3,4,2,10,2,2,9,7,5,3,3.0,15,0.8181818181818182,False,True,True,False,True,False,False,False,False,False,False,False,False,False,False,False,False,True,False,True,False,False,True,False,False,True,False
46,0,982,6,5,3,87,3,3,2,10708,14928,1,11,3,2,3,11,4,2,10,4,4,6,2.25,11,0.8333333333333334,False,True,True,False,False,True,False,False,False,True,False,False,False,False,False,False,False,False,False,True,False,False,True,False,False,True,False
52,0,462,5,5,4,76,3,5,3,19991,15648,2,18,3,2,2,12,1,4,9,5,3,3,3.25,13,0.6923076923076923,True,False,True,False,True,False,False,False,False,True,True,False,False,False,False,False,False,False,False,True,False,False,False,True,False,True,False
50,0,196,3,1,1,34,4,4,2,13322,13305,0,19,3,1,3,15,2,3,12,6,6,8,1.75,16,0.75,False,True,True,False,False,False,True,False,False,True,False,True,False,False,False,False,False,False,False,False,False,False,False,True,False,False,True
44,0,1054,3,4,2,92,3,4,3,14252,20051,0,17,3,1,2,15,4,4,10,6,2,5,2.5,12,0.625,False,True,True,False,True,False,False,False,False,True,False,False,False,False,False,False,True,False,False,False,False,False,False,True,False,True,False
20,0,184,24,4,3,33,4,1,3,2920,21340,0,25,4,1,3,4,1,1,1,1,0,0,2.0,2,0.2,False,True,False,True,False,False,True,False,False,True,False,False,False,False,False,False,False,True,False,False,False,False,False,False,False,False,False
49,0,350,19,1,3,68,4,5,1,18269,13673,0,20,3,2,0,12,5,2,4,1,1,1,2.0,7,0.3076923076923077,False,False,True,False,False,False,True,False,False,False,False,False,False,False,False,True,False,False,False,False,False,False,False,True,True,False,False
33,0,1060,13,5,3,76,3,3,3,10090,7742,1,22,4,2,3,9,6,1,1,0,0,1,2.25,3,0.1,False,True,True,False,False,False,True,False,False,True,False,False,False,False,False,False,True,False,False,False,False,False,True,False,False,False,False
49,0,218,11,3,2,47,3,4,4,16409,22988,2,14,3,3,3,19,4,1,14,3,5,6,2.5,12,0.7,False,True,True,False,True,False,False,False,False,True,False,False,False,False,False,False,True,False,True,False,False,False,False,True,False,False,True
41,0,1157,29,5,4,84,4,3,3,6736,18945,1,19,3,3,0,8,2,4,5,2,2,3,3.5,7,0.5555555555555556,False,True,True,False,True,False,False,False,False,True,False,False,False,False,False,True,False,False,False,True,True,True,False,False,True,False,False
55,0,139,22,1,1,72,3,4,3,15728,12246,1,16,3,1,3,18,1,1,5,2,0,4,1.5,6,0.2631578947368421,False,True,True,False,False,False,True,False,False,True,False,False,False,False,False,True,False,False,True,False,False,False,False,True,True,False,False
32,0,535,29,4,3,57,1,2,4,4791,7530,0,16,3,3,2,12,3,3,5,1,2,1,3.25,5,0.38461538461538464,False,True,True,False,False,False,False,False,False,True,False,False,False,False,False,True,False,False,False,True,True,True,False,False,True,False,False
58,1,460,12,1,1,40,4,4,2,13685,12246,1,12,3,1,1,15,3,1,9,4,3,4,1.25,11,0.5625,False,True,False,True,True,False,False,False,False,True,False,False,False,True,False,False,False,False,True,False,False,False,False,True,False,True,False
54,0,328,6,5,3,77,1,3,3,8839,23147,3,22,3,3,0,22,1,1,13,9,7,6,2.5,19,0.5652173913043478,False,True,True,False,False,False,True,False,False,True,False,False,True,False,False,False,False,False,False,True,False,False,True,False,False,False,True
32,1,845,5,4,1,37,1,1,1,4857,10338,3,17,3,1,1,13,2,4,9,7,2,3,1.75,10,0.6428571428571429,False,True,True,False,True,False,False,False,False,False,True,False,False,False,False,False,False,False,False,True,False,True,False,False,False,True,False
38,0,409,5,1,1,94,2,4,1,14337,24043,0,25,3,1,2,10,6,2,6,3,2,3,1.25,9,0.5454545454545454,False,True,False,True,False,False,True,False,False,True,False,False,False,False,False,False,True,False,True,False,False,False,False,True,False,True,False
40,0,312,7,2,2,38,1,3,3,8995,8235,1,19,3,4,2,10,1,2,2,1,1,1,2.75,5,0.18181818181818182,True,False,False,True,True,False,False,False,False,False,False,False,False,False,False,False,True,False,False,True,False,False,True,False,False,False,False
51,0,649,12,2,1,37,1,5,1,19999,6939,3,13,3,1,0,20,1,1,10,7,3,6,1.0,15,0.47619047619047616,False,True,True,False,False,False,True,False,False,True,False,False,False,True,False,False,False,False,False,True,True,False,False,True,False,True,False
47,0,795,13,1,2,44,1,4,4,15213,3719,0,21,3,4,1,14,2,3,8,4,1,5,3.25,9,0.5333333333333333,False,False,True,False,True,False,False,False,False,True,False,False,False,False,False,False,True,False,False,True,True,False,False,True,False,True,False
54,0,984,9,1,3,88,3,4,4,14613,5669,0,11,3,2,0,9,6,4,9,3,1,2,3.25,8,0.9,True,False,True,False,True,False,False,False,False,False,False,False,False,False,False,True,False,False,True,False,False,False,False,True,False,True,False
33,0,221,8,5,1,90,4,1,4,4221,8587,0,22,3,4,1,8,2,2,3,2,0,1,2.75,3,0.3333333333333333,True,False,False,True,True,False,False,False,False,True,False,False,False,False,False,False,False,False,False,True,True,True,False,False,True,False,False
39,0,364,4,5,3,71,2,3,1,7783,20108,4,16,3,1,3,13,2,4,7,6,2,5,2.25,11,0.5,True,False,True,False,True,False,False,False,False,False,False,False,False,False,False,False,False,True,False,True,False,True,False,False,False,True,False
36,1,172,29,3,2,86,2,4,2,11919,15276,0,11,3,2,3,12,2,2,8,4,3,4,2.0,11,0.6153846153846154,False,True,True,False,False,False,True,False,False,True,False,False,False,False,False,False,True,False,False,True,False,False,True,False,False,True,False
57,0,1207,3,5,4,59,3,5,3,19999,18353,6,18,3,4,3,16,6,3,8,7,3,5,3.5,15,0.47058823529411764,False,True,True,False,False,False,False,True,False,True,False,False,False,False,False,False,False,False,True,False,True,False,False,True,False,True,False
31,0,883,29,4,3,100,3,2,1,4255,4532,1,18,3,1,0,6,2,4,3,1,1,2,2.25,4,0.42857142857142855,False,True,True,False,False,False,True,False,False,True,False,False,False,False,False,False,False,False,False,True,False,True,False,False,True,False,False
43,0,449,9,1,2,33,4,2,4,4859,17576,3,14,3,2,2,16,2,4,6,2,0,3,3.0,4,0.35294117647058826,False,True,False,True,False,False,False,False,True,True,False,False,False,False,True,False,False,False,False,True,True,True,False,False,False,True,False
23,1,845,9,4,4,73,3,1,4,2602,18271,1,12,3,1,1,4,2,3,4,1,0,1,3.0,2,0.8,False,True,True,False,False,False,True,False,False,False,False,False,False,False,False,True,False,False,False,False,False,False,False,False,True,False,False
54,0,1232,6,1,1,57,4,4,4,13395,14780,3,20,4,2,1,12,6,2,12,9,5,7,2.25,18,0.9230769230769231,False,True,False,True,True,False,False,False,False,False,False,False,True,False,False,False,False,False,False,False,False,False,False,True,False,False,True
34,0,1165,18,5,3,55,4,3,2,7629,17990,2,17,4,4,3,13,4,2,6,3,3,3,2.75,9,0.42857142857142855,False,True,True,False,True,False,False,False,False,True,False,False,True,False,False,False,False,False,False,True,False,True,False,False,False,True,False
32,1,1392,5,2,1,86,2,3,1,9056,5308,2,15,4,3,3,7,4,4,4,2,2,1,2.25,7,0.5,False,False,False,True,True,False,False,False,False,False,False,False,False,False,False,True,False,False,False,True,True,False,True,False,True,False,False
43,1,423,12,1,2,84,4,3,4,9069,14430,0,19,3,2,2,17,1,2,2,2,1,1,2.5,6,0.1111111111111111,False,True,True,False,True,False,False,False,False,True,False,False,False,False,False,False,False,False,False,True,True,False,True,False,False,False,False
39,0,331,16,2,2,68,4,3,3,9244,20012,0,25,3,3,3,6,0,2,1,1,1,0,2.5,5,0.14285714285714285,False,True,False,True,False,False,False,False,True,False,False,False,False,False,False,False,False,False,True,False,True,False,True,False,False,False,False
54,0,1169,1,4,3,91,1,5,4,19669,5538,1,24,3,2,1,17,0,4,9,3,5,5,3.25,13,0.5,False,True,True,False,False,False,True,False,False,False,False,False,False,False,False,True,False,False,False,True,False,False,False,True,False,True,False
40,0,1384,7,5,2,42,4,2,2,5000,6136,0,14,3,1,0,13,2,4,11,8,4,2,2.25,14,0.7857142857142857,False,True,True,False,False,False,True,False,False,True,False,True,False,False,False,False,False,False,False,False,False,True,False,False,False,False,True
40,0,346,29,3,3,35,3,3,1,7998,20737,4,16,3,3,3,11,5,2,3,1,1,2,2.25,5,0.25,True,False,True,False,False,False,True,False,False,True,False,True,False,False,False,False,False,False,False,False,False,True,False,False,True,False,False
22,0,1087,7,1,1,46,4,2,4,6843,15613,1,23,3,3,0,0,5,4,0,0,0,0,3.0,2,0.0,False,True,False,True,True,False,False,False,False,False,False,False,False,False,False,False,False,True,True,False,False,True,False,False,False,False,False
18,1,904,6,5,1,36,3,1,1,2374,7657,2,12,3,1,1,0,5,4,0,0,0,0,1.75,1,0.0,False,True,False,True,False,False,True,False,False,True,False,False,False,False,False,False,True,False,False,True,False,False,False,False,False,False,False
35,0,1341,8,4,1,90,1,2,3,4850,10726,3,25,4,1,3,14,4,2,2,1,1,1,1.75,4,0.13333333333333333,False,True,True,False,True,False,False,False,False,True,False,True,False,False,False,False,False,False,False,False,False,True,False,False,False,False,False
60,0,371,29,3,2,66,2,4,2,15115,24026,2,17,4,3,3,21,3,2,13,5,2,6,2.25,11,0.5909090909090909,False,True,True,False,True,False,False,False,False,False,False,False,False,False,False,False,True,False,True,False,True,False,False,True,False,False,True
57,0,586,29,3,2,60,3,5,3,18978,10353,0,18,3,2,0,23,2,1,14,8,2,11,2.0,15,0.5833333333333334,False,True,True,False,True,False,False,False,False,True,False,False,False,False,False,False,False,False,False,False,False,False,False,True,False,False,True
45,0,969,11,5,4,65,4,5,2,18394,11031,2,25,3,4,3,17,5,1,9,3,5,6,2.75,13,0.5,False,False,False,False,True,False,False,False,False,True,False,False,True,False,False,False,False,False,False,True,True,False,False,True,False,True,False
45,0,1308,23,2,2,36,1,4,1,13405,22821,5,13,4,2,2,16,1,1,7,3,1,3,1.5,8,0.4117647058823529,False,True,True,False,False,False,True,False,False,False,False,True,False,False,False,False,False,False,True,False,True,False,False,True,False,True,False
34,0,1254,11,1,3,76,1,2,3,6849,7165,0,13,3,2,0,8,0,1,6,3,3,4,2.25,8,0.6666666666666666,False,True,False,False,True,False,False,False,False,True,False,False,False,True,False,False,False,False,False,False,False,True,False,False,False,True,False
25,0,768,12,1,4,99,1,1,1,3703,13456,1,24,3,3,2,6,5,2,5,2,3,3,2.5,6,0.7142857142857143,False,True,False,True,True,False,False,False,False,False,False,False,False,False,False,True,False,False,False,False,False,False,False,False,True,False,False
18,0,619,15,4,3,40,3,1,1,3284,9861,1,21,3,4,1,7,3,4,2,0,1,1,3.0,2,0.25,False,True,True,False,False,False,False,False,True,False,False,False,False,False,False,True,False,False,True,False,True,False,False,False,False,False,False
32,1,366,20,5,4,47,1,2,2,4100,14383,0,17,3,3,2,8,4,1,3,2,0,2,2.5,4,0.3333333333333333,False,False,True,False,False,False,False,True,False,True,False,False,True,False,False,False,False,False,True,False,True,True,False,False,True,False,False
31,0,663,8,4,3,85,4,2,2,5789,8659,1,12,3,3,0,14,6,2,14,7,7,12,2.5,16,0.9333333333333333,False,True,True,False,False,False,True,False,False,True,False,False,False,False,False,False,True,False,True,False,True,True,False,False,False,False,True
26,0,1494,5,4,1,86,3,2,3,5245,24413,1,19,3,4,0,0,4,2,0,0,0,0,2.5,2,0.0,False,True,False,False,False,False,True,False,False,True,False,False,False,False,False,False,False,True,True,False,False,True,False,False,False,False,False
29,0,419,16,2,2,49,4,2,2,4405,5495,0,22,3,4,2,1,5,3,1,1,0,0,2.75,3,0.5,False,True,True,False,False,True,False,False,False,False,False,False,False,False,False,False,False,False,False,False,True,True,False,False,False,False,False
19,1,1426,4,3,4,30,1,1,3,2278,16002,1,11,3,3,2,5,3,3,0,0,0,0,3.25,1,0.0,False,True,True,False,True,False,False,False,False,True,False,False,False,False,True,False,False,False,True,False,False,False,False,False,False,False,False
44,0,492,10,1,1,81,2,3,2,9335,17882,0,14,3,2,0,10,2,3,3,1,0,2,2.0,4,0.2727272727272727,False,True,True,False,False,False,True,False,False,True,False,False,False,False,False,True,False,False,False,True,False,False,True,False,True,False,False
57,0,276,10,2,2,48,2,4,4,15491,22050,4,16,3,1,2,26,2,1,6,5,2,3,2.0,11,0.2222222222222222,False,True,False,True,True,False,False,False,False,True,False,True,False,False,False,False,False,False,False,True,False,False,False,True,False,True,False
47,0,1104,2,4,3,87,4,3,1,7231,4531,4,15,3,3,1,19,6,2,17,5,9,8,2.25,17,0.85,True,False,True,False,True,False,False,False,False,True,False,False,False,False,False,False,True,False,True,False,False,True,False,False,False,False,True
37,0,739,5,5,4,53,3,3,1,7382,23583,2,19,3,3,3,16,2,4,13,11,4,7,3.0,18,0.7647058823529411,False,True,True,False,False,False,False,True,False,False,True,False,False,False,False,False,False,False,False,False,False,True,False,False,False,False,True
36,0,1124,11,5,4,99,2,1,4,3833,8308,2,25,3,2,2,13,6,4,4,3,2,2,3.5,6,0.2857142857142857,False,True,True,False,False,True,False,False,False,True,False,False,False,False,False,False,False,False,False,True,False,False,False,False,True,False,False
31,0,1479,1,5,3,91,2,3,2,8009,19407,1,21,3,2,1,4,0,1,0,0,0,0,2.0,3,0.0,True,False,True,False,False,False,False,True,False,False,False,False,False,False,False,False,False,False,True,False,False,False,True,False,False,False,False
24,0,308,22,1,1,34,2,2,3,6163,3403,0,18,3,2,0,0,2,3,0,0,0,0,2.25,2,0.0,False,True,False,True,False,True,False,False,False,True,False,False,True,False,False,False,False,False,False,False,False,True,False,False,False,False,False
43,0,868,5,5,1,83,2,4,3,13493,5681,4,25,3,3,3,18,6,1,9,4,4,4,2.0,12,0.47368421052631576,False,True,False,True,False,False,True,False,False,True,False,False,False,False,False,True,False,False,True,False,False,False,False,True,False,True,False
42,0,473,18,2,3,81,3,4,4,14692,15312,1,23,3,4,2,7,4,3,6,5,1,3,3.5,10,0.75,False,True,False,True,False,True,False,False,False,False,False,False,False,False,False,False,False,False,False,True,False,False,False,True,False,True,False
18,0,796,7,4,1,51,4,1,3,1352,5064,2,19,3,2,0,7,2,1,4,1,2,2,1.75,4,0.5,False,True,True,False,False,False,True,False,False,True,False,False,False,False,False,False,False,True,True,False,False,False,False,False,True,False,False
35,0,460,11,5,3,95,2,2,1,6159,13218,3,11,3,3,0,11,1,4,10,7,5,5,2.75,14,0.8333333333333334,True,False,False,True,False,False,True,False,False,False,False,False,False,False,False,False,True,False,True,False,False,True,False,False,False,True,False
29,0,374,20,5,4,85,4,1,3,1009,12908,2,15,3,2,0,6,3,4,5,4,1,1,3.25,6,0.7142857142857143,False,True,True,False,True,False,False,False,False,True,True,False,False,False,False,False,False,False,False,True,False,False,False,False,True,False,False
25,0,827,7,4,1,48,2,1,2,4110,13903,0,24,3,2,2,6,6,1,6,4,3,4,1.5,8,0.8571428571428571,False,True,True,False,False,False,True,False,False,True,True,False,False,False,False,False,False,False,True,False,False,True,False,False,False,True,False
48,0,688,29,2,4,87,4,4,2,13959,3667,5,19,3,3,3,17,2,2,16,4,3,11,2.75,11,0.8888888888888888,False,True,True,False,True,False,False,False,False,False,True,False,False,False,False,False,False,False,True,False,False,False,False,True,False,False,True
40,0,1173,29,3,1,80,1,3,3,9029,20348,1,24,3,3,2,11,3,1,11,8,1,5,2.0,12,0.9166666666666666,False,True,False,True,False,False,True,False,False,True,False,False,False,False,False,False,False,True,True,False,False,False,True,False,False,False,True
45,0,797,5,4,2,66,3,4,1,14285,9583,2,12,3,3,0,19,2,1,18,13,3,14,1.75,20,0.9,False,True,True,False,True,False,False,False,False,True,False,False,False,False,False,True,False,False,True,False,False,False,False,True,False,False,True
48,0,945,6,3,2,93,4,2,1,3453,19932,1,13,3,2,0,20,6,4,9,2,3,8,2.25,7,0.42857142857142855,True,False,False,True,False,False,True,False,False,False,False,False,False,True,False,False,False,False,False,True,False,False,False,False,False,True,False
60,1,1099,9,3,3,66,2,5,3,19999,7285,2,13,3,4,0,21,4,1,8,7,1,6,2.75,13,0.36363636363636365,False,True,True,False,True,False,False,False,False,True,False,False,False,False,False,False,True,False,False,True,True,False,False,True,False,True,False
52,1,178,27,3,2,49,3,5,1,19401,7299,3,12,3,4,0,15,4,1,4,1,1,3,2.0,7,0.25,False,True,False,True,True,False,False,False,False,False,False,False,True,False,False,False,False,False,False,True,False,False,False,True,True,False,False
44,0,730,4,3,3,66,1,3,4,9408,3056,4,16,3,3,0,18,4,2,11,10,6,5,3.0,19,0.5789473684210527,False,False,False,True,False,False,True,False,False,True,False,False,False,False,False,False,True,False,False,True,True,False,True,False,False,False,True
55,0,834,4,1,1,64,4,4,3,13041,23385,2,25,3,4,0,11,2,2,9,2,3,7,2.5,9,0.75,False,True,False,True,True,False,False,False,False,False,False,False,False,False,True,False,False,False,True,False,True,False,False,True,False,True,False
38,1,989,3,5,4,41,2,2,4,5789,12034,2,11,3,2,2,12,5,4,2,1,1,2,3.5,4,0.15384615384615385,False,True,True,False,False,False,False,True,False,True,False,False,False,False,False,True,False,False,False,True,True,True,False,False,False,False,False
60,0,157,3,1,4,70,2,3,2,6928,5444,3,25,3,3,2,23,4,2,21,14,3,12,2.75,20,0.875,False,True,False,True,False,False,True,False,False,True,False,False,False,False,False,False,True,False,True,False,False,True,False,False,False,False,True
50,0,243,5,5,2,87,4,3,3,8679,8297,4,12,3,1,3,13,0,3,10,3,1,3,2.25,7,0.7142857142857143,False,True,True,False,True,False,False,False,False,False,False,False,False,False,False,False,True,False,False,True,False,False,True,False,False,True,False
45,0,1288,12,1,4,92,4,4,1,12873,5511,5,11,3,4,0,17,2,1,13,4,6,3,2.5,14,0.7222222222222222,False,True,True,False,True,False,False,False,False,False,False,False,True,False,False,False,False,False,False,True,False,False,False,True,False,False,True
56,0,1169,29,3,1,80,1,4,3,19999,4633,3,11,3,1,3,19,6,2,12,2,3,6,1.75,9,0.6,False,True,True,False,False,False,False,False,True,True,False,False,False,False,False,False,True,False,False,True,False,False,False,True,False,False,True
40,0,689,3,3,3,64,4,3,2,9226,3911,3,22,4,3,1,9,1,1,5,4,1,3,2.25,8,0.5,False,True,False,True,False,False,True,False,False,True,False,False,False,False,False,False,True,False,True,False,False,False,True,False,True,False,False
48,0,106,12,3,2,90,1,2,4,7097,20282,2,13,3,1,0,18,6,2,10,2,5,5,2.25,9,0.5263157894736842,False,True,False,True,True,False,False,False,False,True,False,False,False,False,False,False,True,False,True,False,True,True,False,False,False,True,False
30,0,463,16,3,3,96,4,1,2,2700,16612,0,12,3,3,0,3,5,2,2,1,0,1,2.5,2,0.5,False,True,True,False,True,False,False,False,False,False,False,False,False,False,False,True,False,False,False,False,False,False,False,False,False,False,False
59,0,999,9,5,3,87,4,5,4,19479,24821,3,23,3,2,1,23,6,1,17,10,5,12,2.5,20,0.7083333333333334,True,False,False,True,False,True,False,False,False,False,True,False,False,False,False,False,False,False,False,True,False,False,False,True,False,False,True
44,0,1052,13,1,1,86,3,4,4,15086,26375,2,20,3,4,0,6,5,3,0,0,0,0,3.0,4,0.0,False,True,True,False,False,False,False,False,False,True,False,True,False,False,False,False,False,False,True,False,True,False,False,True,False,False,False
51,0,1256,8,5,2,85,3,3,1,7213,17554,4,16,3,1,1,17,0,3,11,5,1,3,1.75,9,0.6111111111111112,True,False,True,False,True,False,False,False,False,True,False,False,False,False,False,True,False,False,True,False,False,True,False,False,False,False,True
37,0,873,6,4,2,64,2,2,1,4693,15509,0,22,3,4,2,10,1,3,10,4,4,6,2.5,10,0.9090909090909091,False,True,True,False,True,False,False,False,False,True,False,False,False,False,False,False,True,False,False,True,False,True,False,False,False,True,False
55,0,1173,8,4,4,85,2,4,2,15167,25238,1,24,3,3,3,16,3,2,12,10,3,4,2.75,17,0.7058823529411765,False,True,False,True,True,False,False,False,False,True,False,False,False,False,False,False,True,False,False,True,False,False,False,True,False,False,True
21,0,431,24,1,1,57,3,1,3,2738,25583,1,19,3,4,0,4,2,3,4,3,1,3,2.75,5,0.8,False,True,True,False,True,False,False,False,False,True,False,False,False,False,False,True,False,False,False,True,False,False,False,False,True,False,False
22,0,307,18,1,4,97,4,1,4,2103,6239,1,24,3,2,2,3,6,3,3,3,1,2,3.25,5,0.75,False,True,False,True,False,True,False,False,False,False,False,False,False,False,False,False,True,False,False,True,False,False,False,False,True,False,False
39,0,570,10,2,1,92,2,3,2,7743,16993,2,16,3,3,0,15,5,2,3,2,1,1,2.0,6,0.1875,False,True,True,False,False,False,False,True,False,False,False,False,False,False,False,False,True,False,False,False,True,True,False,False,True,False,False
49,0,1281,3,2,1,72,3,4,4,12533,21223,1,23,3,1,1,17,5,1,15,12,6,8,1.75,22,0.8333333333333334,False,True,False,True,False,False,False,True,False,True,False,False,False,False,False,False,True,False,True,False,False,False,False,True,False,False,True
52,0,1340,2,4,1,81,3,5,3,16649,23815,3,20,3,3,2,18,6,3,6,5,3,4,2.5,13,0.3157894736842105,False,True,False,False,False,True,False,False,False,True,False,False,False,False,False,True,False,False,True,False,False,False,False,True,False,True,False
36,0,212,8,5,4,88,4,3,3,6465,12270,1,14,3,2,1,11,0,1,2,1,1,2,2.5,5,0.16666666666666666,False,True,True,False,True,False,False,False,False,False,False,False,True,False,False,False,False,False,True,False,False,True,False,False,False,False,False
45,1,375,17,3,3,70,4,2,4,5555,17966,4,20,3,3,1,12,4,2,9,8,2,5,3.0,12,0.6923076923076923,False,True,False,True,False,False,False,True,False,False,False,False,False,False,False,False,True,False,True,False,True,True,False,False,False,True,False
41,1,194,16,4,3,86,2,3,2,9306,14285,1,16,4,4,1,11,6,3,8,2,4,7,3.0,9,0.6666666666666666,False,True,False,True,True,False,False,False,False,True,False,False,False,False,False,False,False,False,True,False,True,False,True,False,False,True,False
59,0,1169,14,1,3,82,4,5,3,19999,17762,5,12,4,2,1,21,6,3,16,4,7,8,2.75,16,0.7272727272727273,False,True,True,False,True,False,False,False,False,True,False,False,False,False,False,False,False,False,False,True,False,False,False,True,False,False,True
46,0,1251,3,4,3,49,2,3,4,8450,18637,3,18,3,2,2,13,5,3,8,4,1,1,3.0,8,0.5714285714285714,False,True,False,True,False,False,True,False,False,False,False,False,False,False,True,False,False,False,True,False,True,False,True,False,False,True,False
35,1,1397,21,1,2,40,1,2,4,3964,16624,2,11,3,3,1,13,5,2,7,4,1,4,2.75,7,0.5,False,True,False,True,True,False,False,False,False,True,False,False,False,False,False,False,True,False,False,True,False,False,False,False,False,True,False
59,1,356,13,4,1,70,1,4,1,13966,21608,3,17,3,4,2,20,5,2,16,8,3,11,2.0,15,0.7619047619047619,False,True,True,False,False,True,False,False,False,False,False,False,False,False,False,False,False,True,False,True,False,False,False,True,False,False,True
22,0,826,5,2,2,30,1,1,4,3844,3916,1,24,3,2,3,5,0,1,0,0,0,0,2.25,1,0.0,False,True,True,False,False,False,False,True,False,True,False,False,False,False,True,False,False,False,False,True,False,False,False,False,False,False,False
60,0,726,22,3,2,81,2,5,1,19999,3583,1,12,4,4,2,15,2,4,7,4,2,2,2.75,11,0.4375,False,True,False,True,False,True,False,False,False,False,True,False,False,False,False,False,False,False,True,False,False,False,False,True,False,True,False
24,0,1466,4,2,2,78,2,2,4,6620,22862,1,21,3,2,3,8,6,1,5,4,1,2,2.25,7,0.5555555555555556,False,True,True,False,False,True,False,False,False,False,False,False,False,False,False,False,False,True,True,False,False,True,False,False,True,False,False
30,0,1410,14,3,4,37,1,1,3,3687,11761,0,14,3,4,1,5,4,4,5,2,3,3,3.75,6,0.8333333333333334,False,True,False,True,True,False,False,False,False,True,False,False,False,False,False,False,True,False,True,False,False,False,False,False,True,False,False
53,0,1271,6,5,1,51,1,5,4,19114,11685,0,19,4,3,1,14,1,3,12,5,3,9,2.75,13,0.8,False,False,False,False,True,False,False,False,False,False,True,False,False,False,False,False,False,False,False,True,False,False,False,True,False,False,True
49,0,393,9,5,3,67,1,4,3,14884,21145,3,20,3,3,0,21,5,4,16,11,2,10,3.25,17,0.7272727272727273,False,True,False,True,False,True,False,False,False,True,False,False,False,False,False,False,False,True,False,False,False,False,False,True,False,False,True
59,0,568,16,2,1,81,4,4,1,12578,15718,1,22,4,3,2,22,0,4,15,10,8,5,2.25,22,0.6521739130434783,True,False,True,False,False,False,True,False,False,False,False,False,False,False,False,False,True,False,False,True,True,False,False,True,False,False,True
50,1,1192,12,2,3,30,2,3,2,6090,15416,1,21,3,4,2,19,2,2,9,7,3,7,2.75,13,0.45,False,True,True,False,False,False,False,False,True,True,False,False,False,False,False,False,True,False,False,False,True,True,False,False,False,True,False
45,0,952,10,3,3,69,3,4,3,16512,25356,3,14,3,4,2,15,5,2,11,5,1,7,3.0,10,0.6875,False,True,False,True,True,False,False,False,False,True,True,False,False,False,False,False,False,False,True,False,True,False,False,True,False,False,True
32,0,918,5,4,1,47,2,2,3,5444,10603,0,16,4,2,2,7,5,4,6,1,1,5,2.5,4,0.75,False,True,False,True,True,False,False,False,False,True,False,False,False,False,False,False,True,False,True,False,True,True,False,False,False,True,False
18,0,207,6,1,2,58,2,1,3,3641,8656,2,19,3,3,2,1,3,4,0,0,0,0,3.0,1,0.0,False,True,True,False,True,False,False,False,False,False,False,False,False,False,False,False,False,True,True,False,False,False,False,False,False,False,False
23,1,668,6,4,2,64,1,2,3,2138,3103,1,15,3,3,0,6,1,3,6,1,2,1,2.75,5,0.8571428571428571,False,True,True,False,False,False,True,False,False,False,False,True,False,False,False,False,False,False,True,False,True,False,False,False,False,True,False
30,0,1464,23,5,2,44,1,2,3,7354,25582,4,23,3,3,0,11,3,4,4,3,1,3,3.0,6,0.3333333333333333,True,False,True,False,False,True,False,False,False,False,False,False,True,False,False,False,False,False,True,False,False,True,False,False,True,False,False
19,1,743,29,5,2,51,1,1,1,4387,2277,0,19,3,1,2,2,1,3,2,1,1,1,1.75,3,0.6666666666666666,False,True,True,False,False,False,False,True,False,True,False,False,False,False,False,False,True,False,False,True,True,True,False,False,False,False,False
39,0,1336,5,3,2,59,3,3,1,6621,12467,1,21,3,2,0,18,6,1,14,7,5,12,1.5,15,0.7368421052631579,False,True,True,False,True,False,False,False,False,False,False,False,True,False,False,False,False,False,False,False,False,True,False,False,False,False,True
51,0,675,29,2,3,84,2,4,2,13619,12681,2,20,3,1,3,16,6,3,9,7,4,3,2.25,15,0.5294117647058824,False,True,True,False,False,False,True,False,False,False,False,True,False,False,False,False,False,False,False,True,True,False,False,True,False,True,False
59,0,1286,5,2,1,50,4,4,1,14319,25171,3,16,4,1,1,15,5,2,8,4,3,6,1.25,11,0.5,False,True,True,False,True,False,False,False,False,False,True,False,False,False,False,False,False,False,True,False,False,False,False,True,False,True,False
39,0,1257,14,4,4,75,1,3,3,6983,14137,1,21,3,4,2,5,2,1,4,1,2,1,3.0,6,0.6666666666666666,True,False,True,False,True,False,False,False,False,False,False,False,False,False,False,False,True,False,True,False,False,True,False,False,True,False,False
55,0,970,4,3,4,55,4,3,4,9087,2270,1,20,3,3,2,12,1,3,6,4,1,1,3.5,8,0.46153846153846156,False,True,True,False,True,False,False,False,False,False,False,False,False,False,False,False,True,False,False,False,False,False,True,False,False,True,False
60,0,1239,25,1,2,48,1,5,4,19999,7802,2,23,3,3,2,19,0,3,16,3,5,14,3.0,13,0.8,False,True,False,True,False,False,True,False,False,False,False,False,False,False,False,False,True,False,True,False,True,False,False,True,False,False,True
54,1,168,21,4,4,37,3,4,3,14389,14814,4,16,4,2,1,17,2,3,6,2,2,2,3.0,8,0.3333333333333333,False,False,True,False,False,False,True,False,False,False,False,False,False,False,False,False,True,False,False,True,False,False,False,True,False,True,False
37,0,623,24,1,2,31,4,3,4,6621,22008,5,19,3,1,2,12,5,4,7,4,2,1,2.75,9,0.5384615384615384,False,False,False,True,True,False,False,False,False,True,True,False,False,False,False,False,False,False,True,False,False,True,False,False,False,True,False
31,1,226,8,5,1,54,1,3,3,7256,3466,1,24,4,2,0,7,2,2,1,1,0,1,2.0,4,0.125,False,True,False,True,False,False,True,False,False,False,False,False,False,False,False,False,True,False,False,True,False,True,False,False,False,False,False
60,0,1076,5,3,2,48,2,5,1,18851,20111,2,16,4,1,1,23,5,4,20,13,7,9,2.0,25,0.8333333333333334,False,True,True,False,False,True,False,False,False,False,False,False,False,False,False,False,True,False,True,False,False,False,False,True,False,False,True
28,0,510,23,2,4,83,4,1,3,2701,6418,2,23,3,3,0,6,1,2,4,2,1,2,3.0,4,0.5714285714285714,True,False,True,False,True,False,False,False,False,True,False,False,False,False,False,False,False,True,True,False,False,False,False,False,True,False,False
35,1,845,10,1,1,66,4,2,3,5225,6780,3,16,3,2,0,9,5,2,8,4,3,7,2.0,9,0.8,False,True,False,True,True,False,False,False,False,True,False,False,False,False,False,True,False,False,False,False,False,True,False,False,False,True,False
21,1,1279,10,1,2,33,1,1,3,2682,5621,1,12,3,4,0,1,0,1,1,0,0,0,2.5,1,0.5,False,True,False,True,False,False,True,False,False,False,False,False,False,False,False,True,False,False,False,True,True,False,False,False,False,False,False
52,0,1147,7,5,1,84,1,4,4,11835,6776,1,11,3,4,1,22,2,4,16,13,8,3,3.25,25,0.6956521739130435,False,True,True,False,False,True,False,False,False,True,False,False,False,False,False,False,False,False,False,True,True,False,True,False,False,False,True
45,0,1033,9,3,2,58,2,2,4,6467,17414,0,18,3,3,0,8,1,2,3,1,1,2,2.75,4,0.3333333333333333,False,False,True,False,False,True,False,False,False,True,False,True,False,False,False,False,False,False,True,False,False,True,False,False,True,False,False
21,1,171,23,5,2,72,2,1,1,3753,23633,0,17,3,4,0,4,4,1,3,3,1,2,2.0,5,0.6,False,False,False,True,True,False,False,False,False,True,False,False,False,False,False,False,False,True,False,True,True,False,False,False,True,False,False
27,0,962,7,5,4,38,2,3,1,9127,3794,2,14,3,2,1,5,1,4,5,2,2,1,2.75,7,0.8333333333333334,False,True,False,True,False,False,True,False,False,True,False,False,False,False,False,False,False,False,False,True,True,False,True,False,True,False,False
41,0,571,7,1,4,33,1,3,3,9016,24985,3,24,3,1,2,15,0,4,5,2,1,3,3.0,6,0.3125,False,True,True,False,False,False,False,False,True,True,False,False,False,False,False,True,False,False,True,False,True,False,True,False,True,False,False
41,0,1484,6,2,4,37,2,3,1,8159,7604,3,23,3,3,0,12,2,1,11,8,5,4,2.25,16,0.8461538461538461,False,True,False,False,True,False,False,False,False,False,False,False,False,True,False,False,False,False,True,False,False,False,True,False,False,False,True
52,0,571,9,5,2,63,2,3,2,7772,26614,6,20,3,1,2,17,0,3,11,5,6,2,2.0,14,0.6111111111111112,False,True,False,True,False,False,True,False,False,True,False,False,False,False,True,False,False,False,False,True,False,True,False,False,False,False,True
29,0,1148,25,3,3,92,2,1,4,1779,22233,1,22,3,4,2,6,2,4,5,3,2,2,3.75,6,0.7142857142857143,True,False,False,False,False,False,False,True,False,True,False,False,False,False,False,True,False,False,True,False,False,False,False,False,True,False,False
57,0,935,5,3,4,98,4,5,3,19999,19188,6,19,3,1,0,24,1,3,19,16,10,15,2.75,31,0.76,False,True,True,False,True,False,False,False,False,True,False,False,True,False,False,False,False,False,False,False,False,False,False,True,False,False,True
37,0,570,6,3,3,86,2,2,4,5475,14325,0,20,3,4,0,10,6,2,9,7,2,3,3.25,11,0.8181818181818182,False,True,False,True,False,False,True,False,False,True,False,True,False,False,False,False,False,False,True,False,False,True,False,False,False,True,False
53,0,392,29,4,4,94,4,5,1,17007,25228,5,14,3,3,3,24,3,3,19,11,10,6,2.75,26,0.76,False,True,True,False,False,False,False,False,True,False,False,False,False,True,False,False,False,False,False,True,True,False,False,True,False,False,True
28,0,464,6,5,4,84,1,2,3,5465,13915,0,11,3,1,1,7,3,1,5,4,2,4,2.25,8,0.625,False,True,True,False,True,False,False,False,False,True,False,False,True,False,False,False,False,False,False,True,False,True,False,False,True,False,False
19,0,844,11,5,1,82,3,1,2,1009,5792,0,19,3,3,3,2,4,4,0,0,0,0,2.5,1,0.0,True,False,True,False,False,False,True,False,False,False,False,False,False,False,False,False,True,False,False,True,False,False,False,False,False,False,False
20,0,1339,29,4,1,59,4,1,1,3298,10319,0,12,3,3,2,2,0,3,2,1,1,2,2.0,3,0.6666666666666666,False,True,True,False,False,False,True,False,False,True,False,True,False,False,False,False,False,False,True,False,True,False,False,False,False,False,False
34,0,1470,10,3,3,50,2,2,2,5672,5971,1,13,3,3,0,11,0,1,4,1,2,3,2.25,5,0.3333333333333333,True,False,True,False,False,False,False,False,True,True,False,False,False,False,False,False,True,False,True,False,True,True,False,False,True,False,False
58,0,541,29,2,1,74,3,5,4,18350,8632,3,18,3,2,2,17,1,2,15,3,5,7,2.25,13,0.8333333333333334,False,True,True,False,False,False,False,False,True,True,False,False,True,False,False,False,False,False,False,True,False,False,False,True,False,False,True
20,0,162,5,1,1,31,3,1,2,1873,3128,0,16,3,3,1,3,6,2,0,0,0,0,2.0,1,0.0,False,True,True,False,False,False,False,False,True,True,False,False,False,False,False,False,False,False,False,True,False,False,False,False,False,False,False
33,1,410,29,4,1,42,2,2,4,6175,13789,2,16,4,2,1,8,5,4,8,3,2,2,2.75,7,0.8888888888888888,False,True,False,False,True,False,False,False,False,True,False,False,False,False,False,True,False,False,False,True,False,True,False,False,False,True,False
22,0,805,9,1,1,62,3,2,1,5400,15505,1,19,3,1,0,4,6,4,2,1,1,1,1.75,4,0.4,False,True,True,False,False,True,False,False,False,True,False,False,False,False,False,False,True,False,False,True,False,True,False,False,False,False,False
58,0,663,1,4,3,74,3,5,3,16670,14787,2,23,4,3,1,21,5,2,17,5,4,5,2.75,14,0.7727272727272727,False,True,True,False,False,False,False,False,False,True,True,False,False,False,False,False,False,False,False,False,False,False,False,True,False,False,True
47,0,295,2,3,2,56,2,4,2,15445,7604,2,11,3,2,3,16,0,1,9,2,4,4,1.75,10,0.5294117647058824,False,True,True,False,False,False,True,False,False,True,False,False,False,False,False,True,False,False,False,True,False,False,False,True,False,True,False
50,0,343,8,4,4,84,2,5,2,17872,8712,2,15,4,2,0,16,1,1,12,8,4,5,2.25,17,0.7058823529411765,False,True,False,True,False,False,True,False,False,True,False,False,False,False,False,True,False,False,False,True,False,False,False,True,False,False,True
48,0,915,13,5,1,77,2,4,3,12418,16260,3,15,3,2,2,20,5,3,8,4,2,6,2.25,10,0.38095238095238093,True,False,False,True,True,False,False,False,False,False,False,False,False,False,False,False,True,False,True,False,False,False,False,True,False,True,False
46,0,474,10,3,2,48,1,4,3,15630,10212,0,14,3,3,0,16,3,2,13,11,2,5,2.5,17,0.7647058823529411,False,True,True,False,False,False,False,False,True,True,False,False,False,True,False,False,False,False,False,True,False,False,False,True,False,False,True
51,0,438,27,3,3,35,2,4,1,15271,2285,4,12,3,3,2,25,4,3,19,7,3,8,2.5,14,0.7307692307692307,False,True,True,False,True,False,False,False,False,False,False,False,False,False,False,True,False,False,False,True,True,False,False,True,False,False,True
18,0,628,16,3,2,49,2,1,3,2495,20017,0,15,3,4,3,2,1,2,0,0,0,0,2.75,1,0.0,True,False,False,True,True,False,False,False,False,True,False,False,False,False,True,False,False,False,True,False,False,False,False,False,False,False,False
55,0,1362,9,2,3,95,2,4,2,12497,15267,2,13,3,3,3,22,3,4,12,3,3,4,3.0,10,0.5217391304347826,False,True,True,False,False,False,False,False,False,True,False,False,True,False,False,False,False,False,False,True,True,False,False,True,False,False,True
49,0,1279,12,1,4,46,1,4,4,12908,6851,2,24,3,2,3,13,6,3,8,4,1,6,3.25,9,0.5714285714285714,True,False,False,True,False,False,False,False,False,True,False,False,False,False,False,False,True,False,False,True,False,False,False,True,False,True,False
49,1,546,8,1,3,82,3,4,1,13475,24232,6,16,3,4,2,20,3,4,11,3,2,7,3.0,9,0.5238095238095238,False,True,True,False,False,False,False,True,False,False,False,False,False,True,False,False,False,False,True,False,False,False,False,True,False,False,True
34,0,1174,16,4,3,78,1,3,2,9959,8471,0,16,3,2,2,6,4,1,5,4,1,2,2.0,8,0.7142857142857143,False,True,True,False,False,False,True,False,False,False,False,False,False,False,False,True,False,False,True,False,False,False,True,False,True,False,False
52,0,1440,6,5,3,98,1,5,4,19999,20172,4,21,4,1,3,18,5,2,11,3,2,6,2.5,10,0.5789473684210527,False,True,False,True,True,False,False,False,False,True,False,False,False,False,False,False,True,False,False,True,False,False,False,True,False,False,True
34,0,493,16,1,4,95,1,2,1,5699,3235,1,19,3,4,0,8,6,3,7,6,1,3,3.0,9,0.7777777777777778,True,False,True,False,False,False,True,False,False,False,False,False,False,False,False,False,False,False,False,False,True,True,False,False,False,True,False
20,1,107,10,2,4,91,3,2,1,6280,11234,0,15,4,4,0,4,1,3,4,2,2,3,3.0,6,0.8,False,True,False,True,True,False,False,False,False,False,False,False,False,False,False,False,True,False,False,True,False,True,False,False,True,False,False
57,0,425,8,4,1,52,2,5,3,18749,8308,3,15,3,2,0,18,6,2,11,8,5,5,2.0,18,0.5789473684210527,False,True,True,False,False,False,False,False,True,True,True,False,False,False,False,False,False,False,False,False,False,False,False,True,False,False,True
28,0,1264,27,4,4,60,2,2,3,4453,3793,1,11,3,1,0,3,4,3,0,0,0,0,2.75,2,0.0,False,False,False,True,False,False,True,False,False,True,False,False,False,True,False,False,False,False,False,False,False,True,False,False,False,False,False
22,1,250,29,4,1,64,1,1,3,1199,12855,0,14,3,2,0,2,5,3,0,0,0,0,2.25,1,0.0,False,True,False,False,True,False,False,False,False,False,False,False,False,False,False,False,True,False,True,False,True,False,False,False,False,False,False
44,0,467,13,4,4,77,2,4,2,14388,8198,2,16,3,2,1,19,1,3,18,8,4,8,2.75,16,0.9,True,False,True,False,True,False,False,False,False,False,True,False,False,False,False,False,False,False,False,True,False,False,False,True,False,False,True
28,0,1434,8,1,2,40,2,1,1,4080,8330,1,17,3,1,2,8,0,3,1,1,0,1,1.75,2,0.1111111111111111,False,True,False,True,True,False,False,False,False,True,False,False,False,True,False,False,False,False,False,False,False,True,False,False,False,False,False
54,1,383,9,2,3,90,2,4,2,13387,14630,0,14,3,1,3,13,0,1,6,4,2,1,1.75,10,0.42857142857142855,False,False,False,True,False,False,False,False,True,True,False,False,False,False,False,False,True,False,True,False,False,False,False,True,False,True,False
37,0,771,9,3,3,75,1,3,1,9925,23883,1,24,3,1,2,14,2,1,10,4,1,6,1.5,8,0.6666666666666666,False,False,False,True,False,False,True,False,False,True,False,True,False,False,False,False,False,False,False,True,False,False,True,False,False,True,False
18,0,1337,1,1,2,44,3,1,4,2538,8503,0,22,3,2,0,0,3,2,0,0,0,0,2.5,1,0.0,False,False,True,False,True,False,False,False,False,False,True,False,False,False,False,False,False,False,True,False,False,False,False,False,False,False,False
58,1,1285,18,2,4,33,1,5,2,19100,5991,3,17,3,1,0,22,2,1,14,12,5,4,2.0,22,0.6086956521739131,False,True,True,False,True,False,False,False,False,False,False,True,False,False,False,False,False,False,True,False,True,False,False,True,False,False,True
40,0,527,14,2,3,30,2,2,3,5235,21430,1,23,3,1,1,13,1,3,6,2,1,5,2.5,5,0.42857142857142855,True,False,True,False,True,False,False,False,False,False,False,True,False,False,False,False,False,False,False,False,False,True,False,False,False,True,False
29,0,451,12,5,2,55,3,2,2,6984,12457,1,15,4,4,2,9,5,3,4,1,1,1,2.75,4,0.4,True,False,True,False,True,False,False,False,False,True,False,True,False,False,False,False,False,False,True,False,False,True,False,False,True,False,False
47,0,917,21,2,2,51,1,4,3,14591,25384,2,21,3,1,3,21,5,1,17,8,6,13,1.75,18,0.7727272727272727,False,True,True,False,False,False,False,False,False,False,False,False,False,False,False,True,False,False,False,False,False,False,False,True,False,False,True
40,0,552,4,5,2,40,3,2,1,5430,19761,3,22,3,4,1,8,4,4,3,1,1,1,2.75,4,0.3333333333333333,False,True,True,False,False,False,True,False,False,False,False,False,False,False,False,False,True,False,True,False,False,True,False,False,True,False,False
19,0,1131,1,4,1,61,2,1,1,3092,6482,1,20,4,3,0,4,4,3,0,0,0,0,2.0,1,0.0,False,False,True,False,True,False,False,False,False,True,False,False,False,True,False,False,False,False,True,False,False,False,False,False,False,False,False
50,0,1047,8,4,4,31,3,4,2,12573,21200,1,15,3,2,0,20,5,2,16,10,3,4,2.5,17,0.7619047619047619,False,True,True,False,False,True,False,False,False,True,True,False,False,False,False,False,False,False,True,False,False,False,False,True,False,False,True
35,0,687,19,5,4,74,1,2,2,2820,2232,0,21,3,4,2,7,1,1,6,4,2,4,2.75,8,0.75,False,True,True,False,True,False,False,False,False,True,False,False,True,False,False,False,False,False,False,False,False,False,False,False,False,True,False
48,1,674,13,5,4,61,2,4,2,13362,13463,2,12,4,1,3,12,6,1,3,2,0,2,2.0,6,0.23076923076923078,False,True,False,False,True,False,False,False,False,True,False,False,False,False,False,False,True,False,False,False,False,False,False,True,True,False,False
56,0,243,10,2,4,48,2,4,2,13767,4187,2,16,3,3,0,18,6,4,9,3,1,6,3.25,8,0.47368421052631576,False,True,True,False,False,False,True,False,False,True,False,True,False,False,False,False,False,False,False,False,True,False,False,True,False,True,False
44,0,1071,29,3,3,62,1,5,3,19638,21355,3,23,4,2,0,14,2,1,11,3,3,5,2.25,11,0.7333333333333333,True,False,False,True,True,False,False,False,False,True,False,False,False,False,False,False,True,False,True,False,True,False,False,True,False,False,True
46,0,1390,29,3,4,61,3,3,2,8304,22089,0,20,4,4,0,9,2,4,8,6,1,2,3.5,10,0.8,False,True,False,True,False,False,True,False,False,False,False,False,False,False,False,True,False,False,True,False,False,False,True,False,False,True,False
28,1,1325,20,5,4,89,3,1,1,2437,25483,1,16,3,4,2,8,1,3,5,2,0,4,3.0,3,0.5555555555555556,False,True,True,False,False,False,False,False,True,True,False,False,False,False,False,False,False,False,False,True,False,False,False,False,True,False,False
28,0,1006,10,1,1,76,2,1,4,1009,3431,0,17,3,3,1,1,4,3,0,0,0,0,2.75,1,0.0,True,False,True,False,False,False,False,False,False,True,False,False,False,False,False,True,False,False,False,False,True,False,False,False,False,False,False
35,0,1118,29,3,2,46,3,3,3,9133,23195,1,17,3,1,3,14,2,4,6,3,3,3,2.5,9,0.4,False,True,True,False,True,False,False,False,False,True,False,False,False,False,True,False,False,False,False,True,False,False,True,False,False,True,False
54,0,1348,5,2,1,88,2,4,2,14253,20680,0,17,4,4,3,19,1,4,10,7,1,7,2.75,12,0.5,False,True,True,False,False,False,True,False,False,True,False,True,False,False,False,False,False,False,False,True,True,False,False,True,False,True,False
40,0,407,25,2,3,53,4,2,3,6477,23338,0,14,3,4,2,18,4,2,15,5,5,9,3.0,12,0.7894736842105263,False,True,True,False,True,False,False,False,False,True,False,False,False,False,False,False,False,False,True,False,False,True,False,False,False,False,True
32,0,1174,26,4,1,46,2,3,2,8533,12185,1,22,3,1,0,10,1,4,10,8,5,5,2.0,16,0.9090909090909091,True,False,True,False,False,False,True,False,False,False,False,False,False,False,True,False,False,False,True,False,False,False,True,False,False,True,False
51,0,246,8,2,4,81,4,4,2,15376,18355,4,12,3,1,2,15,0,1,15,6,3,9,2.0,13,0.9375,False,False,False,True,True,False,False,False,False,False,False,False,True,False,False,False,False,False,True,False,True,False,False,True,False,False,True
54,0,1183,29,4,4,86,2,5,1,18339,12705,2,22,3,4,1,15,6,4,10,9,4,2,3.25,18,0.625,False,True,True,False,False,False,True,False,False,False,True,False,False,False,False,False,False,False,False,True,True,False,False,True,False,True,False
56,0,407,4,5,2,30,3,5,4,18951,18970,1,19,3,4,3,19,0,2,16,6,2,4,3.0,13,0.8,False,True,False,True,True,False,False,False,False,False,False,False,False,False,False,False,False,True,False,True,False,False,False,True,False,False,True
30,0,926,16,4,3,96,1,2,2,5789,20293,0,17,4,2,2,7,6,3,7,5,4,5,2.5,11,0.875,False,True,True,False,False,False,False,False,False,False,False,False,False,True,False,False,False,False,False,True,False,True,False,False,False,True,False
48,0,105,24,1,4,74,1,5,3,19792,9394,3,22,3,4,3,19,4,4,5,2,0,4,3.75,7,0.25,False,True,True,False,False,False,False,False,True,False,False,False,False,False,False,True,False,False,True,False,False,False,False,True,True,False,False
43,0,110,15,1,4,59,4,2,1,6000,10064,1,25,3,2,1,9,2,2,9,7,2,5,2.25,11,0.9,False,True,True,False,True,False,False,False,False,True,False,False,False,False,False,True,False,False,False,True,False,True,False,False,False,True,False
37,0,1008,3,3,2,83,1,2,1,6073,26599,2,17,4,4,1,17,3,1,13,7,7,2,2.0,16,0.7222222222222222,False,True,True,False,False,True,False,False,False,True,False,False,False,False,True,False,False,False,True,False,False,True,False,False,False,False,True
35,0,1335,23,3,4,69,3,2,2,5823,22279,1,19,3,3,1,14,2,4,10,8,4,2,3.25,14,0.6666666666666666,False,True,True,False,True,False,False,False,False,True,False,False,False,False,False,False,True,False,False,True,True,True,False,False,False,True,False
22,0,256,29,4,1,97,2,3,1,8269,3430,0,17,3,3,3,3,2,1,3,2,0,1,1.5,5,0.75,False,True,True,False,False,True,False,False,False,False,True,False,False,False,False,False,False,False,True,False,False,False,True,False,True,False,False
29,0,1262,14,3,1,30,3,3,4,9582,4444,3,18,3,1,2,13,4,3,7,4,3,4,2.25,10,0.5,False,True,True,False,True,False,False,False,False,False,False,False,False,False,False,True,False,False,True,False,False,False,True,False,False,True,False
41,0,1156,2,1,2,67,1,4,1,11991,21852,2,16,4,4,1,9,6,2,4,1,2,1,2.25,7,0.4,True,False,True,False,True,False,False,False,False,True,False,False,True,False,False,False,False,False,True,False,True,False,True,False,True,False,False
56,1,1117,13,5,2,80,1,4,3,13245,19992,1,18,4,1,3,19,1,2,11,4,3,2,2.0,11,0.55,False,True,False,True,False,False,True,False,False,False,False,False,False,False,False,True,False,False,False,False,False,False,False,True,False,False,True
55,0,482,7,5,3,32,2,4,2,15910,7419,0,11,3,1,1,14,3,2,8,7,1,5,2.0,12,0.5333333333333333,False,True,False,True,False,False,True,False,False,False,True,False,False,False,False,False,False,False,False,True,False,False,False,True,False,True,False
26,0,1328,12,4,4,91,4,1,1,2193,24600,1,22,3,2,3,12,6,3,7,6,1,2,2.5,8,0.5384615384615384,False,True,True,False,False,False,True,False,False,True,False,False,False,False,False,False,True,False,True,False,True,False,False,False,False,True,False
47,0,953,20,4,1,54,2,3,1,8406,2526,0,12,3,4,2,9,0,1,8,2,4,4,1.75,9,0.8,True,False,False,True,False,False,True,False,False,False,False,False,False,False,False,True,False,False,True,False,False,False,True,False,False,True,False
21,0,359,4,5,2,31,3,2,2,7165,6184,0,25,3,4,0,0,0,1,0,0,0,0,2.25,2,0.0,False,True,True,False,True,False,False,False,False,False,False,False,False,False,True,False,False,False,False,True,True,True,False,False,False,False,False
47,0,1334,29,3,4,57,3,3,1,8349,15827,1,16,3,3,1,12,4,2,5,1,1,1,2.5,5,0.38461538461538464,False,True,True,False,True,False,False,False,False,True,False,False,False,False,False,True,False,False,False,False,True,False,True,False,True,False,False
32,0,495,9,1,3,89,2,2,3,4499,15912,1,21,3,4,2,12,0,4,7,2,1,3,3.5,5,0.5384615384615384,False,True,True,False,False,False,True,False,False,True,False,False,False,False,False,True,False,False,False,False,True,True,False,False,False,True,False
37,0,797,14,4,2,98,4,3,1,9938,7433,1,11,3,3,3,13,6,3,5,2,1,1,2.25,6,0.35714285714285715,False,True,False,True,False,False,True,False,False,True,True,False,False,False,False,False,False,False,True,False,False,False,True,False,True,False,False
48,0,321,8,3,2,40,3,3,1,8153,18057,5,16,3,1,2,15,0,4,3,2,1,1,2.0,6,0.1875,False,False,True,False,True,False,False,False,False,False,False,False,False,False,False,False,False,True,False,False,False,False,True,False,True,False,False
36,0,646,20,4,3,57,2,3,1,8235,23000,2,25,3,4,0,13,5,2,3,1,1,2,2.5,5,0.21428571428571427,False,True,False,True,True,False,False,False,False,True,False,False,False,False,False,False,True,False,True,False,False,False,True,False,True,False,False
52,0,1005,29,4,3,89,2,3,4,6124,5400,0,18,3,2,1,16,2,1,4,3,0,3,2.5,6,0.23529411764705882,False,True,True,False,False,False,True,False,False,False,False,False,False,True,False,False,False,False,True,False,False,True,False,False,True,False,False
40,0,1357,6,3,4,31,2,3,1,8347,21640,2,17,4,3,3,13,6,2,10,9,1,2,2.5,13,0.7142857142857143,True,False,True,False,False,False,True,False,False,True,False,False,False,False,False,True,False,False,False,True,False,False,True,False,False,True,False
60,0,714,18,2,4,68,4,4,3,14820,15623,3,15,3,3,1,26,6,1,8,3,1,2,2.75,8,0.2962962962962963,False,True,False,True,False,True,False,False,False,True,False,False,False,False,False,False,True,False,False,True,False,False,False,True,False,True,False
45,0,965,7,3,4,68,1,3,2,7983,24533,4,21,3,2,1,13,5,3,5,3,0,2,2.75,6,0.35714285714285715,False,True,False,True,False,False,True,False,False,True,False,False,False,False,False,False,False,False,False,True,True,True,False,False,True,False,False
30,0,245,19,4,1,56,1,2,2,3962,8377,1,20,3,2,3,4,4,4,2,1,0,2,2.25,3,0.4,False,True,False,True,False,False,True,False,False,False,False,False,False,False,False,False,True,False,True,False,False,False,False,False,False,False,False
51,0,435,12,4,2,52,2,4,4,13423,19164,4,18,4,2,1,18,1,2,9,3,4,6,2.5,11,0.47368421052631576,False,True,True,False,False,False,True,False,False,True,False,True,False,False,False,False,False,False,True,False,False,False,False,True,False,True,False
35,0,906,23,3,2,96,4,2,3,4762,20861,0,25,3,2,3,12,0,1,11,8,1,6,2.0,11,0.8461538461538461,False,True,True,False,True,False,False,False,False,False,False,False,False,False,False,True,False,False,False,True,False,True,False,False,False,False,True
40,0,160,15,3,3,55,3,3,3,8196,11056,1,19,4,4,0,12,1,3,12,7,2,3,3.25,12,0.9230769230769231,True,False,False,True,True,False,False,False,False,False,False,False,False,False,True,False,False,False,True,False,False,False,True,False,False,False,True
23,0,575,29,5,4,73,4,1,1,2379,16240,0,23,3,2,2,7,0,3,6,2,2,5,2.5,5,0.75,False,False,False,True,True,False,False,False,False,False,False,False,False,True,False,False,False,False,False,True,False,False,False,False,False,True,False
23,0,185,8,2,2,83,3,2,4,7497,20365,0,18,3,2,0,3,5,4,0,0,0,0,3.0,2,0.0,True,False,True,False,False,False,False,False,True,True,False,False,False,False,False,False,True,False,True,False,False,True,False,False,False,False,False
42,0,787,4,1,2,32,2,3,1,8863,12319,2,18,3,3,0,13,2,2,10,4,4,3,2.0,11,0.7142857142857143,False,True,False,True,True,False,False,False,False,False,True,False,False,False,False,False,False,False,False,True,False,False,True,False,False,True,False
26,0,469,7,4,4,88,1,1,3,1009,18544,0,19,3,1,2,6,3,2,4,1,2,2,2.5,4,0.5714285714285714,False,True,True,False,False,False,True,False,False,True,False,False,False,False,False,False,False,True,True,False,False,False,False,False,True,False,False
60,0,467,8,5,3,84,4,4,3,14086,20586,3,16,3,1,2,21,4,3,16,14,3,7,2.5,21,0.7272727272727273,False,True,True,False,False,False,True,False,False,False,False,False,False,False,False,True,False,False,True,False,False,False,False,True,False,False,True
54,0,747,11,4,2,43,3,4,4,13952,8033,2,22,3,1,0,23,4,1,22,6,1,12,2.0,11,0.9166666666666666,False,False,True,False,True,False,False,False,False,True,True,False,False,False,False,False,False,False,True,False,False,False,False,True,False,False,True
48,0,327,9,3,4,42,1,5,1,19999,20320,2,17,3,1,1,16,4,1,7,2,0,3,1.75,7,0.4117647058823529,True,False,True,False,False,False,False,False,True,True,False,False,False,False,False,True,False,False,False,True,True,False,False,True,False,True,False
49,0,1162,14,2,2,70,4,4,2,13813,16860,0,15,3,2,1,14,5,4,14,5,1,4,2.5,10,0.9333333333333333,False,True,True,False,False,False,True,False,False,False,False,False,False,False,False,True,False,False,True,False,False,False,False,True,False,False,True
43,0,731,2,3,1,95,3,2,1,5278,7335,3,15,3,1,1,15,0,1,12,5,6,7,1.0,13,0.75,False,True,True,False,True,False,False,False,False,False,False,True,False,False,False,False,False,False,False,False,False,True,False,False,False,False,True
20,0,1363,9,1,1,93,3,2,1,7736,23063,0,15,3,2,3,6,1,3,1,1,0,1,1.75,3,0.14285714285714285,True,False,False,True,False,True,False,False,False,False,False,False,False,False,False,False,True,False,False,True,True,True,False,False,False,False,False
34,0,417,9,3,1,41,2,2,4,4217,2732,2,25,3,3,3,11,5,3,3,2,1,1,2.75,5,0.25,False,False,False,True,False,False,True,False,False,True,False,False,True,False,False,False,False,False,True,False,False,True,False,False,True,False,False
39,1,188,21,2,4,72,2,3,1,9457,17228,2,15,3,2,0,13,5,2,12,5,7,6,2.25,15,0.8571428571428571,True,False,True,False,True,False,False,False,False,False,False,False,False,True,False,False,False,False,False,True,True,False,True,False,False,False,True
57,0,667,5,2,1,64,2,4,4,14077,8277,1,14,4,2,3,14,4,2,11,7,5,2,2.25,16,0.7333333333333333,False,True,False,True,False,True,False,False,False,True,True,False,False,False,False,False,False,False,False,True,False,False,False,True,False,False,True
27,0,248,5,3,4,78,1,3,4,7899,19752,0,21,3,3,0,0,6,4,0,0,0,0,3.75,3,0.0,False,True,True,False,False,False,True,False,False,True,False,False,False,False,False,True,False,False,True,False,False,True,False,False,False,False,False
39,0,636,12,5,1,67,2,2,1,4722,24074,2,23,4,3,3,15,6,4,8,4,4,6,2.25,10,0.5,False,True,True,False,True,False,False,False,False,True,False,False,False,False,False,False,True,False,False,True,True,True,False,False,False,True,False
32,0,1179,22,2,1,70,1,3,2,10130,18672,1,17,3,4,2,9,0,1,9,8,2,5,2.0,13,0.9,False,True,False,False,False,False,False,True,False,True,False,False,False,False,False,True,False,False,True,False,False,False,True,False,False,True,False
23,0,1415,1,5,2,70,3,1,4,3558,11977,1,17,3,4,2,4,3,4,2,1,0,2,3.5,2,0.4,False,False,True,False,False,False,True,False,False,True,False,False,False,False,False,False,True,False,False,False,True,False,False,False,False,False,False
22,1,741,20,3,1,31,1,1,3,3721,18028,1,20,4,1,0,6,6,1,5,4,2,3,1.5,7,0.7142857142857143,False,True,True,False,False,False,True,False,False,True,True,False,False,False,False,False,False,False,False,True,False,False,False,False,True,False,False
33,0,363,18,5,1,67,3,3,1,9568,7111,3,20,3,2,2,15,2,4,12,5,6,8,2.0,14,0.75,False,True,True,False,True,False,False,False,False,False,False,False,True,False,False,False,False,False,False,True,False,False,True,False,False,False,True
21,0,643,11,2,4,40,2,1,4,3410,4201,3,12,3,3,2,8,0,2,2,1,1,1,3.25,3,0.2222222222222222,False,True,False,True,True,False,False,False,False,True,False,False,False,False,False,False,False,True,False,False,False,False,False,False,False,False,False
20,0,502,13,5,2,61,2,3,4,7227,11280,2,24,4,1,1,6,0,2,3,2,1,1,2.25,6,0.42857142857142855,False,True,True,False,False,False,True,False,False,False,False,False,True,False,False,False,False,False,True,False,False,True,False,False,True,False,False
33,0,270,25,4,2,68,1,2,2,3614,17384,1,16,3,3,2,5,5,3,1,1,0,1,2.5,3,0.16666666666666666,False,True,True,False,False,False,True,False,False,True,False,False,False,False,False,True,False,False,False,False,True,False,False,False,False,False,False
26,0,1208,7,4,4,80,2,2,2,7348,11636,0,19,3,1,3,2,6,2,0,0,0,0,2.25,2,0.0,False,True,False,False,False,False,True,False,False,True,False,False,False,False,False,False,True,False,False,True,False,True,False,False,False,False,False
41,0,1123,3,3,4,90,1,4,2,14250,4879,1,11,3,2,0,3,4,1,3,2,1,2,2.25,7,0.75,True,False,True,False,False,True,False,False,False,True,False,True,False,False,False,False,False,False,True,False,False,False,False,True,True,False,False
18,0,515,18,3,2,41,1,1,3,3095,13402,1,20,3,4,1,4,0,1,2,1,0,1,2.5,2,0.4,False,True,False,True,True,False,False,False,False,True,False,False,False,False,False,False,False,True,False,False,True,False,False,False,False,False,False
30,0,780,17,3,2,71,2,1,4,5165,23766,3,12,3,3,1,11,2,3,10,3,1,5,3.0,5,0.8333333333333334,False,True,True,False,False,False,True,False,False,False,False,False,False,False,False,True,False,False,False,True,True,True,False,False,False,True,False
37,0,772,1,5,2,85,3,2,3,4223,13301,0,11,3,3,0,14,2,3,10,2,2,2,2.75,6,0.6666666666666666,False,True,True,False,False,True,False,False,False,True,False,False,False,False,False,False,True,False,False,False,False,True,False,False,False,True,False
59,0,703,29,4,2,53,2,5,4,15972,13546,5,25,3,1,1,22,6,2,12,5,6,5,2.25,16,0.5217391304347826,False,True,False,True,False,True,False,False,False,False,False,False,False,False,False,False,False,False,True,False,False,False,False,True,False,False,True
45,0,1166,16,1,1,32,1,2,1,3326,9517,2,12,3,4,0,13,3,2,5,1,3,3,2.0,6,0.35714285714285715,False,True,True,False,False,True,False,False,False,True,False,False,False,False,False,False,True,False,False,False,False,False,False,False,True,False,False
55,0,1077,6,4,4,95,3,5,4,18363,13961,0,22,3,2,0,16,1,2,9,5,2,7,3.0,12,0.5294117647058824,True,False,False,True,False,False,False,False,True,True,False,False,False,True,False,False,False,False,False,True,False,False,False,True,False,True,False
32,0,108,17,5,3,89,2,3,4,8641,9552,1,19,3,4,3,5,3,4,4,2,1,3,3.75,6,0.6666666666666666,False,True,False,True,True,False,False,False,False,False,False,False,False,False,False,False,True,False,True,False,False,False,True,False,True,False,False
37,0,415,15,4,3,80,3,4,2,15670,25932,0,14,4,4,1,9,5,1,1,1,0,1,2.5,5,0.1,False,False,True,False,False,False,True,False,False,False,False,True,False,False,False,False,False,False,False,True,True,False,False,True,False,False,False
36,0,1438,8,3,2,83,4,3,1,9512,22011,1,16,4,4,1,6,4,3,6,4,3,3,2.5,10,0.8571428571428571,False,True,False,True,False,False,False,True,False,False,False,True,False,False,False,False,False,False,False,False,True,False,True,False,False,True,False
56,1,679,13,2,3,51,1,5,1,15926,19565,9,13,4,1,2,25,2,2,22,8,7,4,1.75,20,0.8461538461538461,False,True,True,False,False,False,True,False,False,False,False,False,False,False,True,False,False,False,False,True,True,False,False,True,False,False,True
59,0,748,13,4,1,86,4,5,4,19999,18606,1,20,4,4,3,15,5,1,8,5,3,3,2.5,13,0.5,False,True,False,True,True,False,False,False,False,False,False,False,True,False,False,False,False,False,False,True,False,False,False,True,False,True,False
59,0,1165,12,4,1,100,4,5,1,18507,10193,2,23,3,3,3,19,2,1,18,16,1,15,1.5,22,0.9,False,True,True,False,False,False,False,True,False,True,False,False,False,False,False,False,True,False,False,False,True,False,False,True,False,False,True
50,0,1162,11,2,4,51,3,4,1,15473,19014,0,16,3,2,2,9,0,2,6,3,1,4,2.25,8,0.6,True,False,False,True,True,False,False,False,False,True,False,False,False,False,False,False,False,True,False,True,False,False,False,True,False,True,False
39,1,892,15,3,1,63,1,2,1,6155,26038,3,24,3,4,1,12,6,1,8,6,4,4,1.75,12,0.6153846153846154,False,True,True,False,True,False,False,False,False,False,False,False,False,False,False,False,False,True,True,False,True,True,False,False,False,True,False
41,1,1388,14,2,4,90,1,3,1,8506,6838,0,13,3,3,1,12,5,3,7,3,2,5,2.75,8,0.5384615384615384,False,True,False,True,True,False,False,False,False,True,False,False,False,False,False,False,False,False,False,True,False,False,True,False,False,True,False
60,1,925,8,1,2,45,1,5,4,18716,23527,5,25,4,3,2,19,5,2,15,10,2,2,2.75,17,0.75,False,True,True,False,False,False,True,False,False,True,True,False,False,False,False,False,False,False,True,False,False,False,False,True,False,False,True
30,0,1326,5,1,3,79,3,2,1,4165,26796,0,22,3,4,3,4,6,4,0,0,0,0,3.0,2,0.0,True,False,True,False,True,False,False,False,False,False,False,False,False,False,False,False,False,True,False,True,True,True,False,False,False,False,False
32,0,737,13,1,3,32,3,1,4,1455,3640,0,11,3,3,3,8,4,1,8,5,1,5,2.75,7,0.8888888888888888,False,True,False,True,False,False,True,False,False,False,False,False,False,False,False,False,True,False,True,False,False,False,False,False,False,True,False
56,0,409,20,3,3,98,2,4,2,13801,4258,4,23,3,3,3,17,0,2,7,6,1,1,2.5,11,0.3888888888888889,True,False,True,False,False,False,False,False,False,False,False,True,False,False,False,False,False,False,True,False,False,False,False,True,False,True,False
34,0,257,13,3,4,35,2,2,3,3834,14212,4,11,3,4,2,8,5,2,2,1,0,1,3.25,3,0.2222222222222222,False,True,True,False,False,False,True,False,False,False,False,False,False,False,False,True,False,False,True,False,False,False,False,False,False,False,False
28,0,877,7,3,2,31,1,2,3,7477,19092,0,25,3,4,0,13,0,3,13,9,5,3,3.0,16,0.9285714285714286,True,False,True,False,False,False,True,False,False,True,False,True,False,False,False,False,False,False,False,True,True,True,False,False,False,False,True
42,0,1347,2,5,4,59,4,4,4,14116,15077,1,21,3,3,1,13,4,2,7,6,1,4,3.25,11,0.5,False,True,True,False,False,False,False,False,True,True,True,False,False,False,False,False,False,False,False,True,True,False,False,True,False,True,False
31,0,675,29,2,2,86,4,2,3,8011,20608,1,14,3,4,0,9,6,1,0,0,0,0,2.5,2,0.0,False,True,False,True,False,True,False,False,False,False,False,False,False,False,False,False,False,False,True,False,False,False,True,False,False,False,False
56,0,1117,16,2,4,44,1,4,1,13477,22581,0,24,4,4,1,17,2,2,17,4,5,5,2.75,13,0.9444444444444444,False,False,True,False,True,False,False,False,False,True,False,False,False,False,False,True,False,False,False,True,False,False,False,True,False,False,True
57,0,845,15,2,2,74,2,3,4,7791,8748,3,15,3,3,2,16,2,4,3,1,1,2,3.25,5,0.17647058823529413,False,True,True,False,True,False,False,False,False,False,True,False,False,False,False,False,False,False,False,True,False,True,False,False,True,False,False
31,0,1228,8,2,4,54,4,3,1,9209,15069,0,12,3,1,2,7,6,4,6,5,2,3,2.5,10,0.75,False,True,False,True,False,False,True,False,False,True,False,False,True,False,False,False,False,False,True,False,False,False,True,False,False,True,False
40,0,1191,2,3,4,100,2,2,3,5189,4013,0,15,3,3,0,20,3,3,14,10,7,3,3.25,19,0.6666666666666666,False,True,True,False,False,False,False,False,True,True,False,False,False,False,False,True,False,False,True,False,False,True,False,False,False,False,True
60,0,1076,7,2,3,63,3,5,4,19999,5039,6,23,3,2,2,19,6,4,6,5,1,4,3.25,11,0.3,False,True,True,False,False,False,True,False,False,False,True,False,False,False,False,False,False,False,True,False,True,False,False,True,False,True,False
49,0,597,29,2,4,61,3,5,3,19999,20459,1,24,3,3,1,17,2,4,10,4,4,3,3.5,13,0.5555555555555556,False,True,True,False,True,False,False,False,False,False,False,False,False,False,False,True,False,False,True,False,False,False,False,True,False,True,False
27,0,677,4,4,3,31,3,1,2,4319,24429,1,24,3,2,2,3,1,4,3,2,1,2,2.75,4,0.75,False,True,True,False,False,True,False,False,False,True,False,True,False,False,False,False,False,False,False,False,True,True,False,False,True,False,False
43,0,768,2,5,3,49,4,4,2,15637,16179,0,19,3,2,3,3,3,2,3,2,0,2,2.25,6,0.75,True,False,True,False,False,False,True,False,False,True,False,True,False,False,False,False,False,False,True,False,True,False,False,True,True,False,False
44,0,1250,29,2,2,31,2,4,4,14981,20252,1,13,3,4,1,10,2,2,9,7,1,2,3.0,12,0.8181818181818182,True,False,False,True,False,False,True,False,False,False,True,False,False,False,False,False,False,False,False,False,True,False,False,True,False,True,False
46,0,951,6,1,2,92,4,4,3,13341,26142,3,24,4,1,0,22,4,4,15,10,6,13,2.5,20,0.6521739130434783,False,True,True,False,False,False,False,False,True,False,False,False,False,False,False,True,False,False,True,False,False,False,False,True,False,False,True
19,0,341,10,2,1,63,2,1,4,4368,4032,0,18,3,1,3,4,2,4,0,0,0,0,2.5,1,0.0,False,True,False,True,False,True,False,False,False,False,False,False,False,False,False,True,False,False,False,True,False,True,False,False,False,False,False
30,0,479,16,3,3,53,1,1,4,3837,20217,3,24,4,3,1,13,5,3,6,4,3,2,3.25,8,0.42857142857142855,True,False,True,False,False,False,True,False,False,True,False,False,False,False,False,False,False,False,False,False,False,False,False,False,False,True,False
54,0,537,29,5,3,47,1,3,3,7759,17618,2,12,3,3,0,16,2,1,11,7,1,5,2.5,11,0.6470588235294118,False,True,True,False,False,False,True,False,False,True,False,False,False,False,True,False,False,False,False,False,False,True,False,False,False,False,True
28,1,949,29,1,3,79,3,2,2,4911,25247,0,14,4,4,1,0,2,1,0,0,0,0,2.5,2,0.0,False,True,True,False,False,False,True,False,False,True,False,False,False,False,False,False,True,False,True,False,True,True,False,False,False,False,False
30,0,1171,11,1,3,75,3,2,3,5390,9601,0,14,4,1,1,3,4,2,0,0,0,0,2.25,2,0.0,False,True,False,True,False,False,True,False,False,True,False,False,False,False,False,False,True,False,False,True,True,True,False,False,False,False,False
31,0,310,7,3,1,53,4,1,2,4334,17891,0,17,3,4,1,9,1,3,3,2,1,1,2.5,4,0.3,False,True,False,True,False,False,True,False,False,True,True,False,False,False,False,False,False,False,False,True,False,True,False,False,True,False,False
25,0,1111,4,5,4,50,1,1,1,3140,23074,0,23,3,4,3,5,1,3,5,1,2,3,3.0,4,0.8333333333333334,False,True,True,False,False,False,True,False,False,True,False,False,False,False,False,False,False,True,True,False,False,False,False,False,True,False,False
24,0,970,16,3,2,97,3,2,2,5493,14496,2,17,3,1,1,4,3,2,3,1,0,2,1.75,3,0.6,True,False,True,False,False,False,True,False,False,False,False,False,False,False,False,True,False,False,True,False,True,True,False,False,True,False,False
32,0,390,13,5,3,34,1,2,2,5309,8821,1,20,3,4,1,6,2,4,2,1,0,1,3.25,3,0.2857142857142857,False,False,True,False,False,False,True,False,False,True,False,False,False,False,False,True,False,False,True,False,False,True,False,False,False,False,False
55,0,302,2,4,1,67,1,4,1,13576,25622,1,18,4,4,1,21,2,4,6,5,2,3,2.5,11,0.2727272727272727,False,True,True,False,True,False,False,False,False,False,False,True,False,False,False,False,False,False,True,False,False,False,False,True,False,True,False
18,0,307,10,1,3,98,3,1,2,1603,5995,0,25,3,1,2,0,2,1,0,0,0,0,1.75,1,0.0,False,True,True,False,False,False,True,False,False,False,False,False,False,False,False,False,False,False,True,False,True,False,False,False,False,False,False
30,0,1185,13,3,2,52,3,1,3,3954,22487,0,25,4,1,3,8,4,4,6,2,2,2,2.5,5,0.6666666666666666,False,True,False,True,False,False,True,False,False,True,False,False,False,True,False,False,False,False,False,True,False,False,False,False,False,True,False
20,0,430,17,4,4,34,3,1,1,1779,22970,1,24,3,3,2,3,2,1,2,0,0,1,2.25,1,0.5,False,True,True,False,True,False,False,False,False,True,False,False,False,False,False,False,False,True,False,True,False,False,False,False,False,False,False
42,0,373,5,3,4,88,4,3,1,8581,2967,2,13,3,3,3,11,4,2,5,2,0,2,2.5,5,0.4166666666666667,True,False,False,True,True,False,False,False,False,True,False,False,False,False,False,False,True,False,False,True,False,False,True,False,True,False,False
28,1,685,13,1,4,94,4,2,4,5009,10853,0,23,3,4,1,3,1,4,2,1,0,1,4.0,3,0.5,False,True,True,False,True,False,False,False,False,True,False,False,False,False,False,False,False,True,False,False,True,True,False,False,False,False,False
52,0,1004,4,1,2,34,1,5,4,19920,16614,0,22,3,4,2,15,6,2,4,3,1,1,3.0,9,0.25,False,False,False,True,False,False,False,True,False,True,False,False,False,False,False,False,True,False,True,False,True,False,False,True,True,False,False
43,0,720,16,4,3,56,1,3,2,8090,4628,1,16,3,1,2,19,6,3,12,6,2,7,2.25,11,0.6,False,True,False,True,False,False,False,False,True,True,False,False,False,False,True,False,False,False,False,False,False,False,True,False,False,False,True
51,0,913,10,3,3,36,3,5,1,17793,5815,7,14,3,4,3,20,0,4,16,4,4,9,3.0,13,0.7619047619047619,False,True,True,False,False,False,True,False,False,False,False,False,False,False,False,False,True,False,True,False,False,False,False,True,False,False,True
45,0,614,29,3,2,93,4,3,2,9687,10331,4,25,3,4,1,17,0,2,15,12,4,7,2.5,19,0.8333333333333334,False,True,True,False,True,False,False,False,False,False,False,False,False,False,False,False,True,False,True,False,True,False,True,False,False,False,True
36,0,696,6,2,2,89,3,2,1,4509,25703,1,22,3,3,0,7,0,4,3,1,1,2,2.5,4,0.375,False,True,False,True,False,True,False,False,False,True,False,False,False,False,False,False,True,False,True,False,False,True,False,False,True,False,False
55,0,919,8,2,3,87,1,5,4,19186,12752,1,14,3,2,3,13,1,3,11,2,1,7,3.0,8,0.7857142857142857,True,False,False,True,False,False,True,False,False,False,False,False,False,False,False,True,False,False,False,False,False,False,False,True,False,False,True
38,0,1003,2,4,1,52,3,3,1,10029,18926,1,14,4,3,2,14,5,3,13,7,3,2,2.0,13,0.8666666666666667,False,True,True,False,False,False,False,True,False,True,False,True,False,False,False,False,False,False,False,False,True,False,True,False,False,False,True
58,0,1132,12,1,2,80,2,5,3,18124,17175,0,19,4,3,0,23,1,1,18,4,3,7,2.25,12,0.75,False,True,True,False,True,False,False,False,False,False,False,False,False,False,False,False,False,False,True,False,True,False,False,True,False,False,True
60,0,1284,9,3,3,42,1,4,2,13876,13334,4,18,3,2,3,21,4,3,13,4,2,4,2.5,10,0.5909090909090909,False,True,False,True,True,False,False,False,False,False,True,False,False,False,False,False,False,False,False,True,False,False,False,True,False,False,True
43,0,561,12,2,4,40,3,5,2,18483,4228,2,23,3,1,1,11,1,2,8,7,4,6,2.25,16,0.6666666666666666,False,True,True,False,False,False,True,False,False,True,False,True,False,False,False,False,False,False,True,False,False,False,False,True,False,True,False
47,1,269,11,4,3,71,2,4,4,14158,25999,1,21,4,3,2,9,0,2,3,2,1,1,3.0,7,0.3,True,False,False,True,True,False,False,False,False,False,False,False,False,True,False,False,False,False,False,True,True,False,False,True,True,False,False
28,1,231,29,4,3,98,4,2,2,5418,15470,0,23,3,2,1,9,0,4,7,5,1,3,2.75,8,0.7,False,True,True,False,False,False,True,False,False,True,False,False,False,False,False,True,False,False,False,True,False,True,False,False,False,True,False
53,0,1046,17,3,4,48,3,4,4,15104,10470,3,17,3,1,3,21,6,2,19,13,9,10,2.75,26,0.8636363636363636,False,True,True,False,False,True,False,False,False,True,False,False,False,False,False,False,False,True,True,False,False,False,False,True,False,False,True
46,0,703,21,2,1,63,2,4,4,13255,13123,4,25,4,2,1,12,3,2,12,3,3,6,2.25,10,0.9230769230769231,False,True,False,True,True,False,False,False,False,False,False,False,False,False,False,False,True,False,False,False,False,False,False,True,False,False,True
56,0,674,13,2,3,100,1,4,2,15529,13155,4,25,3,1,2,16,4,4,11,9,2,8,2.5,15,0.6470588235294118,False,True,False,True,False,False,True,False,False,True,False,False,False,False,False,True,False,False,False,True,True,False,False,True,False,False,True
29,0,1126,14,2,3,60,2,4,2,15926,26475,0,25,3,2,2,11,1,2,5,3,2,2,2.25,9,0.4166666666666667,False,True,False,True,False,False,True,False,False,True,False,False,False,False,False,False,True,False,False,True,False,False,False,True,True,False,False
51,0,1043,12,2,4,88,2,4,1,14308,12032,3,21,3,4,3,14,3,3,5,1,2,2,3.0,7,0.3333333333333333,False,True,False,True,False,False,False,False,True,True,False,False,False,False,False,False,True,False,False,False,False,False,False,True,True,False,False
38,0,1379,13,4,3,78,3,4,4,13052,26631,2,16,3,3,2,17,4,3,11,5,6,6,3.25,15,0.6111111111111112,False,True,True,False,False,False,True,False,False,True,False,False,False,True,False,False,False,False,False,True,False,False,False,True,False,False,True
25,0,1324,7,1,1,93,2,2,3,5451,5378,1,13,3,1,0,4,5,1,1,1,0,1,1.5,3,0.2,False,True,True,False,True,False,False,False,False,True,False,False,False,False,False,False,True,False,False,True,True,True,False,False,False,False,False
25,0,1149,20,1,1,53,1,3,2,8350,7093,0,19,3,2,3,3,4,3,3,1,1,3,2.0,5,0.75,False,True,True,False,False,False,True,False,False,True,False,False,False,False,False,False,True,False,True,False,False,False,True,False,True,False,False
42,0,1014,29,3,3,89,1,3,3,10627,5826,0,16,4,3,0,12,4,2,11,4,1,6,2.75,8,0.8461538461538461,False,False,True,False,False,False,True,False,False,False,False,False,False,False,False,False,False,True,False,False,False,False,True,False,False,False,True
31,0,1355,13,2,2,88,2,2,2,5376,25672,1,13,4,4,2,6,4,3,6,3,2,3,2.75,7,0.8571428571428571,False,True,True,False,False,True,False,False,False,True,False,False,False,False,False,False,True,False,True,False,False,True,False,False,False,True,False
22,0,325,5,5,2,92,3,2,3,7159,16813,2,15,3,2,1,7,2,2,3,2,0,1,2.25,4,0.375,False,True,True,False,False,False,True,False,False,True,False,False,False,False,False,False,False,False,True,False,True,True,False,False,True,False,False
36,0,1436,24,4,2,94,2,3,4,8634,14317,4,23,3,4,1,13,4,1,10,2,3,8,2.75,8,0.7142857142857143,False,True,True,False,True,False,False,False,False,True,False,False,False,False,False,True,False,False,True,False,False,False,True,False,False,True,False
46,0,683,29,4,3,53,4,4,2,14055,3825,1,15,4,1,3,18,2,1,15,9,8,9,1.75,21,0.7894736842105263,False,True,False,True,False,True,False,False,False,True,True,False,False,False,False,False,False,False,False,True,False,False,False,True,False,False,True
31,0,448,8,3,2,88,1,2,3,5075,6239,1,12,3,4,0,8,5,3,3,1,0,1,3.0,3,0.3333333333333333,True,False,False,True,False,False,True,False,False,True,False,False,True,False,False,False,False,False,True,False,False,True,False,False,True,False,False
59,0,869,4,3,3,77,2,5,3,18687,25282,3,14,3,1,0,18,3,4,15,9,7,7,2.75,21,0.7894736842105263,False,True,True,False,True,False,False,False,False,True,False,False,False,False,False,False,True,False,False,False,False,False,False,True,False,False,True
51,0,1350,19,3,2,36,2,5,1,19999,26090,1,13,3,3,3,16,4,2,8,3,3,4,2.0,11,0.47058823529411764,False,True,False,True,False,False,True,False,False,True,True,False,False,False,False,False,False,False,True,False,False,False,False,True,False,True,False
40,0,279,13,1,1,94,2,3,1,7623,10253,0,13,3,1,1,10,3,1,10,5,1,3,1.0,9,0.9090909090909091,False,False,True,False,False,False,False,False,False,False,False,True,False,False,False,False,False,False,False,True,False,True,False,False,False,True,False
58,0,344,18,3,3,81,4,5,2,19999,19800,2,17,3,4,1,25,3,4,9,6,4,6,3.25,15,0.34615384615384615,True,False,True,False,False,False,True,False,False,False,False,False,False,False,False,True,False,False,False,True,False,False,False,True,False,True,False
36,0,1001,12,5,3,78,2,2,2,7229,10087,1,24,3,1,3,13,4,2,4,3,1,2,2.0,6,0.2857142857142857,True,False,True,False,True,False,False,False,False,True,False,False,False,False,False,False,False,False,False,True,False,True,False,False,True,False,False
24,0,1036,10,2,1,34,1,2,1,4790,26098,0,16,3,2,2,4,1,2,0,0,0,0,1.5,2,0.0,False,True,False,True,False,False,True,False,False,True,False,False,True,False,False,False,False,False,False,True,False,True,False,False,False,False,False
19,0,1098,6,1,3,100,3,1,4,4450,5572,2,25,3,3,2,0,3,4,0,0,0,0,3.5,1,0.0,False,True,True,False,True,False,False,False,False,True,False,False,False,False,False,True,False,False,False,True,False,True,False,False,False,False,False
58,0,1356,16,3,1,98,3,4,3,15258,4346,6,24,3,1,0,25,2,1,9,7,1,7,1.5,12,0.34615384615384615,False,True,True,False,False,False,True,False,False,False,False,False,False,False,False,True,False,False,False,False,False,False,False,True,False,True,False
59,0,1167,4,2,2,91,2,5,1,19999,10834,4,13,3,3,1,20,0,1,5,2,1,2,1.75,8,0.23809523809523808,False,True,True,False,False,False,True,False,False,True,False,False,False,False,False,False,True,False,False,True,False,False,False,True,True,False,False
49,1,1236,20,4,1,53,2,4,4,13237,6530,4,20,3,2,2,15,5,1,14,8,5,6,2.0,17,0.875,False,True,True,False,True,False,False,False,False,True,False,False,False,True,False,False,False,False,True,False,True,False,False,True,False,False,True
22,0,269,19,5,3,35,4,1,2,2857,19307,3,22,4,2,0,9,4,2,7,4,3,5,2.25,8,0.7,True,False,False,True,True,False,False,False,False,True,True,False,False,False,False,False,False,False,True,False,False,False,False,False,False,True,False
30,0,600,16,5,4,82,2,3,4,8355,24932,0,21,3,2,2,5,0,4,0,0,0,0,3.5,3,0.0,False,True,True,False,False,False,False,False,False,True,False,True,False,False,False,False,False,False,False,False,False,False,True,False,False,False,False
19,0,1087,28,2,4,65,3,2,1,8009,25936,0,14,3,4,3,1,0,3,1,1,0,1,3.0,3,0.5,False,True,False,False,True,False,False,False,False,True,True,False,False,False,False,False,False,False,False,False,True,False,True,False,False,False,False
20,0,1247,9,5,1,47,4,1,1,2988,26558,0,21,3,2,1,2,6,4,2,2,1,1,2.0,4,0.6666666666666666,False,True,True,False,False,True,False,False,False,True,False,False,False,False,False,False,True,False,True,False,False,False,False,False,False,False,False
28,1,613,9,1,1,49,2,1,1,2780,6890,0,18,3,4,3,1,5,2,0,0,0,0,2.0,1,0.0,False,True,True,False,False,False,True,False,False,True,False,False,False,False,False,False,False,True,False,True,False,False,False,False,False,False,False
42,0,914,9,2,4,77,3,3,2,7122,3381,2,14,4,1,3,13,5,2,9,5,4,5,2.25,12,0.6428571428571429,False,True,True,False,False,False,True,False,False,True,True,False,False,False,False,False,False,False,True,False,True,True,False,False,False,True,False
20,0,397,14,2,3,92,2,3,4,7334,6517,0,13,3,3,2,0,4,2,0,0,0,0,3.0,3,0.0,True,False,True,False,True,False,False,False,False,True,False,False,True,False,False,False,False,False,False,True,False,True,False,False,False,False,False
60,0,1311,11,5,2,71,3,4,3,13179,20981,2,16,3,2,1,18,5,1,15,9,3,10,2.0,16,0.7894736842105263,False,True,False,True,True,False,False,False,False,True,False,False,False,False,False,False,True,False,False,True,False,False,False,True,False,False,True
37,0,834,8,4,4,96,3,3,1,8934,5556,3,15,3,3,0,8,4,3,8,2,2,1,2.75,7,0.8888888888888888,True,False,True,False,True,False,False,False,False,False,False,False,False,False,False,True,False,False,False,True,True,False,True,False,False,True,False
29,0,235,9,2,1,70,4,2,2,3791,19123,0,19,3,4,2,4,0,2,4,2,2,1,2.25,6,0.8,False,True,False,True,False,False,True,False,False,False,False,False,False,False,False,False,True,False,False,False,True,False,False,False,True,False,False
40,0,902,15,1,1,70,2,3,2,7701,16389,0,17,4,3,2,8,3,4,4,2,2,1,2.5,7,0.4444444444444444,False,True,True,False,False,False,False,True,False,True,False,False,False,False,False,False,False,False,False,True,False,True,False,False,True,False,False
51,0,471,26,4,2,55,1,3,3,6267,21769,4,12,4,2,2,17,2,3,15,10,8,3,2.5,21,0.8333333333333334,False,True,True,False,False,False,False,False,True,True,True,False,False,False,False,False,False,False,True,False,False,True,False,False,False,False,True
31,0,740,7,4,2,34,2,2,4,7182,5006,2,21,3,1,1,7,1,4,6,4,2,1,2.75,8,0.75,True,False,True,False,True,False,False,False,False,True,False,False,False,False,False,True,False,False,True,False,False,True,False,False,False,True,False
20,1,586,1,5,1,48,3,1,1,3128,13030,1,11,3,4,0,3,6,1,1,1,0,0,1.75,2,0.25,False,True,True,False,True,False,False,False,False,False,False,False,False,False,False,False,True,False,True,False,False,False,False,False,False,False,False
20,0,1276,19,3,3,54,2,1,1,3372,4288,1,18,3,2,3,11,4,1,11,4,3,3,1.75,8,0.9166666666666666,False,True,False,False,True,False,False,False,False,True,False,False,False,False,False,True,False,False,False,True,False,False,False,False,False,False,True
54,0,1284,5,1,2,74,4,5,3,17692,2648,1,11,3,1,3,17,6,2,13,11,6,3,2.0,22,0.7222222222222222,False,True,False,True,False,False,False,True,False,False,False,False,False,True,False,False,False,False,False,False,False,False,False,True,False,False,True
22,1,319,26,2,3,43,3,1,1,4394,20621,1,23,3,2,3,5,0,3,0,0,0,0,2.25,1,0.0,True,False,False,True,True,False,False,False,False,True,False,False,False,True,False,False,False,False,True,False,False,True,False,False,False,False,False
45,0,554,21,4,3,66,4,3,3,10304,15849,7,15,3,1,0,16,6,3,7,6,4,5,2.5,13,0.4117647058823529,False,True,False,True,True,False,False,False,False,True,False,False,False,False,False,True,False,False,True,False,False,False,True,False,False,True,False
34,1,670,22,2,4,67,3,3,2,8580,21848,0,12,4,3,3,8,4,3,7,5,4,2,3.0,12,0.7777777777777778,True,False,True,False,False,False,True,False,False,True,False,False,True,False,False,False,False,False,True,False,False,False,True,False,False,True,False
51,0,1296,12,1,4,66,2,4,2,13425,4049,2,14,4,4,3,17,3,4,10,4,2,7,3.5,10,0.5555555555555556,False,False,False,False,False,False,True,False,False,True,False,False,False,False,False,False,True,False,False,False,False,False,False,True,False,True,False
20,0,475,25,5,3,99,4,1,1,3663,9928,0,19,3,2,1,2,1,2,0,0,0,0,2.0,1,0.0,True,False,False,True,True,False,False,False,False,False,False,False,False,False,False,False,False,False,True,False,False,False,False,False,False,False,False
56,0,1081,16,3,2,43,1,5,4,19882,5502,0,22,3,3,2,19,4,2,5,3,2,1,2.75,10,0.25,False,True,True,False,False,False,True,False,False,True,False,True,False,False,False,False,False,False,True,False,True,False,False,True,True,False,False
48,0,170,15,2,3,54,2,3,1,9544,16575,2,12,4,4,0,13,4,2,5,4,1,2,2.5,8,0.35714285714285715,False,True,False,True,True,False,False,False,False,True,False,False,False,False,False,False,True,False,True,False,False,False,True,False,True,False,False
37,0,1442,13,3,2,56,4,4,1,14797,16098,1,15,3,4,2,8,4,2,4,1,0,2,2.25,5,0.4444444444444444,False,False,True,False,True,False,False,False,False,True,False,False,False,False,False,False,False,False,False,True,True,False,False,True,True,False,False
26,0,575,17,4,2,82,4,2,3,6657,20582,0,12,3,1,3,5,1,3,4,1,2,2,2.25,5,0.6666666666666666,False,True,False,True,True,False,False,False,False,True,False,False,False,False,False,False,False,False,False,True,True,True,False,False,True,False,False
60,0,477,3,1,2,76,2,5,1,18169,4321,2,14,3,1,0,13,4,4,6,2,1,4,2.0,8,0.42857142857142855,False,True,True,False,True,False,False,False,False,False,False,True,False,False,False,False,False,False,False,True,False,False,False,True,False,True,False
30,0,1105,8,3,1,89,3,2,1,6594,3313,0,15,3,2,2,12,0,2,3,2,0,1,1.5,4,0.23076923076923078,False,True,True,False,False,False,False,True,False,False,False,False,False,False,False,False,False,True,False,True,True,True,False,False,True,False,False
39,1,956,8,2,1,67,2,2,1,4955,23382,5,19,3,2,1,19,0,2,13,6,4,4,1.5,12,0.65,True,False,True,False,False,False,True,False,False,False,False,True,False,False,False,False,False,False,False,True,False,True,False,False,False,False,True
34,0,832,11,1,3,88,3,1,3,1009,17901,0,12,3,1,0,9,3,4,3,2,0,2,2.75,3,0.3,False,True,False,True,False,True,False,False,False,False,False,False,False,False,False,True,False,False,False,False,False,False,False,False,True,False,False
27,1,1402,5,1,1,31,2,1,4,2444,5039,0,20,3,1,0,8,0,2,1,0,0,0,2.0,1,0.1111111111111111,False,True,True,False,True,False,False,False,False,False,True,False,False,False,False,False,False,False,False,False,False,False,False,False,False,False,False
35,0,686,7,3,1,40,3,3,4,7835,9221,2,22,3,4,3,13,4,1,3,1,1,2,2.5,5,0.21428571428571427,False,True,False,False,False,False,True,False,False,True,True,False,False,False,False,False,False,False,False,False,False,True,False,False,True,False,False
24,0,855,4,3,3,73,3,1,4,3289,12278,0,25,3,1,0,0,3,2,0,0,0,0,2.5,1,0.0,True,False,True,False,False,False,False,True,False,True,False,False,False,False,False,False,True,False,True,False,False,False,False,False,False,False,False
18,0,765,7,3,4,46,4,1,1,4006,12283,1,18,3,2,0,5,1,1,2,1,1,1,2.0,3,0.3333333333333333,False,True,True,False,True,False,False,False,False,False,True,False,False,False,False,False,False,False,True,False,False,True,False,False,False,False,False
30,0,343,6,4,1,50,1,1,1,3231,20354,0,18,3,1,3,5,1,2,5,2,1,2,1.25,4,0.8333333333333334,True,False,True,False,False,False,False,True,False,False,False,False,False,False,False,False,False,True,False,True,False,False,False,False,True,False,False
22,0,538,7,3,1,45,3,1,1,5410,10965,1,20,3,3,2,11,3,4,4,3,2,2,2.25,6,0.3333333333333333,True,False,False,True,False,False,True,False,False,False,False,False,False,False,False,False,True,False,True,False,True,True,False,False,True,False,False
35,1,944,21,3,2,39,1,2,1,4870,16957,1,25,4,3,1,8,4,4,4,4,1,2,2.5,7,0.4444444444444444,False,False,True,False,False,True,False,False,False,True,False,True,False,False,False,False,False,False,False,True,False,True,False,False,True,False,False
55,0,272,11,5,1,51,1,4,1,11615,19984,3,11,3,3,2,21,5,4,11,4,5,9,2.25,13,0.5,True,False,False,True,True,False,False,False,False,False,False,False,False,False,False,False,True,False,True,False,True,False,True,False,False,False,True
24,1,1122,10,4,4,95,3,2,3,5834,4622,0,13,3,2,1,4,4,2,1,0,0,0,2.75,2,0.2,False,True,True,False,False,False,True,False,False,True,False,False,False,True,False,False,False,False,False,False,False,True,False,False,False,False,False
18,0,926,28,5,4,33,2,2,1,4846,13768,0,14,3,1,0,9,3,2,5,4,2,4,2.0,8,0.5,False,True,False,True,False,False,True,False,False,True,True,False,False,False,False,False,False,False,False,False,False,True,False,False,True,False,False
22,0,1009,15,2,1,100,3,3,1,7197,8442,1,13,3,2,1,2,4,4,1,0,0,0,2.0,3,0.3333333333333333,False,True,False,True,False,False,False,True,False,False,False,False,False,False,False,True,False,False,False,True,False,True,False,False,False,False,False
39,0,1241,16,4,1,68,4,2,2,5143,21023,2,18,3,4,3,15,4,4,6,4,2,1,2.75,8,0.375,False,False,True,False,False,False,False,False,True,True,False,True,False,False,False,False,False,False,True,False,False,True,False,False,False,True,False
29,1,777,13,4,3,84,1,1,4,2060,5363,2,11,4,1,2,9,2,1,3,2,0,2,2.25,3,0.3,False,True,True,False,True,False,False,False,False,True,False,False,False,False,False,True,False,False,False,True,True,False,False,False,True,False,False
39,0,1204,22,3,2,82,2,3,2,7678,9939,1,12,4,4,1,12,1,4,6,5,2,5,3.0,10,0.46153846153846156,False,True,True,False,False,False,False,False,False,True,False,False,False,True,False,False,False,False,False,True,False,True,False,False,False,True,False
19,0,1148,24,1,3,34,1,1,2,4827,17537,1,21,3,4,3,3,3,1,3,1,1,1,2.5,3,0.75,True,False,False,False,False,False,False,False,True,False,False,False,False,False,False,False,False,True,False,True,False,True,False,False,True,False,False
32,0,427,15,3,4,48,4,3,1,8649,15574,1,13,3,3,2,5,0,2,3,3,1,2,2.5,7,0.5,False,True,False,True,False,False,True,False,False,True,False,False,False,False,False,False,True,False,False,True,False,False,True,False,True,False,False
35,0,480,21,5,2,91,4,3,3,8182,3072,0,15,3,4,0,0,1,3,0,0,0,0,3.0,3,0.0,True,False,False,True,True,False,False,False,False,True,False,False,False,True,False,False,False,False,True,False,False,False,True,False,False,False,False
36,0,708,17,4,4,75,4,4,2,15917,24682,1,11,3,2,3,13,1,3,4,1,1,3,2.75,6,0.2857142857142857,False,True,True,False,True,False,False,False,False,True,False,False,False,False,False,True,False,False,True,False,False,False,False,True,True,False,False
41,0,235,15,1,2,56,4,4,4,13645,4017,3,22,3,3,0,10,3,4,6,3,2,4,3.25,9,0.5454545454545454,False,True,True,False,True,False,False,False,False,True,False,False,True,False,False,False,False,False,False,True,True,False,False,True,False,True,False
51,0,873,9,2,1,68,2,5,1,17524,13004,2,24,3,3,3,20,6,3,19,9,7,12,2.0,21,0.9047619047619048,False,True,True,False,True,False,False,False,False,False,False,False,True,False,False,False,False,False,False,False,False,False,False,True,False,False,True
38,0,1376,7,3,4,60,2,3,4,6908,3596,4,21,3,3,0,12,6,2,8,3,3,5,3.25,9,0.6153846153846154,False,True,True,False,False,False,False,True,False,True,False,False,True,False,False,False,False,False,True,False,False,True,False,False,False,True,False
54,0,1223,3,5,2,37,4,4,3,13904,16446,2,17,3,3,1,22,0,2,8,7,2,4,2.5,13,0.34782608695652173,False,True,True,False,True,False,False,False,False,True,False,False,False,False,False,True,False,False,True,False,False,False,False,True,False,True,False
40,0,1120,29,3,1,96,3,3,2,6529,10929,0,16,3,1,0,14,5,3,8,3,2,7,1.75,8,0.5333333333333333,False,False,False,True,False,False,True,False,False,False,False,False,False,True,False,False,False,False,True,False,False,True,False,False,False,True,False
29,0,376,22,5,3,47,2,1,2,1593,18792,1,11,3,4,2,0,1,4,0,0,0,0,3.25,1,0.0,False,True,True,False,False,False,True,False,False,True,False,False,False,False,False,False,False,False,True,False,False,False,False,False,False,False,False
27,0,1221,9,4,3,91,1,3,4,8042,17713,0,14,3,3,1,8,6,4,8,2,3,3,3.5,8,0.8888888888888888,False,True,True,False,False,False,True,False,False,True,False,False,True,False,False,False,False,False,True,False,False,False,True,False,False,True,False
31,0,286,3,2,2,47,1,3,3,9858,24815,1,17,4,1,2,6,1,4,6,4,3,5,2.5,10,0.8571428571428571,True,False,True,False,True,False,False,False,False,True,False,False,False,True,False,False,False,False,True,False,False,False,True,False,False,True,False
43,0,676,17,1,1,72,1,3,1,10050,3221,3,11,3,3,0,17,0,3,5,4,1,3,2.0,8,0.2777777777777778,True,False,False,True,False,False,True,False,False,False,False,False,False,False,True,False,False,False,False,False,False,False,True,False,True,False,False
28,0,1403,9,5,1,64,3,3,3,9292,17936,1,24,3,4,3,8,5,2,2,1,0,1,2.5,4,0.2222222222222222,False,True,True,False,False,False,True,False,False,False,False,False,False,False,False,True,False,False,False,True,False,False,True,False,False,False,False
57,0,1164,22,3,4,92,2,4,3,13995,10567,2,20,3,1,1,21,5,4,9,6,4,6,3.0,14,0.4090909090909091,False,False,True,False,False,False,True,False,False,True,False,False,False,False,False,False,True,False,True,False,False,False,False,True,False,True,False
38,1,305,5,5,1,74,4,2,2,4816,17345,1,13,3,4,1,10,2,1,10,2,4,4,2.0,8,0.9090909090909091,False,True,False,True,True,False,False,False,False,True,True,False,False,False,False,False,False,False,False,True,True,True,False,False,False,True,False
55,0,831,8,5,2,72,4,5,3,19466,26047,5,24,3,2,0,15,3,4,7,5,0,3,2.75,10,0.4375,False,True,True,False,False,True,False,False,False,True,False,False,False,False,False,False,True,False,False,False,False,False,False,True,False,True,False
47,0,1483,10,3,4,51,2,3,3,10638,22852,5,14,3,2,1,13,5,4,7,3,2,2,3.25,8,0.5,False,True,True,False,True,False,False,False,False,True,True,False,False,False,False,False,False,False,False,True,True,False,True,False,False,True,False
32,1,725,19,1,2,91,2,2,2,5670,26330,0,20,3,2,2,2,5,3,2,1,0,1,2.25,3,0.6666666666666666,True,False,True,False,False,False,True,False,False,True,False,False,False,False,False,False,False,False,False,True,False,True,False,False,False,False,False
27,0,938,7,5,2,39,1,2,1,4946,26795,0,25,3,3,0,3,2,3,3,2,1,2,2.25,5,0.75,False,True,True,False,False,False,True,False,False,True,True,False,False,False,False,False,False,False,False,False,True,True,False,False,True,False,False
49,1,636,17,3,4,65,2,4,1,13811,21488,1,16,3,1,2,10,5,3,7,6,1,5,2.25,11,0.6363636363636364,False,True,True,False,True,False,False,False,False,False,False,False,False,True,False,False,False,False,True,False,True,False,False,True,False,True,False
32,1,799,3,1,4,49,3,3,3,8180,24481,0,23,4,2,3,3,5,1,0,0,0,0,2.5,3,0.0,True,False,False,True,False,True,False,False,False,False,False,False,False,False,False,False,False,True,False,True,True,False,True,False,False,False,False
28,1,826,11,3,3,62,4,2,4,6159,19186,0,24,3,4,3,6,5,1,0,0,0,0,3.0,2,0.0,False,True,False,True,True,False,False,False,False,False,False,False,True,False,False,False,False,False,False,True,False,True,False,False,False,False,False
58,0,365,29,1,1,32,3,5,2,18084,5204,1,19,3,1,3,21,6,3,8,4,4,3,1.75,13,0.36363636363636365,False,True,True,False,False,False,False,False,False,True,False,True,False,False,False,False,False,False,True,False,True,False,False,True,False,True,False
38,0,1418,29,2,2,79,4,2,2,5987,24355,2,20,4,2,3,10,5,1,2,0,1,1,1.75,3,0.18181818181818182,True,False,True,False,False,False,False,False,True,False,False,False,False,False,False,True,False,False,False,False,True,True,False,False,False,False,False
20,0,1304,25,2,3,83,3,1,3,3682,18940,1,13,3,3,1,1,3,3,0,0,0,0,3.0,1,0.0,False,True,False,True,True,False,False,False,False,False,False,False,False,False,False,False,True,False,True,False,False,False,False,False,False,False,False
39,0,241,2,3,4,79,3,2,4,5913,23624,1,23,4,2,0,8,2,2,8,5,3,5,3.0,10,0.8888888888888888,False,True,True,False,True,False,False,False,False,True,False,False,False,False,False,True,False,False,False,True,False,True,False,False,False,True,False
37,0,342,11,3,3,79,2,4,3,12697,10277,0,14,4,1,2,9,6,1,5,3,2,4,2.0,9,0.5,False,True,False,True,True,False,False,False,False,False,True,False,False,False,False,False,False,False,True,False,True,False,False,True,True,False,False
55,0,1002,12,5,3,32,2,3,3,8321,16695,2,15,3,3,2,15,3,3,13,8,6,8,3.0,17,0.8125,False,False,False,True,False,False,False,False,True,False,False,False,False,False,False,True,False,False,True,False,False,False,True,False,False,False,True
48,1,662,23,2,2,77,2,3,3,7868,12416,2,23,3,1,1,15,6,2,14,6,4,5,2.0,13,0.875,False,True,True,False,False,False,True,False,False,True,False,False,True,False,False,False,False,False,False,True,True,True,False,False,False,False,True
26,1,1051,13,4,2,53,4,1,1,2911,2388,2,14,4,2,0,0,6,2,0,0,0,0,1.75,1,0.0,False,True,True,False,True,False,False,False,False,False,False,True,False,False,False,False,False,False,False,False,False,False,False,False,False,False,False
24,0,169,5,5,3,73,3,1,3,2200,18166,1,21,3,3,0,7,0,4,2,1,1,2,3.25,3,0.25,False,True,True,False,False,False,True,False,False,True,False,False,False,False,False,True,False,False,False,True,False,False,False,False,False,False,False
43,1,1151,25,4,3,75,1,3,4,9992,9642,2,16,3,3,2,11,0,3,3,2,0,1,3.25,5,0.25,False,True,True,False,True,False,False,False,False,True,True,False,False,False,False,False,False,False,False,False,False,False,True,False,True,False,False
20,1,133,29,2,1,51,1,1,1,3224,5708,0,16,3,4,0,4,3,4,4,4,2,3,2.5,7,0.8,False,False,True,False,False,False,True,False,False,False,False,False,False,False,False,False,True,False,False,False,True,False,False,False,True,False,False
31,1,377,20,4,2,39,1,3,1,6558,7345,1,24,4,4,2,10,0,2,4,2,1,1,2.25,6,0.36363636363636365,False,True,True,False,False,False,True,False,False,True,False,False,False,True,False,False,False,False,False,True,True,True,False,False,True,False,False
23,0,1121,7,2,4,38,4,2,2,3904,19345,1,11,3,1,3,5,4,2,4,3,1,2,2.25,6,0.6666666666666666,False,True,True,False,True,False,False,False,False,True,False,True,False,False,False,False,False,False,True,False,False,False,False,False,True,False,False
18,0,587,29,3,3,61,1,1,4,4446,19850,0,22,3,2,3,4,0,3,4,3,2,3,3.0,6,0.8,False,True,False,True,False,True,False,False,False,True,False,False,False,False,False,False,True,False,True,False,True,True,False,False,True,False,False
57,0,392,22,4,3,72,1,4,1,13784,9403,2,13,3,1,1,12,5,1,8,3,3,6,1.5,10,0.6153846153846154,False,True,True,False,True,False,False,False,False,True,False,False,False,False,False,False,True,False,True,False,False,False,False,True,False,True,False
21,0,1335,19,2,4,30,2,2,3,5032,10583,0,23,3,4,0,1,2,4,1,0,0,0,3.75,2,0.5,False,True,True,False,False,False,True,False,False,True,False,False,True,False,False,False,False,False,True,False,True,True,False,False,False,False,False
18,0,941,29,1,2,82,2,2,1,6854,22497,1,21,3,1,2,5,4,2,4,1,1,1,1.5,4,0.6666666666666666,False,False,True,False,False,False,True,False,False,True,False,False,False,False,False,False,True,False,False,True,False,True,False,False,True,False,False
58,0,504,22,5,1,47,4,4,1,13818,13903,3,20,3,4,2,21,3,2,6,5,1,1,2.0,10,0.2727272727272727,False,True,True,False,False,False,False,True,False,True,False,False,False,False,False,False,False,True,False,True,False,False,False,True,False,True,False
26,0,1112,11,4,3,87,4,1,1,1566,11351,1,20,3,1,3,12,4,3,8,2,1,2,2.0,4,0.6153846153846154,False,True,True,False,False,False,True,False,False,False,False,False,False,False,False,False,False,False,True,False,True,False,False,False,False,True,False
53,0,288,29,1,2,79,1,5,3,17647,23392,2,11,3,1,0,23,4,1,9,5,3,7,1.75,13,0.375,False,True,True,False,False,False,False,False,True,True,False,False,False,False,False,False,True,False,False,True,True,False,False,True,False,True,False
19,0,789,6,2,4,81,3,1,3,3753,3338,0,16,3,4,0,3,2,2,3,1,1,1,3.25,3,0.75,False,True,False,True,True,False,False,False,False,True,False,False,False,False,False,True,False,False,False,True,False,False,False,False,True,False,False
24,0,366,7,2,1,44,4,1,2,5435,18994,1,21,3,1,0,3,5,1,0,0,0,0,1.25,1,0.0,False,True,True,False,False,False,False,False,True,True,False,False,False,False,False,False,True,False,True,False,False,True,False,False,False,False,False
22,0,1019,8,5,2,76,4,2,3,6507,17006,0,19,3,2,2,0,5,3,0,0,0,0,2.5,2,0.0,False,True,True,False,True,False,False,False,False,False,False,False,False,False,False,False,False,True,False,True,False,True,False,False,False,False,False
48,1,482,13,5,1,78,2,3,4,8042,11995,2,13,4,3,0,13,2,3,10,9,5,7,2.75,17,0.7142857142857143,False,True,False,True,False,False,True,False,False,False,False,False,False,True,False,False,False,False,False,False,False,False,True,False,False,True,False
44,0,438,15,4,2,88,1,4,4,13728,20767,3,22,3,3,3,12,0,1,5,2,2,2,2.5,8,0.38461538461538464,True,False,True,False,True,False,False,False,False,True,False,False,False,False,False,False,True,False,False,False,False,False,False,True,True,False,False
38,0,459,10,3,3,70,4,3,3,8558,9061,0,15,3,4,1,8,3,1,1,1,0,1,2.75,4,0.1111111111111111,True,False,False,True,False,False,False,True,False,True,False,False,False,True,False,False,False,False,False,False,True,False,True,False,False,False,False
28,0,1244,11,1,4,84,2,1,3,1009,17453,3,20,4,2,3,3,4,4,3,2,2,1,3.25,5,0.75,False,True,False,True,False,False,False,True,False,True,False,True,False,False,False,False,False,False,False,True,False,False,False,False,True,False,False
21,0,1312,15,2,4,62,1,1,1,3028,8504,1,20,3,3,1,4,5,2,3,1,1,1,2.5,3,0.6,False,False,False,False,False,False,True,False,False,False,False,False,False,False,False,False,False,False,True,False,False,False,False,False,True,False,False
42,0,390,6,1,1,97,3,3,3,9201,21489,4,14,3,4,0,18,1,4,14,10,3,11,3.0,16,0.7368421052631579,False,True,True,False,False,False,True,False,False,False,False,False,False,False,False,False,True,False,False,False,True,False,True,False,False,False,True
27,0,321,18,4,4,80,4,2,3,7628,12494,1,11,3,1,0,9,3,3,8,5,2,2,2.75,9,0.8,False,True,True,False,False,False,True,False,False,True,False,False,False,False,False,False,True,False,True,False,False,True,False,False,False,True,False
43,0,927,1,1,3,30,4,3,4,9809,22120,0,25,3,2,0,12,5,4,5,1,2,4,3.25,6,0.38461538461538464,True,False,False,True,True,False,False,False,False,False,False,False,False,False,False,True,False,False,True,False,False,False,True,False,True,False,False
47,0,999,12,4,1,86,4,3,3,10816,16553,2,22,4,2,3,18,3,2,14,10,3,8,2.0,16,0.7368421052631579,False,True,False,False,False,False,True,False,False,True,False,False,True,False,False,False,False,False,True,False,False,False,True,False,False,False,True
54,0,1269,8,5,1,40,3,3,1,10517,3146,1,11,4,4,3,19,5,2,16,10,3,13,2.0,16,0.8,False,True,False,True,False,False,True,False,False,False,False,False,False,False,False,False,False,False,True,False,True,False,True,False,False,False,True
39,0,1250,29,2,4,34,4,3,3,10174,17428,3,13,3,3,2,11,4,3,0,0,0,0,3.25,3,0.0,True,False,True,False,False,False,True,False,False,False,False,False,False,False,False,True,False,False,False,True,False,False,True,False,False,False,False
18,1,1210,10,4,3,71,1,1,3,3031,2140,0,19,3,3,0,1,1,3,1,1,0,0,3.0,2,0.5,False,True,False,True,True,False,False,False,False,False,False,False,False,False,False,False,True,False,True,False,True,False,False,False,False,False,False
30,0,162,13,5,1,65,2,2,4,5914,20355,1,24,3,1,1,6,1,3,0,0,0,0,2.25,2,0.0,True,False,False,True,False,False,False,False,True,True,False,False,True,False,False,False,False,False,False,True,False,True,False,False,False,False,False
54,0,173,10,3,2,58,1,4,2,11996,7680,3,14,3,4,2,20,5,2,13,6,5,10,2.5,15,0.6190476190476191,False,True,True,False,True,False,False,False,False,True,False,False,False,False,False,False,True,False,False,False,False,False,True,False,False,False,True
40,0,362,5,3,4,59,1,3,4,8656,26558,4,18,3,1,3,12,4,3,9,4,4,7,3.0,11,0.6923076923076923,True,False,False,True,False,False,True,False,False,True,False,False,False,True,False,False,False,False,True,False,True,False,True,False,False,True,False
44,0,614,5,2,1,54,4,3,2,9179,7690,0,21,3,2,0,11,5,2,8,3,1,3,1.75,7,0.6666666666666666,False,True,True,False,True,False,False,False,False,True,False,True,False,False,False,False,False,False,False,True,False,False,True,False,False,True,False
37,1,1133,4,3,3,95,2,5,2,18660,13396,2,24,3,3,0,7,2,4,5,3,2,3,3.0,10,0.625,False,True,False,True,True,False,False,False,False,False,False,False,False,False,False,True,False,False,True,False,False,False,False,True,True,False,False
24,1,1293,12,5,4,82,3,2,4,3650,16114,0,19,3,4,3,5,0,3,2,1,0,1,3.75,3,0.3333333333333333,False,True,True,False,True,False,False,False,False,True,False,True,False,False,False,False,False,False,True,False,True,False,False,False,False,False,False
56,0,1106,9,4,1,86,1,4,1,15899,5646,1,17,3,2,1,20,1,2,10,3,1,4,1.5,8,0.47619047619047616,True,False,True,False,True,False,False,False,False,False,False,False,False,False,False,False,True,False,False,True,False,False,False,True,False,True,False
51,0,1290,2,2,3,68,1,4,1,14487,7799,1,13,3,2,1,15,3,4,13,10,7,7,2.5,21,0.8125,False,True,True,False,False,False,True,False,False,False,False,False,False,True,False,False,False,False,False,False,False,False,False,True,False,False,True
60,1,622,29,3,3,83,1,3,4,10565,26307,4,19,3,1,1,16,0,1,9,3,1,6,2.25,7,0.5294117647058824,True,False,False,True,False,False,True,False,False,True,False,False,False,False,False,False,True,False,True,False,True,False,True,False,False,True,False
54,0,991,19,4,2,67,2,5,4,19891,11180,0,18,3,3,1,22,1,4,21,7,1,11,3.25,13,0.9130434782608695,False,True,True,False,False,False,True,False,False,False,False,True,False,False,False,False,False,False,True,False,False,False,False,True,False,False,True
30,0,291,14,1,3,94,3,3,1,10142,21307,0,24,3,1,1,11,1,2,0,0,0,0,1.75,3,0.0,False,True,False,False,False,False,True,False,False,True,False,True,False,False,False,False,False,False,False,False,False,False,True,False,False,False,False
28,0,253,2,4,3,33,1,2,4,6896,13392,0,18,3,3,3,0,0,1,0,0,0,0,2.75,2,0.0,False,True,False,True,True,False,False,False,False,True,False,False,False,False,False,False,True,False,True,False,True,True,False,False,False,False,False
28,0,1255,16,2,2,86,3,1,3,2185,7384,1,22,4,1,2,11,2,4,4,3,2,3,2.5,6,0.3333333333333333,False,True,False,True,True,False,False,False,False,True,False,False,False,False,False,False,False,False,True,False,False,False,False,False,True,False,False
57,0,666,13,2,2,62,1,4,4,13389,17057,3,17,3,2,0,18,5,3,15,7,2,6,2.75,13,0.7894736842105263,False,False,True,False,False,False,True,False,False,True,False,False,True,False,False,False,False,False,False,True,True,False,False,True,False,False,True
41,1,1117,22,3,3,52,4,3,2,7986,5548,2,18,3,2,0,13,2,1,4,3,1,3,2.0,7,0.2857142857142857,False,True,False,True,False,False,True,False,False,True,True,False,False,False,False,False,False,False,False,True,False,True,False,False,True,False,False
37,0,1444,7,3,1,73,4,3,3,7340,26917,2,11,3,3,2,14,2,2,9,8,4,7,2.25,15,0.6,False,True,True,False,False,False,True,False,False,False,False,False,False,False,False,False,True,False,True,False,True,True,False,False,False,True,False
59,0,904,8,5,1,95,3,5,1,19999,18919,4,18,3,2,3,26,3,2,11,4,4,4,1.5,13,0.4074074074074074,False,True,True,False,True,False,False,False,False,False,False,False,False,False,False,False,True,False,True,False,False,False,False,True,False,False,True
43,0,250,15,2,3,49,3,3,3,8551,19241,5,14,3,1,3,16,4,3,8,2,1,5,2.5,6,0.47058823529411764,False,True,False,True,False,True,False,False,False,False,False,False,False,False,False,True,False,False,True,False,False,False,True,False,False,True,False
57,0,1020,8,2,2,64,3,5,2,19551,2739,2,15,3,4,3,20,2,4,14,4,3,11,3.0,12,0.6666666666666666,False,True,True,False,True,False,False,False,False,True,True,False,False,False,False,False,False,False,True,False,False,False,False,True,False,False,True
60,0,1221,16,2,4,46,1,5,2,17403,8713,0,25,3,4,2,16,0,2,12,10,4,8,3.0,19,0.7058823529411765,True,False,True,False,False,False,True,False,False,True,False,True,False,False,False,False,False,False,True,False,False,False,False,True,False,False,True
21,0,486,5,5,4,88,4,2,2,6482,11722,0,21,3,2,0,0,2,4,0,0,0,0,3.0,2,0.0,False,True,True,False,True,False,False,False,False,False,False,False,False,False,False,True,False,False,False,False,True,True,False,False,False,False,False
33,0,685,11,5,1,69,4,1,2,2509,10830,5,13,3,2,0,11,0,4,5,3,2,3,2.25,6,0.4166666666666667,False,True,True,False,False,False,True,False,False,True,False,False,True,False,False,False,False,False,False,False,False,False,False,False,True,False,False
49,0,979,7,3,4,50,3,3,1,10013,4926,6,19,3,1,2,20,1,2,19,11,4,13,2.0,18,0.9047619047619048,False,True,False,True,True,False,False,False,False,True,False,False,False,False,False,False,True,False,True,False,False,False,True,False,False,False,True
52,0,1142,21,4,4,94,4,4,4,13178,3181,1,17,3,1,3,14,4,4,9,8,4,5,3.25,16,0.6,False,True,True,False,False,False,True,False,False,True,False,False,False,True,False,False,False,False,False,False,False,False,False,True,False,True,False
24,0,355,29,5,2,46,2,2,2,7098,16927,0,22,3,2,1,3,1,4,1,0,0,0,2.5,2,0.25,False,True,True,False,True,False,False,False,False,True,False,True,False,False,False,False,False,False,False,False,False,True,False,False,False,False,False
31,0,177,29,5,3,38,4,3,2,9629,12542,0,15,3,3,0,5,2,2,4,2,1,1,2.5,6,0.6666666666666666,False,True,False,True,False,False,True,False,False,True,False,False,False,False,False,False,False,False,False,True,True,False,True,False,True,False,False
41,0,992,2,4,2,48,1,3,4,7941,8057,1,20,4,3,2,10,2,3,4,3,2,3,3.0,8,0.36363636363636365,False,True,True,False,True,False,False,False,False,True,False,False,True,False,False,False,False,False,True,False,True,True,False,False,True,False,False
52,0,116,17,3,1,51,3,4,2,15701,16766,2,22,3,3,1,21,6,4,14,5,1,7,2.5,10,0.6363636363636364,True,False,False,True,False,False,True,False,False,True,False,False,False,False,False,True,False,False,False,True,True,False,False,True,False,False,True
22,0,733,7,5,1,48,2,1,3,4379,26768,0,21,3,1,2,4,1,3,0,0,0,0,2.0,1,0.0,False,False,True,False,True,False,False,False,False,False,False,False,False,False,False,False,False,False,True,False,False,True,False,False,False,False,False
43,0,521,5,2,3,34,4,4,4,14588,25739,1,19,4,1,0,12,0,3,4,1,1,2,2.75,6,0.3076923076923077,False,False,False,True,True,False,False,False,False,True,False,True,False,False,False,False,False,False,True,False,True,False,False,True,True,False,False
30,0,714,17,2,3,100,3,2,4,4308,23951,0,11,3,2,1,16,3,4,7,3,3,5,3.25,8,0.4117647058823529,True,False,True,False,False,False,True,False,False,False,False,False,False,False,False,False,True,False,True,False,True,True,False,False,False,True,False
27,0,1317,5,4,2,53,1,4,2,14960,8767,0,21,3,2,2,1,4,3,1,0,0,0,2.25,4,0.5,False,True,True,False,True,False,False,False,False,True,False,False,False,False,True,False,False,False,True,False,False,False,False,True,False,False,False
40,0,1409,26,1,2,98,2,2,3,5579,6332,1,25,3,3,3,13,3,2,13,6,3,10,2.5,11,0.9285714285714286,True,False,True,False,True,False,False,False,False,False,False,False,True,False,False,False,False,False,True,False,False,True,False,False,False,False,True
35,0,1051,17,3,4,79,4,4,4,14059,8158,0,20,3,3,1,5,4,3,3,1,1,2,3.5,6,0.5,False,True,False,False,False,True,False,False,False,False,True,False,False,False,False,False,False,False,True,False,False,False,False,True,True,False,False
45,0,621,22,5,3,86,4,4,3,14089,9818,0,19,3,1,3,13,6,4,6,5,1,2,2.75,10,0.42857142857142855,False,True,True,False,False,True,False,False,False,False,False,False,True,False,False,False,False,False,False,False,False,False,False,True,False,True,False
31,0,956,15,1,3,52,2,1,2,2964,2523,0,18,3,4,1,8,4,2,8,4,1,3,2.75,6,0.8888888888888888,False,True,True,False,False,False,False,False,True,True,False,False,False,False,False,True,False,False,False,False,False,False,False,False,False,True,False
53,0,296,4,5,3,76,2,4,3,12961,9913,2,12,3,3,2,20,3,4,9,4,2,7,3.25,10,0.42857142857142855,False,True,True,False,True,False,False,False,False,False,False,True,False,False,False,False,False,False,True,False,False,False,False,True,False,True,False
21,0,1495,9,3,1,58,1,2,1,3682,16405,1,25,3,2,1,2,4,1,2,1,1,1,1.25,4,0.6666666666666666,False,False,True,False,False,False,True,False,False,False,False,True,False,False,False,False,False,False,False,True,True,False,False,False,False,False,False
55,0,1322,29,5,2,55,1,4,4,11934,8317,4,16,3,3,2,17,1,2,8,7,3,5,2.75,14,0.4444444444444444,True,False,True,False,False,True,False,False,False,True,False,False,False,False,False,False,True,False,False,True,False,False,True,False,False,True,False
19,0,587,11,4,1,96,1,2,3,5859,26896,0,21,3,2,1,1,1,1,1,0,0,0,1.75,2,0.5,False,True,True,False,True,False,False,False,False,True,False,True,False,False,False,False,False,False,False,True,False,True,False,False,False,False,False
49,0,136,10,1,4,91,2,4,2,11091,23235,2,19,3,1,0,12,2,4,9,2,4,7,2.75,10,0.6923076923076923,False,True,False,True,False,True,False,False,False,True,False,False,False,False,False,True,False,False,True,False,True,False,True,False,False,True,False
32,1,1289,29,4,2,54,1,3,2,9371,11336,0,21,3,3,3,10,5,3,7,2,0,5,2.5,5,0.6363636363636364,False,True,True,False,True,False,False,False,False,True,False,False,False,False,False,False,True,False,False,True,True,False,True,False,False,True,False
34,0,144,14,1,1,30,1,2,1,6107,12360,0,12,3,1,0,10,5,1,8,6,1,4,1.0,9,0.7272727272727273,False,True,True,False,False,False,False,False,True,True,False,False,False,False,True,False,False,False,False,False,True,True,False,False,False,True,False
18,1,255,27,2,2,68,4,1,4,2637,14492,1,21,4,1,2,3,3,1,1,1,0,0,2.0,2,0.25,True,False,False,True,False,False,True,False,False,False,False,False,False,False,False,False,True,False,True,False,False,False,False,False,False,False,False
48,1,110,11,5,2,98,4,4,3,15232,10355,1,19,3,2,0,15,4,3,3,2,0,1,2.5,6,0.1875,False,False,False,True,False,False,True,False,False,False,False,True,False,False,False,False,False,False,True,False,True,False,False,True,True,False,False
25,1,340,5,5,4,96,4,2,1,5188,3544,1,18,4,4,2,4,5,2,1,0,0,1,2.75,2,0.2,False,True,False,False,False,False,True,False,False,True,False,False,False,False,False,False,False,True,False,True,False,True,False,False,False,False,False
46,0,1384,1,1,1,63,4,2,2,6002,11663,2,22,4,3,0,18,1,1,12,7,2,9,1.75,11,0.631578947368421,False,True,True,False,True,False,False,False,False,False,False,False,False,False,False,False,False,False,True,False,False,True,False,False,False,False,True
49,0,769,11,2,4,66,1,4,1,11650,16316,2,20,3,4,0,19,0,4,15,10,7,6,3.25,21,0.75,False,True,False,True,True,False,False,False,False,True,False,False,False,False,False,False,True,False,True,False,False,False,True,False,False,False,True
54,0,335,13,1,1,91,1,4,2,11310,8432,3,22,3,4,3,23,5,2,16,7,8,6,2.25,19,0.6666666666666666,False,True,True,False,False,True,False,False,False,True,False,False,False,False,False,False,False,False,True,False,True,False,True,False,False,False,True
48,1,1442,25,2,4,42,4,3,4,8218,7325,5,20,4,4,3,16,0,3,7,2,4,2,3.75,9,0.4117647058823529,False,True,True,False,False,False,True,False,False,True,False,False,True,False,False,False,False,False,False,True,False,False,True,False,False,True,False
30,0,683,1,5,3,49,1,2,3,6007,15067,1,22,3,3,1,12,1,4,10,4,1,3,3.25,7,0.7692307692307693,False,True,True,False,False,False,True,False,False,True,False,False,False,False,True,False,False,False,False,False,False,True,False,False,False,True,False
49,0,1084,18,1,3,40,4,4,2,15140,2478,2,24,3,2,1,14,2,1,8,5,2,7,2.0,11,0.5333333333333333,False,True,True,False,True,False,False,False,False,True,False,False,False,False,False,True,False,False,False,True,True,False,False,True,False,True,False
53,1,862,12,4,3,71,1,5,3,18787,20522,1,23,3,2,2,17,5,2,4,4,0,3,2.5,9,0.2222222222222222,False,True,False,False,False,False,True,False,False,True,False,False,False,False,False,False,True,False,False,True,False,False,False,True,True,False,False
31,0,259,11,5,1,93,1,2,3,5796,19125,3,25,3,1,1,12,2,3,9,3,2,4,2.0,7,0.6923076923076923,False,True,True,False,True,False,False,False,False,True,False,False,False,False,False,False,False,False,False,False,True,True,False,False,False,True,False
23,0,1094,29,5,4,52,4,2,1,6443,26141,2,19,3,3,0,7,0,4,0,0,0,0,3.0,2,0.0,True,False,True,False,True,False,False,False,False,False,False,False,False,False,False,True,False,False,False,True,False,True,False,False,False,False,False
56,0,1436,17,2,3,92,3,4,1,13847,5773,2,18,3,3,0,18,0,1,4,2,1,1,2.0,7,0.21052631578947367,False,True,True,False,False,False,False,False,False,False,False,False,False,False,False,False,False,True,False,True,False,False,False,True,True,False,False
24,0,1466,29,4,1,66,1,1,4,3705,21973,0,12,3,4,2,1,1,2,0,0,0,0,2.75,1,0.0,True,False,True,False,False,False,True,False,False,True,False,False,False,False,False,False,False,False,True,False,True,False,False,False,False,False,False
43,0,1171,6,3,1,47,1,4,4,12645,4613,1,20,3,1,3,12,0,4,11,9,5,3,2.5,18,0.8461538461538461,False,True,False,True,False,False,True,False,False,False,False,False,False,False,False,False,False,True,True,False,True,False,False,True,False,False,True
28,0,1039,9,1,3,98,4,1,1,1012,21255,2,21,3,4,2,4,2,2,4,2,0,2,2.5,3,0.8,False,True,False,True,False,False,False,True,False,True,True,False,False,False,False,False,False,False,False,True,True,False,False,False,True,False,False
23,0,1131,26,2,1,74,2,1,4,2359,7776,2,15,3,2,2,10,0,1,8,2,4,7,2.0,7,0.7272727272727273,False,True,False,False,True,False,False,False,False,False,False,False,False,True,False,False,False,False,False,True,True,False,False,False,False,True,False
51,0,1455,6,4,3,68,4,3,1,9430,22555,1,11,4,1,3,19,5,2,8,3,1,4,1.75,7,0.4,False,True,True,False,False,False,False,False,False,True,True,False,False,False,False,False,False,False,False,True,False,False,True,False,False,True,False
24,0,872,6,4,2,41,3,2,3,4647,5519,1,23,3,2,0,2,0,1,2,2,1,1,2.0,5,0.6666666666666666,False,True,True,False,False,False,True,False,False,True,False,False,False,False,False,False,False,False,True,False,False,True,False,False,False,False,False
46,0,1368,5,3,3,69,4,4,4,14781,22293,1,12,3,4,2,10,1,3,9,5,3,2,3.5,12,0.8181818181818182,False,True,True,False,False,False,True,False,False,True,False,False,False,False,False,False,True,False,False,True,True,False,False,True,False,True,False
47,0,651,8,4,4,46,4,4,1,12768,17606,1,21,3,2,0,12,0,4,5,2,0,2,2.75,6,0.38461538461538464,False,True,True,False,True,False,False,False,False,True,False,False,False,False,False,False,False,True,True,False,False,False,False,True,True,False,False
20,1,544,15,4,4,59,3,2,4,4801,3228,0,25,3,1,1,0,2,1,0,0,0,0,2.5,2,0.0,False,False,True,False,True,False,False,False,False,False,False,False,True,False,False,False,False,False,False,False,False,True,False,False,False,False,False
25,0,255,18,2,3,95,1,3,4,8790,8745,0,24,4,2,1,4,5,2,0,0,0,0,2.75,3,0.0,False,True,False,True,False,False,True,False,False,True,True,False,False,False,False,False,False,False,False,True,False,False,True,False,False,False,False
52,0,748,14,2,3,100,4,3,2,7699,13938,3,14,3,3,2,21,4,3,14,5,6,9,2.75,14,0.6363636363636364,False,True,False,True,True,False,False,False,False,False,False,False,False,False,False,True,False,False,True,False,False,True,False,False,False,False,True
39,0,967,9,5,1,58,2,2,4,4902,18805,0,20,3,2,0,8,6,1,6,5,1,3,2.0,8,0.6666666666666666,True,False,True,False,True,False,False,False,False,True,False,False,False,False,False,True,False,False,False,True,False,True,False,False,False,True,False
23,1,671,13,5,4,52,2,1,1,1009,20391,1,25,4,1,3,12,4,3,7,3,3,2,2.25,7,0.5384615384615384,False,True,True,False,False,False,True,False,False,True,False,False,False,False,False,False,False,True,False,True,True,False,False,False,False,True,False
60,1,280,29,1,4,44,3,5,3,19999,15691,2,21,3,1,2,17,2,1,5,2,1,3,2.25,8,0.2777777777777778,False,True,True,False,False,True,False,False,False,True,False,False,False,False,False,False,True,False,False,True,True,False,False,True,True,False,False
29,0,717,12,4,1,44,2,2,2,5358,19304,0,15,4,1,1,2,6,3,1,0,1,0,1.75,3,0.3333333333333333,True,False,False,True,True,False,False,False,False,True,False,False,False,False,False,False,False,False,False,False,False,True,False,False,False,False,False
18,0,926,9,1,4,67,3,1,3,1866,10901,1,12,4,3,1,7,1,2,4,3,1,1,3.0,5,0.5,False,True,True,False,False,True,False,False,False,True,False,False,False,True,False,False,False,False,True,False,True,False,False,False,True,False,False
57,0,266,1,5,1,98,2,4,2,16199,10234,1,18,3,2,0,24,0,4,14,5,5,7,2.25,14,0.56,False,True,True,False,False,False,False,False,False,False,False,False,False,False,False,False,True,False,True,False,True,False,False,True,False,False,True
18,0,855,11,3,3,90,4,1,2,2053,6912,0,20,3,2,1,1,2,4,0,0,0,0,2.75,1,0.0,False,True,True,False,False,True,False,False,False,True,False,False,False,False,False,False,True,False,True,False,False,False,False,False,False,False,False
41,0,635,25,4,1,50,1,2,3,4881,18702,3,13,3,2,0,13,6,4,9,4,1,3,2.5,7,0.6428571428571429,False,True,False,True,False,True,False,False,False,True,False,False,False,False,False,False,False,True,False,False,False,True,False,False,False,True,False
60,0,935,2,4,1,89,2,4,1,12846,18848,1,16,3,3,3,22,5,1,12,3,1,3,1.5,8,0.5217391304347826,False,False,True,False,False,False,True,False,False,True,False,False,False,False,False,False,True,False,False,True,False,False,False,True,False,False,True
42,0,110,4,4,1,63,4,3,4,9825,24843,2,17,3,4,3,13,3,4,8,2,3,3,3.25,8,0.5714285714285714,False,True,True,False,True,False,False,False,False,True,False,False,True,False,False,False,False,False,False,True,False,False,True,False,False,True,False
43,0,1257,8,2,2,77,4,4,3,15721,15154,2,18,3,3,2,8,6,1,7,1,3,5,2.25,8,0.7777777777777778,False,True,True,False,True,False,False,False,False,False,False,False,True,False,False,False,False,False,False,False,True,False,False,True,False,True,False
34,0,659,7,5,2,48,4,2,2,7101,17386,0,11,3,3,3,0,4,1,0,0,0,0,2.0,2,0.0,False,True,False,True,False,False,False,False,False,False,False,False,False,False,False,False,False,False,True,False,True,True,False,False,False,False,False
23,0,676,13,3,2,87,3,1,3,4589,20046,2,15,4,3,0,1,1,4,1,1,0,0,3.0,2,0.5,False,True,False,True,False,False,True,False,False,False,False,True,False,False,False,False,False,False,True,False,False,True,False,False,False,False,False
42,0,256,29,3,2,63,3,2,2,4783,23815,3,23,3,1,3,19,0,4,8,3,4,2,2.25,9,0.4,False,True,False,True,False,True,False,False,False,False,False,False,False,False,False,False,True,False,True,False,False,True,False,False,False,True,False
56,0,711,5,2,3,85,1,5,3,19999,14699,8,15,3,4,1,25,0,2,15,7,8,11,3.0,20,0.5769230769230769,False,True,True,False,False,False,False,True,False,True,False,False,False,False,False,False,False,True,True,False,False,False,False,True,False,False,True
21,0,657,7,1,2,47,2,1,3,2765,20695,0,23,3,3,3,2,5,4,0,0,0,0,3.0,1,0.0,True,False,True,False,True,False,False,False,False,True,False,False,False,False,False,False,True,False,False,True,True,False,False,False,False,False,False
55,0,185,11,3,3,98,3,4,4,12149,22069,2,23,3,4,3,15,2,1,4,1,0,3,3.0,5,0.25,False,True,False,True,True,False,False,False,False,True,False,False,False,False,False,True,False,False,False,True,True,False,False,True,True,False,False
35,0,910,7,2,2,59,2,1,2,2488,16609,0,23,3,2,0,10,2,2,4,1,0,1,2.0,2,0.36363636363636365,True,False,True,False,False,False,True,False,False,True,True,False,False,False,False,False,False,False,True,False,True,False,False,False,True,False,False
41,0,503,13,4,2,76,2,2,2,5891,15785,0,19,3,1,3,13,2,1,6,5,3,4,1.5,10,0.42857142857142855,False,True,False,True,True,False,False,False,False,True,False,False,False,False,False,True,False,False,True,False,True,True,False,False,False,True,False
25,0,599,17,2,1,67,3,1,2,2226,18703,0,16,3,3,3,7,0,3,5,3,2,2,2.25,6,0.625,False,True,True,False,False,False,True,False,False,True,False,False,False,False,False,True,False,False,True,False,False,False,False,False,True,False,False
44,0,215,7,5,2,72,3,3,4,8676,22350,0,14,3,2,3,4,0,4,3,2,1,2,3.0,6,0.6,False,True,True,False,False,True,False,False,False,False,True,False,False,False,False,False,False,False,True,False,True,False,True,False,True,False,False
25,0,996,22,4,1,48,2,1,4,3644,15975,2,19,3,1,0,16,5,3,9,5,5,5,2.25,11,0.5294117647058824,True,False,False,True,False,False,True,False,False,True,False,False,False,False,False,False,True,False,False,False,False,False,False,False,False,True,False
29,1,300,9,3,3,94,2,2,1,5993,15784,2,22,4,4,3,10,4,3,2,2,0,1,2.75,4,0.18181818181818182,False,True,False,True,True,False,False,False,False,False,False,False,False,False,False,False,True,False,False,False,False,True,False,False,False,False,False
49,0,932,6,4,3,44,1,4,1,14786,7515,1,23,3,3,1,15,1,1,11,3,5,5,2.0,12,0.6875,False,True,False,True,False,True,False,False,False,True,False,True,False,False,False,False,False,False,True,False,False,False,False,True,False,False,True
20,0,698,3,4,4,55,2,3,4,8284,26046,1,12,3,4,0,0,0,3,0,0,0,0,3.75,3,0.0,True,False,False,True,True,False,False,False,False,True,False,False,False,False,False,False,False,True,False,True,True,False,True,False,False,False,False
37,1,1140,19,4,2,60,2,2,1,4627,3514,3,24,3,1,2,14,3,2,10,8,5,8,1.5,15,0.6666666666666666,False,True,True,False,False,False,False,False,True,True,False,False,False,False,True,False,False,False,True,False,True,True,False,False,False,True,False
43,1,670,15,3,1,64,4,3,1,6736,23342,1,15,3,1,0,14,0,3,6,1,3,3,1.5,7,0.4,False,True,False,True,True,False,False,False,False,True,False,False,True,False,False,False,False,False,True,False,True,True,False,False,False,True,False
23,0,1017,5,5,4,46,2,2,1,5394,11641,0,14,3,2,2,4,2,1,3,2,1,1,2.0,5,0.6,False,True,False,True,False,False,False,False,True,False,True,False,False,False,False,False,False,False,True,False,False,True,False,False,True,False,False
30,0,1409,6,2,3,90,4,1,1,2355,8422,0,16,3,4,0,9,5,3,1,0,0,1,2.75,1,0.1,False,True,False,False,False,False,True,False,False,True,False,False,False,False,False,False,True,False,False,True,False,False,False,False,False,False,False
32,0,464,14,3,2,73,3,2,1,5358,7737,0,16,4,3,2,7,1,2,4,2,2,1,2.0,6,0.5,False,True,True,False,False,False,True,False,False,True,False,False,False,False,False,False,False,False,True,False,False,True,False,False,True,False,False
46,0,268,18,2,4,99,2,4,3,11515,20228,1,13,3,4,0,16,5,4,3,2,1,2,3.75,7,0.17647058823529413,False,True,False,True,False,False,True,False,False,True,False,False,False,False,False,False,True,False,True,False,True,False,True,False,True,False,False
59,0,950,15,3,3,54,2,5,3,17178,9305,2,15,3,4,2,22,6,4,10,6,2,7,3.5,13,0.43478260869565216,False,False,True,False,True,False,False,False,False,True,True,False,False,False,False,False,False,False,True,False,True,False,False,True,False,True,False
53,0,310,19,5,3,59,4,5,1,19612,5381,5,23,3,4,3,18,1,4,15,9,8,4,3.0,22,0.7894736842105263,False,True,True,False,False,False,True,False,False,True,True,False,False,False,False,False,False,False,False,False,False,False,False,True,False,False,True
26,0,408,29,4,2,70,4,1,3,1037,13564,1,11,3,2,0,6,4,2,0,0,0,0,2.25,1,0.0,False,True,True,False,False,False,False,False,True,True,False,False,False,False,False,True,False,False,True,False,True,False,False,False,False,False,False
18,0,1150,23,2,2,71,4,1,1,2772,24784,1,21,4,1,0,6,5,3,3,1,1,2,1.75,3,0.42857142857142855,False,False,True,False,False,True,False,False,False,True,False,False,False,False,False,False,False,True,True,False,False,False,False,False,True,False,False
20,0,1058,19,5,2,42,4,2,3,4503,23728,0,24,3,4,3,0,3,3,0,0,0,0,3.0,2,0.0,False,True,False,True,True,False,False,False,False,True,False,False,False,False,False,False,False,False,True,False,False,True,False,False,False,False,False
43,1,133,8,4,3,89,1,4,3,12927,10699,3,21,3,3,1,10,2,4,4,1,2,2,3.25,7,0.36363636363636365,False,True,False,True,False,False,True,False,False,True,False,False,False,False,False,False,True,False,True,False,False,False,False,True,True,False,False
24,0,924,4,3,4,100,4,2,2,5602,18187,0,18,3,2,2,4,6,4,4,2,2,2,3.0,6,0.8,False,True,True,False,False,False,False,False,True,True,False,False,False,False,False,False,False,False,False,True,False,True,False,False,True,False,False
27,0,1011,29,1,4,66,3,3,2,8534,13984,0,19,3,2,0,3,2,1,3,2,1,1,2.25,6,0.75,False,True,True,False,False,True,False,False,False,True,True,False,False,False,False,False,False,False,True,False,False,False,True,False,True,False,False
54,0,552,8,3,2,56,3,3,4,9156,12012,6,19,3,4,1,16,1,4,14,6,4,8,3.5,13,0.8235294117647058,False,True,True,False,False,False,True,False,False,False,False,False,False,False,False,True,False,False,True,False,False,False,True,False,False,False,True
55,0,1146,16,5,4,58,2,5,4,17678,2606,2,16,3,2,3,23,0,2,10,4,2,5,3.0,11,0.4166666666666667,False,False,False,True,True,False,False,False,False,True,False,False,False,False,False,False,True,False,True,False,False,False,False,True,False,True,False
54,0,1109,3,3,3,34,3,5,4,17939,5972,0,23,4,4,3,17,6,4,4,3,2,3,3.75,10,0.2222222222222222,True,False,True,False,False,False,False,False,False,False,True,False,False,False,False,False,False,False,False,True,False,False,False,True,True,False,False
28,1,980,2,1,1,34,4,1,1,4348,23702,1,20,3,1,3,0,1,3,0,0,0,0,1.5,1,0.0,False,True,False,True,True,False,False,False,False,False,False,True,False,False,False,False,False,False,False,False,False,True,False,False,False,False,False
44,0,451,22,1,4,56,3,5,2,18730,26076,1,11,3,2,1,12,0,2,7,2,2,5,2.5,9,0.5384615384615384,False,True,True,False,True,False,False,False,False,True,False,True,False,False,False,False,False,False,True,False,False,False,False,True,False,True,False
44,0,504,6,5,1,45,1,4,2,14439,25704,3,22,3,1,3,13,0,1,8,7,3,4,1.25,14,0.5714285714285714,True,False,True,False,False,True,False,False,False,False,False,False,True,False,False,False,False,False,True,False,True,False,False,True,False,True,False
25,0,866,16,3,1,50,4,1,1,2403,25898,0,14,3,4,1,5,2,4,1,0,0,1,2.5,1,0.16666666666666666,False,True,True,False,True,False,False,False,False,False,False,False,False,False,False,False,False,False,False,True,False,False,False,False,False,False,False
41,1,246,6,4,1,53,4,3,2,9046,13811,1,19,3,4,1,14,4,1,6,5,0,2,2.0,8,0.4,True,False,False,True,False,False,False,False,True,False,False,False,False,False,False,True,False,False,True,False,False,False,True,False,False,True,False
40,0,676,18,2,3,42,3,2,1,2513,3732,1,13,4,1,1,13,4,1,11,2,4,6,1.5,8,0.7857142857142857,False,True,True,False,True,False,False,False,False,True,False,False,False,False,False,False,True,False,True,False,False,False,False,False,False,False,True
35,0,1490,11,1,1,58,1,3,2,9882,6773,1,18,3,3,3,9,5,1,2,1,1,1,1.75,5,0.2,False,True,True,False,False,True,False,False,False,True,False,False,False,False,False,False,False,True,True,False,True,False,True,False,False,False,False
50,0,999,10,3,3,32,2,4,3,13454,21880,1,13,3,4,0,12,4,3,5,3,1,2,3.25,8,0.38461538461538464,True,False,True,False,False,False,False,True,False,True,False,True,False,False,False,False,False,False,True,False,False,False,False,True,True,False,False
47,1,1302,15,4,3,85,2,3,2,7001,19372,9,14,3,3,3,13,0,2,7,2,1,1,2.5,6,0.5,False,True,True,False,False,False,False,True,False,False,False,False,False,False,False,False,False,False,False,False,True,True,False,False,False,True,False
40,0,555,17,2,3,79,4,4,3,12725,26716,0,24,3,3,3,9,5,3,4,3,1,2,3.0,8,0.4,False,True,True,False,False,False,False,False,False,True,False,False,False,False,True,False,False,False,True,False,False,False,False,True,True,False,False
49,0,1122,7,4,2,41,4,4,2,13684,9489,3,12,3,2,2,14,1,4,7,3,3,1,2.5,10,0.4666666666666667,True,False,False,True,False,False,False,False,True,True,False,False,False,False,False,False,True,False,True,False,False,False,False,True,False,True,False
50,0,1129,16,3,2,41,1,3,2,8368,12023,5,15,3,1,0,18,6,2,9,5,1,4,1.75,9,0.47368421052631576,False,True,False,True,True,False,False,False,False,True,False,False,False,False,True,False,False,False,True,False,True,False,True,False,False,True,False
42,0,363,17,2,3,35,1,3,2,8669,26002,5,11,3,4,2,14,2,1,11,8,4,5,2.5,15,0.7333333333333333,False,True,True,False,False,False,False,True,False,True,False,False,True,False,False,False,False,False,True,False,False,False,True,False,False,False,True
29,0,410,22,2,2,43,1,2,1,4069,24872,0,13,3,4,0,9,0,2,5,3,2,3,2.25,7,0.5,False,True,False,True,False,False,False,False,False,False,True,False,False,False,False,False,False,False,True,False,False,True,False,False,True,False,False
50,0,703,27,2,3,71,4,4,1,15045,9843,0,21,3,4,1,15,2,3,2,1,1,2,2.75,6,0.125,False,True,False,True,False,False,True,False,False,True,False,False,False,False,False,True,False,False,True,False,False,False,False,True,False,False,False
48,0,991,12,2,3,35,4,3,1,7871,25936,1,19,3,1,0,20,3,3,8,3,3,6,2.0,9,0.38095238095238093,False,True,True,False,True,False,False,False,False,True,False,False,False,False,False,True,False,False,False,True,True,True,False,False,False,True,False
60,0,1093,6,4,3,30,1,5,3,18311,16432,2,16,3,3,2,23,5,1,5,1,2,4,2.5,8,0.20833333333333334,False,True,False,True,True,False,False,False,False,True,False,False,False,False,False,False,False,False,False,True,False,False,False,True,True,False,False
24,0,1466,5,2,2,70,4,1,1,2728,26818,0,12,3,2,1,5,3,4,3,3,0,2,2.25,4,0.5,False,True,False,True,False,False,True,False,False,True,True,False,False,False,False,False,False,False,False,True,False,False,False,False,True,False,False
36,0,243,7,4,1,96,3,1,2,3795,3325,1,21,3,2,3,12,0,3,6,4,1,1,2.0,6,0.46153846153846156,True,False,False,True,False,False,True,False,False,True,True,False,False,False,False,False,False,False,False,False,True,False,False,False,False,True,False
57,0,997,8,2,3,63,2,5,1,18959,16437,6,14,3,2,2,17,0,2,15,10,1,5,2.0,16,0.8333333333333334,False,True,False,True,True,False,False,False,False,True,False,True,False,False,False,False,False,False,True,False,False,False,False,True,False,False,True
40,0,1439,9,2,2,48,3,2,2,4849,26745,0,18,3,1,1,4,4,2,4,2,2,1,1.75,6,0.8,False,True,True,False,True,False,False,False,False,False,False,False,False,True,False,False,False,False,True,False,False,True,False,False,True,False,False
58,0,338,11,5,2,89,1,4,2,13612,26061,3,12,3,3,3,17,0,4,11,5,6,2,2.75,15,0.6111111111111112,False,True,True,False,False,False,True,False,False,True,False,False,False,False,False,False,True,False,True,False,False,False,False,True,False,False,True
18,0,1436,13,5,1,89,1,1,1,4463,16443,1,17,3,3,1,4,3,1,1,0,0,1,1.5,1,0.2,True,False,False,True,True,False,False,False,False,True,False,False,True,False,False,False,False,False,True,False,False,True,False,False,False,False,False
19,0,1278,14,3,3,89,2,1,3,4266,3148,1,24,3,4,1,2,6,2,2,1,1,2,3.0,3,0.6666666666666666,False,True,True,False,False,False,False,True,False,False,False,False,False,False,False,False,False,True,False,False,False,True,False,False,False,False,False
52,0,312,20,2,4,56,3,4,4,14439,26384,1,20,3,4,1,16,5,2,16,8,6,9,3.5,18,0.9411764705882353,True,False,True,False,True,False,False,False,False,True,False,False,False,False,False,False,False,True,False,False,True,False,False,True,False,False,True
33,0,397,29,4,4,32,4,2,3,5678,6031,0,18,3,3,2,5,4,3,1,0,0,1,3.25,2,0.16666666666666666,False,True,False,False,True,False,False,False,False,False,False,False,False,False,False,True,False,False,False,False,False,True,False,False,False,False,False
40,0,377,14,1,2,100,3,3,1,11276,9583,0,13,3,4,3,5,2,1,3,1,1,2,2.0,5,0.5,False,True,True,False,True,False,False,False,False,True,True,False,False,False,False,False,False,False,False,False,False,False,True,False,True,False,False
36,0,230,8,3,1,93,2,2,4,6056,23921,2,14,4,2,3,15,3,4,7,4,3,3,2.75,9,0.4375,False,False,False,True,False,False,False,False,True,False,False,False,False,False,False,False,True,False,False,True,False,True,False,False,False,True,False
35,1,610,20,3,1,65,3,2,4,5717,15222,1,25,3,1,2,8,0,2,6,3,2,2,2.0,7,0.6666666666666666,True,False,True,False,False,False,False,False,True,True,False,True,False,False,False,False,False,False,False,True,True,True,False,False,False,True,False
58,0,718,19,4,2,85,1,5,4,18757,8514,1,25,3,4,0,18,5,3,5,2,2,4,3.25,9,0.2631578947368421,False,True,True,False,True,False,False,False,False,False,False,False,False,True,False,False,False,False,True,False,True,False,False,True,True,False,False
22,0,731,7,1,1,98,3,1,1,3428,2551,1,15,3,2,3,1,0,3,1,1,0,1,1.75,2,0.5,False,True,True,False,True,False,False,False,False,True,False,False,False,True,False,False,False,False,True,False,False,False,False,False,False,False,False
51,0,1265,19,1,1,34,4,5,1,15346,6626,1,20,3,2,1,21,0,1,11,7,3,4,1.25,15,0.5,False,True,True,False,False,False,True,False,False,True,False,False,True,False,False,False,False,False,False,True,True,False,False,True,False,False,True
56,0,717,5,2,3,63,2,5,4,19999,21291,4,22,3,2,2,22,4,4,16,3,4,4,3.25,12,0.6956521739130435,False,True,False,True,True,False,False,False,False,False,False,False,False,False,False,False,False,False,True,False,True,False,False,True,False,False,True
46,0,369,4,1,1,91,3,3,4,6974,19943,3,17,3,4,1,11,4,2,10,7,4,7,2.75,14,0.8333333333333334,True,False,True,False,False,True,False,False,False,True,False,False,False,False,False,False,True,False,False,True,False,True,False,False,False,True,False
34,0,1063,5,3,3,80,2,1,2,2138,6240,1,14,3,2,1,13,3,3,13,7,6,9,2.5,14,0.9285714285714286,True,False,True,False,True,False,False,False,False,True,False,False,False,False,False,False,True,False,False,True,False,False,False,False,False,False,True
24,0,997,20,5,4,37,4,1,2,1320,24534,0,16,3,3,1,4,3,3,4,2,2,2,3.0,5,0.8,False,True,True,False,False,False,True,False,False,True,False,False,False,True,False,False,False,False,False,True,True,False,False,False,True,False,False
47,0,758,10,2,4,34,1,4,3,13116,12686,0,18,3,3,2,12,4,3,4,3,1,3,3.25,8,0.3076923076923077,False,True,True,False,True,False,False,False,False,False,False,False,True,False,False,False,False,False,False,False,True,False,False,True,True,False,False
38,0,1000,22,3,4,53,1,2,4,5092,19511,2,16,3,3,1,9,3,3,6,2,3,3,3.5,7,0.6,False,True,True,False,False,False,True,False,False,True,False,True,False,False,False,False,False,False,True,False,False,True,False,False,False,True,False
24,0,359,29,2,2,61,4,1,2,4067,18781,2,18,4,3,0,1,0,3,0,0,0,0,2.5,1,0.0,False,True,True,False,False,False,True,False,False,False,False,False,False,False,False,True,False,False,True,False,False,True,False,False,False,False,False
33,0,1190,29,1,3,38,3,2,3,7047,4968,0,13,3,1,1,4,3,3,3,1,1,2,2.5,4,0.6,True,False,True,False,True,False,False,False,False,False,False,False,False,False,False,False,True,False,False,False,True,True,False,False,True,False,False
59,0,466,7,4,1,49,2,5,4,19999,4139,2,15,3,4,1,23,0,2,9,2,4,6,2.75,11,0.375,False,True,True,False,True,False,False,False,False,True,False,False,False,False,False,False,False,True,False,False,False,False,False,True,False,True,False
29,0,169,10,2,1,66,4,2,2,5623,17363,0,13,3,2,2,6,0,4,4,2,2,3,2.25,6,0.5714285714285714,False,True,False,False,True,False,False,False,False,True,False,True,False,False,False,False,False,False,True,False,True,True,False,False,True,False,False
25,0,676,12,3,4,86,2,2,2,5237,21610,1,16,3,1,1,7,3,3,0,0,0,0,2.5,2,0.0,False,True,True,False,True,False,False,False,False,True,False,False,False,True,False,False,False,False,False,False,True,True,False,False,False,False,False
47,0,437,29,4,1,70,2,3,1,9435,25478,5,15,3,1,0,16,4,4,14,3,1,5,1.75,7,0.8235294117647058,False,False,True,False,False,False,False,True,False,False,False,True,False,False,False,False,False,False,False,True,False,False,True,False,False,False,True
26,1,827,7,5,2,67,1,3,3,7475,22162,0,17,3,2,2,7,0,3,6,3,1,5,2.5,7,0.75,False,True,True,False,True,False,False,False,False,True,False,False,False,False,False,True,False,False,True,False,False,True,False,False,False,True,False
57,0,749,24,1,2,82,3,5,2,17841,16700,2,25,3,3,3,12,2,3,2,1,1,1,2.5,7,0.15384615384615385,False,True,False,True,True,False,False,False,False,True,False,False,False,False,False,True,False,False,False,True,False,False,False,True,False,False,False
54,0,1391,16,3,2,75,4,5,1,18559,15325,3,23,3,3,1,15,6,2,11,6,5,2,2.0,16,0.6875,False,True,False,True,True,False,False,False,False,True,False,False,False,False,False,False,True,False,True,False,True,False,False,True,False,False,True
60,0,683,1,5,3,46,4,5,3,18959,12160,4,20,3,4,2,22,5,2,9,2,3,6,3.0,10,0.391304347826087,False,True,False,True,False,True,False,False,False,True,False,False,True,False,False,False,False,False,True,False,False,False,False,True,False,True,False
57,0,236,9,3,4,48,3,4,3,11520,17160,1,18,3,4,1,15,5,4,9,4,1,4,3.75,9,0.5625,False,True,True,False,False,False,False,False,False,False,False,False,False,False,False,True,False,False,False,True,True,False,True,False,False,True,False
28,0,818,5,1,3,38,1,2,1,6780,25950,0,15,3,2,1,7,4,3,7,4,2,4,2.25,8,0.875,False,True,False,True,False,True,False,False,False,False,False,False,False,False,False,True,False,False,True,False,True,True,False,False,False,True,False
27,0,1225,9,2,3,38,1,3,3,8788,4440,0,12,3,4,3,1,1,2,0,0,0,0,3.0,3,0.0,False,True,True,False,False,False,True,False,False,True,True,False,False,False,False,False,False,False,True,False,False,False,True,False,False,False,False
32,0,472,1,4,3,88,2,3,3,9458,14010,0,20,3,3,3,8,2,4,8,6,2,2,3.25,11,0.8888888888888888,False,True,True,False,False,True,False,False,False,True,False,True,False,False,False,False,False,False,True,False,False,False,True,False,False,True,False
38,0,536,29,4,2,78,4,1,2,1115,13271,2,14,4,4,0,16,4,1,15,13,6,4,2.25,20,0.8823529411764706,True,False,False,True,True,False,False,False,False,False,False,True,False,False,False,False,False,False,False,True,False,False,False,False,False,False,True
55,0,354,8,2,2,75,3,5,2,18202,9668,3,11,3,1,2,21,4,1,9,2,1,6,1.5,8,0.4090909090909091,False,True,True,False,False,False,False,False,True,False,False,True,False,False,False,False,False,False,False,True,False,False,False,True,False,True,False
49,0,1117,9,1,4,61,4,3,3,7641,23042,0,25,3,3,3,9,0,3,4,2,2,1,3.25,7,0.4,False,True,True,False,False,True,False,False,False,False,False,False,False,False,False,True,False,False,True,False,False,True,False,False,True,False,False
45,0,335,29,2,2,36,4,4,4,13757,15713,3,14,3,3,2,17,6,2,17,14,6,10,2.75,24,0.9444444444444444,False,True,True,False,True,False,False,False,False,True,False,False,False,False,False,False,True,False,False,False,False,False,False,True,False,False,True
55,0,462,3,2,2,59,4,5,4,18960,4318,6,12,3,1,2,25,6,4,7,4,2,4,2.75,11,0.2692307692307692,True,False,False,True,False,False,True,False,False,False,False,False,False,False,True,False,False,False,False,False,True,False,False,True,False,True,False
45,0,223,17,4,1,40,2,2,2,6544,19422,5,19,3,3,3,23,0,3,16,14,4,5,2.25,20,0.6666666666666666,True,False,True,False,True,False,False,False,False,True,False,True,False,False,False,False,False,False,False,True,False,True,False,False,False,False,True
34,0,640,6,5,1,98,3,3,3,8619,26717,2,20,4,3,2,10,4,4,10,7,5,3,2.75,15,0.9090909090909091,True,False,True,False,True,False,False,False,False,True,False,False,True,False,False,False,False,False,True,False,True,False,True,False,False,True,False
35,0,1313,2,1,4,58,1,3,2,7610,6772,0,15,3,1,3,4,1,2,1,1,0,0,2.25,4,0.2,False,True,True,False,False,False,False,False,True,False,True,False,False,False,False,False,False,False,True,False,False,True,False,False,False,False,False
40,1,721,18,4,1,38,2,3,1,11125,14195,1,14,4,4,0,13,2,2,2,1,1,2,2.0,5,0.14285714285714285,False,True,False,True,True,False,False,False,False,True,False,False,False,False,False,False,True,False,False,False,True,False,True,False,False,False,False
21,0,267,28,4,3,50,2,2,4,5181,8075,2,13,3,4,2,8,6,2,7,3,2,6,3.25,7,0.7777777777777778,False,True,True,False,False,True,False,False,False,True,False,False,False,False,False,False,False,False,False,True,False,True,False,False,False,True,False
49,0,1150,11,4,1,75,1,5,2,17912,2412,3,17,3,2,0,15,4,3,9,5,3,4,2.0,13,0.5625,False,True,True,False,False,False,False,True,False,True,False,False,False,False,False,False,True,False,True,False,False,False,False,True,False,True,False
46,0,597,20,5,4,62,1,4,2,11738,12818,1,17,3,1,0,18,2,3,18,10,9,3,2.5,23,0.9473684210526315,False,True,False,True,False,False,True,False,False,False,False,True,False,False,False,False,False,False,True,False,True,False,True,False,False,False,True
49,0,334,7,1,2,34,2,4,3,14108,10559,4,16,3,1,2,13,0,4,10,7,1,6,2.5,12,0.7142857142857143,False,True,True,False,True,False,False,False,False,True,False,False,False,False,True,False,False,False,False,True,False,False,False,True,False,True,False
40,0,129,17,4,4,55,1,4,3,14829,24558,2,24,3,1,3,13,5,1,4,4,1,2,2.25,9,0.2857142857142857,False,True,False,True,False,False,True,False,False,False,False,False,False,False,False,False,True,False,False,True,False,False,False,True,True,False,False
51,0,586,12,1,4,78,3,5,2,17632,14561,3,25,3,1,3,8,2,1,2,1,1,1,2.0,7,0.2222222222222222,False,True,True,False,False,True,False,False,False,True,True,False,False,False,False,False,False,False,False,True,False,False,False,True,False,False,False
58,0,320,8,5,3,67,2,5,1,19750,17800,0,24,3,2,3,16,4,4,14,7,4,6,2.5,16,0.8235294117647058,False,True,True,False,True,False,False,False,False,True,False,False,False,True,False,False,False,False,True,False,True,False,False,True,False,False,True
42,0,840,5,3,4,69,1,3,3,8600,25977,2,19,3,3,2,12,1,3,12,10,2,7,3.25,15,0.9230769230769231,False,True,False,True,True,False,False,False,False,False,False,True,False,False,False,False,False,False,True,False,False,False,True,False,False,False,True
37,0,705,27,1,4,76,1,3,4,6372,15290,0,25,3,3,1,9,5,2,5,4,3,2,3.25,10,0.5,True,False,True,False,False,False,True,False,False,False,False,False,False,False,False,False,True,False,True,False,False,True,False,False,True,False,False
22,0,1020,12,4,3,81,2,2,1,6251,19657,0,14,3,3,0,0,2,2,0,0,0,0,2.25,2,0.0,False,True,True,False,False,False,False,False,False,True,False,False,False,True,False,False,False,False,False,True,True,True,False,False,False,False,False
51,0,486,9,4,2,60,1,4,1,13682,15172,1,22,3,3,3,15,5,4,6,4,2,3,2.5,10,0.375,True,False,True,False,True,False,False,False,False,False,False,True,False,False,False,False,False,False,False,False,False,False,False,True,False,True,False
56,0,208,10,3,4,83,3,5,4,17649,16564,2,20,3,1,3,20,0,4,11,10,5,4,3.25,20,0.5238095238095238,False,True,True,False,True,False,False,False,False,False,False,False,False,False,False,False,True,False,True,False,False,False,False,True,False,False,True
48,0,260,18,2,4,94,4,3,3,9648,7293,2,20,4,4,0,15,4,1,15,7,7,12,3.0,17,0.9375,True,False,True,False,False,False,False,True,False,True,False,True,False,False,False,False,False,False,False,False,True,False,True,False,False,False,True
55,0,234,20,1,2,39,3,5,3,19999,26165,2,12,3,1,3,18,6,2,14,4,4,6,2.0,13,0.7368421052631579,True,False,False,True,True,False,False,False,False,False,False,False,False,False,False,False,True,False,False,True,False,False,False,True,False,False,True
55,0,475,12,5,2,81,1,4,2,12623,9721,4,13,3,2,1,21,3,4,10,3,1,2,2.5,8,0.45454545454545453,False,True,True,False,True,False,False,False,False,False,True,False,False,False,False,False,False,False,False,False,False,False,False,True,False,True,False
52,0,1105,17,1,2,49,1,3,2,8852,9440,0,24,3,3,2,16,3,3,16,8,8,4,2.5,19,0.9411764705882353,False,False,True,False,False,False,True,False,False,True,False,False,False,False,False,True,False,False,False,False,False,False,True,False,False,False,True
39,0,866,9,5,4,37,4,3,1,8744,10510,2,15,3,1,0,16,4,4,10,8,5,7,2.5,16,0.5882352941176471,False,True,True,False,True,False,False,False,False,False,False,True,False,False,False,False,False,False,False,False,False,False,True,False,False,True,False
22,0,613,10,3,1,47,4,1,4,2918,11550,1,16,3,2,0,0,5,1,0,0,0,0,2.0,1,0.0,False,True,False,True,True,False,False,False,False,True,False,False,False,False,False,False,False,True,False,False,False,False,False,False,False,False,False
18,1,433,19,4,1,96,2,1,3,2381,10866,3,21,3,4,2,8,5,3,2,1,0,1,2.75,2,0.2222222222222222,True,False,False,True,False,False,True,False,False,True,False,False,True,False,False,False,False,False,True,False,True,False,False,False,False,False,False
26,0,333,9,4,3,73,2,2,4,5322,21226,1,24,3,1,1,9,0,1,7,3,2,1,2.25,7,0.7,False,True,True,False,False,False,True,False,False,True,False,False,False,False,True,False,False,False,True,False,False,True,False,False,False,True,False
36,0,305,4,5,4,62,2,2,4,6626,20096,2,16,4,3,0,8,2,2,4,3,0,1,3.25,5,0.4444444444444444,False,True,False,True,False,False,True,False,False,False,True,False,False,False,False,False,False,False,True,False,False,True,False,False,True,False,False
49,0,469,18,1,2,48,3,5,1,19491,16899,1,23,3,3,3,14,5,1,9,3,4,4,1.75,12,0.6,False,True,False,True,True,False,False,False,False,True,False,False,False,False,False,False,True,False,True,False,True,False,False,True,False,True,False
37,0,799,16,5,3,67,1,3,4,6187,9540,2,20,3,1,3,11,6,2,9,5,5,4,2.5,13,0.75,False,True,True,False,False,False,True,False,False,False,False,True,False,False,False,False,False,False,False,False,False,True,False,False,False,True,False
18,0,937,22,1,1,66,4,2,2,2928,7548,0,13,3,1,0,4,4,2,2,1,0,1,1.5,3,0.4,False,True,False,True,False,False,True,False,False,True,False,False,True,False,False,False,False,False,False,True,False,False,False,False,False,False,False
27,0,1422,18,5,4,58,2,2,2,3271,19088,1,19,3,1,2,9,0,1,9,5,5,5,2.0,12,0.9,False,True,False,True,False,True,False,False,False,False,False,False,False,False,False,False,True,False,True,False,False,False,False,False,False,True,False
60,0,1433,15,2,4,61,1,5,2,17370,20799,5,25,3,1,0,16,4,4,10,5,5,7,2.75,15,0.5882352941176471,False,True,False,True,False,True,False,False,False,True,False,False,True,False,False,False,False,False,False,False,False,False,False,True,False,True,False
60,0,468,4,5,3,81,2,5,2,18094,12104,4,25,3,3,2,22,6,2,8,5,3,5,2.5,13,0.34782608695652173,False,True,True,False,False,False,True,False,False,False,False,False,False,False,False,False,True,False,False,True,False,False,False,True,False,True,False
34,0,1124,12,1,1,71,4,2,2,4957,8748,0,25,3,2,2,1,5,1,0,0,0,0,1.5,2,0.0,False,True,True,False,False,False,False,False,True,False,True,False,False,False,False,False,False,False,False,True,True,True,False,False,False,False,False
52,0,284,8,3,1,32,2,4,3,13921,13443,1,12,3,3,2,16,5,4,13,11,3,7,2.75,18,0.7647058823529411,False,True,True,False,False,False,False,False,True,True,False,False,True,False,False,False,False,False,False,True,False,False,False,True,False,False,True
48,0,1215,18,3,3,54,4,4,2,13959,16012,4,23,3,2,2,20,3,1,20,17,10,6,2.0,31,0.9523809523809523,False,True,False,True,True,False,False,False,False,False,False,False,False,True,False,False,False,False,True,False,False,False,False,True,False,False,True
58,1,1400,29,5,1,34,4,4,3,13942,3557,1,18,3,2,0,15,6,1,6,2,1,3,1.75,7,0.375,False,True,False,True,False,False,False,True,False,False,False,True,False,False,False,False,False,False,False,False,False,False,False,True,False,True,False
56,0,952,20,1,1,95,4,5,2,19999,23418,3,17,3,1,0,13,4,4,5,1,1,1,2.0,7,0.35714285714285715,False,True,True,False,False,False,False,False,True,True,True,False,False,False,False,False,False,False,False,True,False,False,False,True,True,False,False
45,0,854,3,1,4,52,1,3,2,6488,19972,2,17,4,4,3,14,3,2,7,2,2,5,3.0,7,0.4666666666666667,True,False,True,False,True,False,False,False,False,True,False,False,True,False,False,False,False,False,True,False,False,True,False,False,False,True,False
34,0,620,15,4,3,98,2,2,1,5901,8945,3,21,3,1,2,14,6,2,12,4,1,6,1.75,7,0.8,False,False,True,False,True,False,False,False,False,False,False,False,False,False,False,False,False,True,True,False,True,True,False,False,False,False,True
44,0,1337,8,1,3,47,4,4,4,14395,22828,2,18,3,4,1,14,0,2,11,4,5,6,3.25,13,0.7333333333333333,False,True,True,False,False,False,True,False,False,True,False,False,False,False,False,False,False,True,True,False,False,False,False,True,False,False,True
31,1,1446,19,4,3,54,1,3,1,6985,21050,2,12,3,1,3,1,0,3,1,1,0,1,2.0,4,0.5,False,True,True,False,False,False,True,False,False,True,False,False,False,False,False,False,True,False,True,False,False,True,False,False,False,False,False
32,0,1089,21,1,2,59,1,2,3,6141,14699,1,16,4,4,1,2,5,2,1,1,0,0,2.75,3,0.3333333333333333,True,False,True,False,False,True,False,False,False,True,False,False,False,False,False,False,True,False,False,False,False,True,False,False,False,False,False
44,1,215,11,5,1,94,1,3,2,8947,23545,1,24,3,3,3,14,0,1,13,5,4,3,1.75,12,0.8666666666666667,True,False,False,False,False,False,True,False,False,True,False,False,False,False,False,False,True,False,True,False,True,False,True,False,False,False,True
42,1,1330,9,3,3,36,1,3,4,8448,7183,2,13,3,4,3,8,6,4,7,5,1,5,3.75,9,0.7777777777777778,False,True,False,True,True,False,False,False,False,True,False,False,False,False,False,False,False,False,False,True,False,False,True,False,False,True,False
42,0,1231,15,5,1,86,4,3,1,5599,9992,2,14,3,4,0,13,6,4,11,9,2,4,2.5,14,0.7857142857142857,False,True,True,False,True,False,False,False,False,True,False,False,False,False,False,False,False,False,True,False,True,True,False,False,False,False,True
34,0,603,7,1,2,76,2,2,2,6657,26908,1,12,3,2,3,9,1,1,2,1,0,1,1.75,3,0.2,False,True,True,False,False,False,False,False,True,True,False,False,False,False,False,True,False,False,True,False,False,True,False,False,False,False,False
35,0,462,22,2,3,46,1,2,3,5772,6990,0,21,3,1,3,7,6,3,3,2,2,1,2.5,6,0.375,False,True,True,False,True,False,False,False,False,True,True,False,False,False,False,False,False,False,True,False,False,True,False,False,True,False,False
18,0,1175,18,3,4,89,3,1,4,3484,23340,1,23,3,3,3,8,3,2,6,5,3,3,3.25,9,0.6666666666666666,False,False,True,False,False,True,False,False,False,False,False,False,False,False,False,False,True,False,False,True,True,False,False,False,False,True,False
43,0,951,9,1,3,69,2,3,1,4431,23655,3,23,3,3,2,15,3,1,12,11,4,6,2.0,18,0.75,False,True,True,False,True,False,False,False,False,False,False,False,False,False,False,False,False,True,False,True,True,True,False,False,False,False,True
42,0,1152,5,1,4,65,1,2,4,4862,11528,1,12,3,4,2,17,6,2,7,5,3,5,3.5,10,0.3888888888888889,False,True,True,False,False,False,True,False,False,False,False,True,False,False,False,False,False,False,False,False,False,True,False,False,False,True,False
58,0,1474,14,2,2,56,4,5,1,17280,13709,8,25,4,1,1,23,5,3,10,5,4,7,1.75,14,0.4166666666666667,False,True,False,True,False,False,True,False,False,True,False,True,False,False,False,False,False,False,False,True,True,False,False,True,False,True,False
39,0,617,24,4,1,59,3,4,2,15552,25443,0,24,3,4,0,10,6,1,8,3,1,4,2.0,8,0.7272727272727273,True,False,True,False,True,False,False,False,False,True,False,False,False,False,False,False,True,False,True,False,False,False,False,True,False,True,False
38,0,1278,21,4,2,86,2,2,4,4174,9848,4,23,3,4,0,10,6,2,9,8,1,6,3.0,11,0.8181818181818182,False,True,True,False,False,False,True,False,False,True,False,False,True,False,False,False,False,False,True,False,False,True,False,False,False,True,False
20,1,757,4,1,3,98,4,2,2,7275,11331,0,23,3,3,0,1,5,2,0,0,0,0,2.5,2,0.0,True,False,False,True,False,False,True,False,False,True,False,False,False,False,False,False,False,True,False,True,False,True,False,False,False,False,False
26,0,1289,17,1,1,93,1,2,3,6643,2352,2,23,3,2,3,7,3,2,0,0,0,0,2.0,2,0.0,False,True,True,False,True,False,False,False,False,True,False,False,False,False,False,True,False,False,False,True,False,True,False,False,False,False,False
32,1,441,18,4,4,53,3,2,2,5766,10992,0,11,3,1,1,6,1,3,5,2,2,3,2.5,6,0.7142857142857143,False,True,True,False,True,False,False,False,False,False,False,True,False,False,False,False,False,False,True,False,False,True,False,False,True,False,False
34,0,1251,10,2,2,74,4,3,4,9862,6925,2,21,3,1,0,15,0,2,5,3,1,1,2.25,7,0.3125,False,True,True,False,False,True,False,False,False,True,False,False,False,False,False,False,False,False,True,False,False,False,True,False,True,False,False
33,0,1088,12,4,3,100,1,2,1,4367,7176,0,24,3,4,2,6,1,4,1,0,0,0,3.0,2,0.14285714285714285,False,True,False,True,False,True,False,False,False,True,False,False,False,False,False,True,False,False,True,False,False,True,False,False,False,False,False
34,0,735,20,2,4,74,2,3,4,7582,14862,3,19,3,2,0,9,3,3,2,2,1,1,3.25,6,0.2,False,False,True,False,False,False,True,False,False,False,False,False,False,False,False,False,False,False,True,False,True,True,False,False,False,False,False
51,0,1385,13,2,3,30,1,4,1,15107,21293,3,24,3,2,2,16,0,3,9,5,4,6,2.25,13,0.5294117647058824,False,True,False,True,False,True,False,False,False,True,False,True,False,False,False,False,False,False,False,True,False,False,False,True,False,True,False
23,0,651,2,2,1,81,3,1,3,1872,22739,0,11,3,1,2,2,2,3,0,0,0,0,2.0,1,0.0,False,True,False,True,True,False,False,False,False,False,False,False,False,False,True,False,False,False,False,True,False,False,False,False,False,False,False
32,0,1139,6,2,2,70,3,1,2,1409,11430,3,19,3,2,2,15,5,4,3,1,1,1,2.5,3,0.1875,False,True,True,False,True,False,False,False,False,True,False,False,True,False,False,False,False,False,False,True,False,False,False,False,True,False,False
25,0,826,8,4,2,65,1,2,4,5114,14603,1,25,3,1,3,3,0,1,2,1,0,0,2.0,3,0.5,False,True,False,True,False,False,True,False,False,True,False,False,False,False,False,False,True,False,True,False,False,True,False,False,False,False,False
31,1,299,6,3,4,32,1,2,3,4441,4006,1,19,3,4,0,6,2,4,4,3,2,1,3.75,7,0.5714285714285714,False,True,False,True,False,False,True,False,False,False,False,False,False,False,False,False,False,True,True,False,False,True,False,False,True,False,False
47,0,500,21,4,3,63,2,4,1,16238,8979,0,17,3,2,1,12,6,4,4,3,0,1,2.5,7,0.3076923076923077,True,False,True,False,False,True,False,False,False,False,False,False,False,False,False,True,False,False,False,False,False,False,False,True,True,False,False
20,0,1220,16,1,3,86,2,2,1,6430,9857,0,15,3,2,1,3,2,1,0,0,0,0,1.75,2,0.0,False,True,True,False,True,False,False,False,False,False,True,False,False,False,False,False,False,False,False,True,False,True,False,False,False,False,False
32,0,769,4,3,4,69,1,2,3,4809,25234,1,22,3,3,2,7,5,1,4,2,2,2,2.75,6,0.5,False,True,False,False,False,False,True,False,False,False,False,False,False,False,False,False,False,False,True,False,True,True,False,False,True,False,False
19,0,1290,16,3,1,49,3,2,3,4298,23259,0,25,3,3,2,0,4,1,0,0,0,0,2.0,2,0.0,False,True,True,False,False,False,True,False,False,True,False,False,False,False,False,False,True,False,True,False,False,True,False,False,False,False,False
59,0,279,23,5,1,88,4,5,3,19406,11289,1,16,3,1,3,18,5,3,15,9,2,4,2.0,16,0.7894736842105263,False,True,True,False,True,False,False,False,False,False,False,False,True,False,False,False,False,False,True,False,False,False,False,True,False,False,True
49,0,1176,10,3,3,61,2,4,2,15425,6389,3,18,3,1,2,18,5,2,10,6,3,3,2.0,13,0.5263157894736842,False,True,False,False,False,False,True,False,False,False,False,False,False,False,False,False,True,False,True,False,True,False,False,True,False,True,False
28,0,1348,15,1,3,75,2,2,3,5849,6150,1,17,4,2,3,10,4,1,8,5,2,2,2.25,9,0.7272727272727273,False,True,True,False,False,False,True,False,False,True,False,False,False,False,True,False,False,False,False,True,True,True,False,False,False,True,False
26,0,1488,13,4,2,31,1,3,4,7359,14848,1,20,4,3,2,5,6,2,5,2,3,3,2.75,8,0.8333333333333334,False,True,True,False,True,False,False,False,False,True,True,False,False,False,False,False,False,False,True,False,False,True,False,False,True,False,False
22,1,1129,5,1,3,40,2,1,1,1276,25637,0,17,3,4,3,4,1,2,4,2,1,1,2.5,4,0.8,False,True,True,False,True,False,False,False,False,True,False,False,True,False,False,False,False,False,True,False,False,False,False,False,True,False,False
38,0,761,16,5,1,44,3,3,3,8046,17005,1,21,3,4,2,9,1,1,6,4,2,2,2.25,9,0.6,True,False,False,True,True,False,False,False,False,True,False,False,False,True,False,False,False,False,True,False,False,False,True,False,False,True,False
50,0,188,8,2,1,39,4,3,4,8879,11967,3,25,3,2,0,14,4,3,5,2,2,2,2.5,7,0.3333333333333333,True,False,True,False,False,False,False,False,True,False,False,False,False,False,False,False,False,False,False,True,False,False,True,False,True,False,False
43,0,388,29,4,4,60,1,4,1,13435,22727,2,15,3,4,1,10,5,1,4,3,2,1,2.5,9,0.36363636363636365,False,True,True,False,True,False,False,False,False,True,False,True,False,False,False,False,False,False,True,False,False,False,False,True,True,False,False
55,0,1023,4,4,1,59,4,4,2,15209,14108,4,14,3,1,3,13,4,3,7,3,2,3,1.75,9,0.5,False,True,False,True,True,False,False,False,False,False,False,False,False,False,False,False,True,False,True,False,False,False,False,True,False,True,False
32,0,1335,12,3,3,35,3,2,3,6133,7518,0,19,3,1,0,5,6,1,2,1,1,1,2.0,4,0.3333333333333333,False,True,False,True,True,False,False,False,False,True,True,False,False,False,False,False,False,False,True,False,False,True,False,False,False,False,False
29,0,1161,23,3,4,76,3,2,4,5785,22760,0,18,4,3,2,10,4,4,6,5,2,2,3.75,9,0.5454545454545454,False,True,False,False,True,False,False,False,False,True,False,False,False,False,False,True,False,False,False,True,False,True,False,False,False,True,False
38,0,950,9,1,3,64,2,3,3,9109,24805,2,17,3,1,3,9,5,2,4,1,1,1,2.25,5,0.4,False,True,True,False,True,False,False,False,False,True,False,False,False,False,False,True,False,False,True,False,False,False,True,False,True,False,False
26,0,1305,16,1,2,57,4,1,4,1333,9260,0,13,3,1,1,4,0,3,3,1,0,1,2.5,2,0.6,False,True,False,True,False,False,True,False,False,True,False,False,False,False,False,False,True,False,True,False,False,False,False,False,True,False,False
59,1,532,29,4,2,47,1,3,3,7902,26520,4,12,3,4,0,19,0,2,17,10,7,3,2.75,20,0.85,True,False,False,True,True,False,False,False,False,True,True,False,False,False,False,False,False,False,True,False,True,True,False,False,False,False,True
25,0,561,22,5,1,57,1,2,4,4252,15261,1,18,3,4,0,9,5,4,8,2,1,6,3.25,5,0.8,False,True,True,False,True,False,False,False,False,False,True,False,False,False,False,False,False,False,True,False,False,True,False,False,False,True,False
38,0,224,16,5,1,41,2,1,3,3461,8097,2,21,3,3,2,7,3,4,1,0,0,1,2.75,1,0.125,False,True,True,False,True,False,False,False,False,True,False,False,False,False,False,True,False,False,False,True,False,False,False,False,False,False,False
40,0,983,20,2,3,93,3,4,2,12770,23668,4,19,3,1,2,12,2,4,8,6,3,4,2.5,13,0.6153846153846154,False,True,True,False,True,False,False,False,False,True,False,False,False,False,False,True,False,False,False,True,True,False,False,True,False,True,False
20,0,357,17,2,3,66,2,2,3,5598,5602,1,22,3,1,2,2,5,3,0,0,0,0,2.5,2,0.0,False,True,True,False,True,False,False,False,False,True,False,False,False,False,False,False,False,True,True,False,False,True,False,False,False,False,False
38,1,487,6,2,2,91,4,3,2,8303,8472,1,13,3,1,0,11,2,4,0,0,0,0,2.25,3,0.0,False,True,False,True,False,False,True,False,False,True,False,True,False,False,False,False,False,False,True,False,True,False,True,False,False,False,False
37,0,233,15,4,2,90,1,4,3,14720,11230,3,25,3,2,1,11,0,1,7,2,2,3,2.0,8,0.5833333333333334,False,True,False,True,False,False,True,False,False,False,True,False,False,False,False,False,False,False,True,False,False,False,False,True,False,True,False
29,1,1287,29,4,1,63,3,2,3,4064,24366,1,21,3,4,2,7,3,2,1,0,0,0,2.5,2,0.125,False,True,True,False,False,True,False,False,False,True,True,False,False,False,False,False,False,False,True,False,False,True,False,False,False,False,False
23,0,390,27,4,1,58,2,3,1,9042,25739,0,20,3,3,3,7,0,4,7,3,3,5,2.25,9,0.875,True,False,True,False,True,False,False,False,False,False,False,False,True,False,False,False,False,False,True,False,True,False,True,False,False,True,False
19,0,1324,10,5,2,80,2,1,3,1717,6862,0,23,3,4,0,2,6,1,2,2,0,1,2.5,3,0.6666666666666666,True,False,True,False,False,False,False,False,True,False,False,False,False,False,False,False,True,False,True,False,True,False,False,False,False,False,False
18,0,425,10,2,4,57,1,1,1,1843,2491,4,25,3,4,2,8,2,1,5,3,1,2,2.5,5,0.5555555555555556,False,True,True,False,False,False,True,False,False,False,False,False,True,False,False,False,False,False,True,False,True,False,False,False,True,False,False
38,0,208,29,4,2,62,4,3,2,8329,23372,1,23,4,3,2,11,2,3,1,0,1,1,2.5,4,0.08333333333333333,False,False,True,False,True,False,False,False,False,True,True,False,False,False,False,False,False,False,True,False,True,False,True,False,False,False,False
21,0,1468,12,3,1,59,1,2,3,6933,15391,0,18,3,1,2,0,5,2,0,0,0,0,1.75,2,0.0,False,True,True,False,False,False,True,False,False,False,False,False,False,False,False,True,False,False,False,True,False,True,False,False,False,False,False
59,0,500,9,5,3,72,1,5,3,17990,11893,2,21,3,1,0,22,0,2,8,5,3,2,2.25,13,0.34782608695652173,True,False,True,False,False,True,False,False,False,False,False,False,False,False,True,False,False,False,False,False,True,False,False,True,False,True,False
28,0,1110,6,2,1,33,3,2,1,3367,2294,1,17,3,2,0,7,4,2,2,1,0,0,1.5,3,0.25,False,True,True,False,True,False,False,False,False,False,False,True,False,False,False,False,False,False,False,False,True,False,False,False,False,False,False
46,0,245,14,1,2,49,1,4,4,12866,15745,1,13,4,3,2,14,6,4,5,2,1,2,3.25,7,0.3333333333333333,False,True,True,False,True,False,False,False,False,True,True,False,False,False,False,False,False,False,True,False,False,False,False,True,True,False,False
46,0,362,8,2,3,78,3,4,3,13538,5433,1,25,3,4,2,13,0,2,7,2,1,2,3.0,7,0.5,False,True,True,False,False,False,True,False,False,True,False,False,False,False,False,False,False,False,False,False,False,False,False,True,False,True,False
39,1,659,13,4,1,65,3,3,2,10743,15826,1,20,3,4,2,4,6,1,2,1,1,2,2.0,5,0.4,False,True,True,False,True,False,False,False,False,False,False,False,False,False,False,False,True,False,False,False,False,False,True,False,False,False,False
55,0,1156,16,5,4,79,1,5,2,19466,5881,0,22,3,4,3,11,4,3,10,7,5,4,3.25,17,0.8333333333333334,False,True,True,False,False,False,False,True,False,False,False,True,False,False,False,False,False,False,True,False,False,False,False,True,False,True,False
22,0,109,29,5,3,75,1,1,1,2096,7197,0,21,3,2,1,9,1,4,8,6,1,3,2.5,8,0.8,False,True,False,True,True,False,False,False,False,True,False,False,False,False,False,False,True,False,True,False,False,False,False,False,False,True,False
28,0,985,10,1,4,53,1,3,2,8330,5230,0,16,3,4,1,4,5,1,2,1,1,0,2.75,5,0.4,False,True,False,True,True,False,False,False,False,False,False,True,False,False,False,False,False,False,True,False,True,False,True,False,False,False,False
28,0,1195,1,3,3,61,1,2,3,7385,6402,1,22,3,4,3,9,5,1,4,3,2,1,2.75,7,0.4,False,True,True,False,True,False,False,False,False,True,True,False,False,False,False,False,False,False,False,True,False,True,False,False,True,False,False
23,0,242,10,1,4,34,2,1,4,2712,19536,0,15,3,1,2,0,6,3,0,0,0,0,3.0,1,0.0,False,True,True,False,True,False,False,False,False,True,False,False,False,False,False,True,False,False,False,True,False,False,False,False,False,False,False
30,0,704,10,2,3,83,2,2,3,5226,19811,1,21,3,3,2,3,6,4,2,1,1,0,3.25,4,0.5,False,False,True,False,False,False,False,False,True,True,True,False,False,False,False,False,False,False,True,False,False,True,False,False,False,False,False
31,0,1424,9,5,1,61,4,3,2,8013,13511,1,23,3,2,2,10,4,1,8,5,1,3,1.5,9,0.7272727272727273,False,True,True,False,False,True,False,False,False,False,False,False,False,False,False,False,True,False,False,False,True,False,True,False,False,True,False
50,0,848,11,5,1,48,2,4,4,14835,22651,2,20,3,4,3,16,0,3,13,5,7,4,3.0,16,0.7647058823529411,False,False,False,True,False,False,False,False,True,True,False,False,False,False,False,False,False,False,True,False,False,False,False,True,False,False,True
30,1,1150,2,1,1,67,3,2,3,4870,26031,0,18,3,4,1,9,5,4,5,4,1,1,3.0,7,0.5,False,True,True,False,False,False,True,False,False,False,True,False,False,False,False,False,False,False,False,False,False,True,False,False,True,False,False
55,0,1139,5,1,1,30,2,3,3,9547,5504,8,21,3,1,1,18,5,1,6,3,1,4,1.5,7,0.3157894736842105,False,True,True,False,False,False,True,False,False,True,False,False,False,False,False,False,False,False,True,False,True,False,True,False,False,True,False
51,0,679,9,4,4,59,2,4,3,15275,7826,7,12,3,3,0,16,5,2,5,3,1,4,3.0,8,0.29411764705882354,False,True,True,False,True,False,False,False,False,True,True,False,False,False,False,False,False,False,True,False,False,False,False,True,True,False,False
56,0,1097,22,3,4,94,3,5,2,19736,20811,1,23,3,4,3,16,1,3,10,6,3,2,3.25,14,0.5882352941176471,False,True,True,False,True,False,False,False,False,True,True,False,False,False,False,False,False,False,False,True,True,False,False,True,False,True,False
22,0,1426,12,3,3,57,3,1,1,2731,16766,0,18,3,3,2,0,5,3,0,0,0,0,2.5,1,0.0,False,True,False,True,False,False,False,False,True,True,False,False,False,False,False,False,False,False,True,False,True,False,False,False,False,False,False
60,0,541,18,5,1,55,3,5,3,17322,10235,5,19,3,4,3,25,5,3,13,4,4,8,2.75,13,0.5,True,False,True,False,False,False,True,False,False,False,False,False,False,False,False,False,False,True,False,True,False,False,False,True,False,False,True
44,0,169,4,5,4,61,2,3,4,8231,16553,3,14,3,3,1,19,0,1,4,3,2,2,3.0,8,0.2,False,True,True,False,False,False,True,False,False,True,False,False,False,False,False,False,True,False,False,True,False,False,True,False,True,False,False
60,0,1195,7,5,2,47,3,4,4,13198,16898,4,13,3,4,1,17,0,4,7,2,2,4,3.5,8,0.3888888888888889,True,False,True,False,False,False,True,False,False,True,False,True,False,False,False,False,False,False,False,True,False,False,False,True,False,True,False
33,0,540,1,4,4,45,2,2,4,4565,16852,1,16,3,4,0,4,0,2,3,1,2,2,3.5,5,0.6,False,True,True,False,False,True,False,False,False,False,False,False,False,False,False,True,False,False,False,True,False,True,False,False,True,False,False
58,0,997,2,5,3,63,1,4,2,13713,15409,5,23,3,4,3,18,4,3,17,14,9,14,3.0,27,0.8947368421052632,False,True,False,True,True,False,False,False,False,True,False,False,False,False,False,False,False,True,False,True,False,False,False,True,False,False,True
43,0,323,29,4,2,76,2,5,4,19575,2868,3,11,3,1,1,14,2,3,7,3,3,2,2.5,11,0.4666666666666667,False,True,True,False,False,False,True,False,False,True,False,False,False,False,False,False,False,False,True,False,True,False,False,True,False,True,False
21,0,406,4,5,4,47,2,2,1,4753,20607,1,20,3,4,0,2,5,3,2,1,1,1,3.0,4,0.6666666666666666,False,False,True,False,False,False,True,False,False,True,False,False,False,False,False,False,False,False,True,False,True,True,False,False,False,False,False
35,0,1159,5,3,3,45,4,2,2,3850,6767,2,25,3,2,2,11,6,2,6,3,3,4,2.25,8,0.5,False,True,True,False,False,False,False,False,True,True,True,False,False,False,False,False,False,False,False,True,False,False,False,False,False,True,False
23,0,142,6,1,4,82,4,3,3,7350,15590,0,21,3,3,3,4,0,2,0,0,0,0,3.0,3,0.0,False,True,True,False,True,False,False,False,False,True,False,False,False,False,False,False,True,False,False,False,True,True,False,False,False,False,False
58,0,796,29,5,3,65,1,4,2,16028,15391,2,15,3,3,0,19,5,1,13,10,2,6,2.25,16,0.65,False,True,False,True,True,False,False,False,False,True,True,False,False,False,False,False,False,False,True,False,False,False,False,True,False,False,True
31,0,1158,4,5,2,51,2,2,1,6158,4420,0,15,3,3,2,16,5,3,10,4,5,8,2.25,11,0.5882352941176471,False,True,False,True,False,False,True,False,False,False,False,False,False,False,False,False,True,False,False,False,False,True,False,False,False,True,False
27,0,758,11,2,1,90,2,2,1,4351,9265,0,16,4,1,1,4,0,2,3,2,1,2,1.25,5,0.6,False,False,False,True,False,False,False,False,True,False,False,False,False,False,False,True,False,False,True,False,False,True,False,False,True,False,False
41,1,333,7,3,4,100,1,2,4,7047,9047,3,13,3,4,0,18,0,1,8,3,4,5,3.25,9,0.42105263157894735,True,False,False,True,False,False,False,True,False,False,False,False,False,False,False,False,False,False,False,True,False,True,False,False,False,True,False
36,0,988,8,3,4,90,1,2,2,5212,7101,1,19,3,3,1,15,5,1,13,8,3,9,2.5,13,0.8125,False,True,True,False,False,False,True,False,False,True,False,False,False,False,False,True,False,False,False,False,True,True,False,False,False,False,True
22,0,259,3,4,1,49,4,1,1,5734,12004,1,22,4,3,2,5,0,4,4,3,1,3,2.25,5,0.6666666666666666,False,False,True,False,True,False,False,False,False,True,False,False,True,False,False,False,False,False,False,False,True,True,False,False,True,False,False
53,0,912,7,4,3,99,3,4,3,14314,9384,2,18,3,3,3,11,1,2,4,3,2,2,2.75,9,0.3333333333333333,True,False,False,True,True,False,False,False,False,True,False,False,False,False,False,False,False,True,True,False,False,False,False,True,True,False,False
54,0,689,19,2,4,55,2,5,2,19679,16340,0,11,3,3,0,18,6,3,13,9,5,9,3.0,19,0.6842105263157895,False,True,True,False,False,False,True,False,False,False,False,False,False,False,False,False,False,True,True,False,False,False,False,True,False,False,True
49,0,859,11,5,3,35,1,4,2,15005,3632,0,23,3,2,2,14,5,3,14,11,4,2,2.5,19,0.9333333333333333,False,True,True,False,True,False,False,False,False,False,False,False,False,False,False,False,True,False,True,False,False,False,False,True,False,False,True
44,0,1389,15,5,2,68,2,3,4,10283,6315,0,17,3,3,3,13,6,4,8,5,4,6,3.25,12,0.5714285714285714,False,True,True,False,False,False,True,False,False,True,False,False,False,False,False,False,True,False,True,False,False,False,True,False,False,True,False
35,0,1338,4,5,1,97,2,3,3,7973,14929,0,18,3,2,3,5,1,4,5,4,2,4,2.5,9,0.8333333333333334,False,True,False,True,False,False,False,False,True,False,False,False,False,False,False,False,True,False,True,False,False,True,False,False,True,False,False
41,1,1105,20,3,4,30,1,3,1,10179,10497,2,18,3,4,3,14,5,4,6,2,0,4,3.25,5,0.4,False,True,True,False,True,False,False,False,False,False,False,True,False,False,False,False,False,False,True,False,False,False,True,False,False,True,False
40,0,792,11,1,2,30,4,3,4,7751,12435,4,20,3,1,3,15,4,4,6,3,2,1,2.75,8,0.375,False,True,False,True,True,False,False,False,False,True,False,False,False,False,False,False,True,False,False,True,False,True,False,False,False,True,False
25,1,1216,8,5,4,30,3,2,1,5066,3668,0,11,3,1,2,9,6,1,6,4,0,2,1.75,6,0.6,False,False,True,False,True,False,False,False,False,False,False,False,False,False,False,True,False,False,False,True,False,True,False,False,False,True,False
21,0,242,9,1,2,89,2,3,3,8511,8426,0,14,4,3,0,2,1,2,2,1,1,1,2.5,5,0.6666666666666666,False,False,False,True,True,False,False,False,False,False,False,False,False,False,True,False,False,False,False,True,False,False,True,False,False,False,False
28,0,479,12,1,4,46,1,2,1,6605,10127,2,19,3,3,0,2,0,2,1,1,0,0,2.5,3,0.3333333333333333,False,True,True,False,False,False,True,False,False,True,True,False,False,False,False,False,False,False,False,True,False,True,False,False,False,False,False
37,0,750,12,2,1,65,4,2,2,5104,2651,2,16,4,3,1,11,2,4,3,2,1,2,2.5,5,0.25,False,True,True,False,True,False,False,False,False,True,False,False,False,False,False,False,False,True,True,False,True,True,False,False,True,False,False
24,1,1268,29,1,3,35,3,1,4,4981,14850,0,12,3,3,3,10,3,2,7,4,4,5,3.0,9,0.6363636363636364,False,True,False,True,True,False,False,False,False,False,False,False,False,False,False,False,True,False,False,False,False,True,False,False,False,True,False
22,1,642,13,4,3,97,4,1,1,4592,3349,1,24,3,1,0,4,4,4,0,0,0,0,2.25,1,0.0,False,True,False,True,True,False,False,False,False,True,False,False,False,True,False,False,False,False,False,True,False,True,False,False,False,False,False
54,0,682,12,3,1,83,4,4,4,14048,25416,4,14,3,4,3,19,6,1,10,3,4,4,2.5,11,0.5,False,True,True,False,True,False,False,False,False,True,False,False,False,False,False,False,True,False,False,True,False,False,False,True,False,True,False
34,1,1430,10,2,3,70,2,2,2,4341,3086,1,14,3,4,2,8,4,3,5,2,2,4,3.0,6,0.5555555555555556,False,True,True,False,False,False,True,False,False,True,False,False,False,False,False,True,False,False,False,True,True,True,False,False,True,False,False
43,0,1470,14,1,2,91,3,3,2,9701,6520,0,25,4,1,2,11,6,1,10,4,1,8,1.5,8,0.8333333333333334,False,True,True,False,False,False,True,False,False,True,False,True,False,False,False,False,False,False,True,False,False,False,True,False,False,True,False
40,0,154,22,2,3,44,2,3,4,5985,15071,3,14,3,1,0,14,5,4,6,2,3,4,3.0,8,0.4,False,True,False,True,False,False,True,False,False,True,True,False,False,False,False,False,False,False,True,False,False,True,False,False,False,True,False
49,0,897,2,4,1,59,1,3,3,9390,2781,1,19,3,3,1,15,2,4,9,7,1,4,2.75,11,0.5625,False,True,False,True,False,False,True,False,False,True,False,False,False,False,False,False,False,False,True,False,True,False,True,False,False,True,False
49,0,1069,2,4,1,98,1,3,2,7511,17627,5,18,4,2,1,17,5,3,5,2,2,3,2.0,7,0.2777777777777778,False,True,True,False,True,False,False,False,False,True,False,False,False,False,False,True,False,False,False,False,True,True,False,False,True,False,False
30,0,948,10,2,3,66,1,3,3,10008,11488,0,25,3,1,1,9,2,3,9,7,4,4,2.5,14,0.9,False,False,True,False,False,False,True,False,False,True,False,False,False,False,False,False,False,False,False,False,True,False,True,False,False,True,False
54,0,1454,6,1,4,51,4,5,2,17337,2578,4,25,4,1,3,19,5,2,16,14,7,4,2.25,26,0.8,False,True,False,True,True,False,False,False,False,False,True,False,False,False,False,False,False,False,False,False,True,False,False,True,False,False,True
33,0,1380,12,3,1,73,4,2,1,4705,17225,3,18,3,3,1,10,4,3,8,3,2,5,2.0,7,0.7272727272727273,False,True,True,False,False,False,False,False,False,False,False,False,False,False,False,False,True,False,False,False,False,True,False,False,False,True,False
53,0,452,12,4,1,96,2,4,2,14526,3956,3,11,3,2,3,14,1,3,9,8,4,6,2.0,16,0.6,False,True,True,False,True,False,False,False,False,True,False,False,False,False,False,False,False,True,True,False,False,False,False,True,False,True,False
35,0,1426,10,1,2,36,4,1,1,3722,17227,2,23,3,4,3,6,0,2,2,1,1,1,2.25,3,0.2857142857142857,False,True,False,True,False,False,True,False,False,False,False,False,False,False,False,False,True,False,True,False,False,False,False,False,False,False,False
22,0,689,26,4,1,100,3,1,2,2249,18660,0,20,3,2,2,3,6,3,3,2,1,2,2.0,4,0.75,False,True,False,True,True,False,False,False,False,True,False,False,False,False,False,False,True,False,True,False,True,False,False,False,True,False,False
50,0,126,6,1,1,63,1,3,4,8101,10700,2,11,3,3,1,16,5,1,13,12,5,10,2.25,20,0.7647058823529411,False,True,False,True,False,True,False,False,False,True,True,False,False,False,False,False,False,False,False,False,False,False,True,False,False,False,True
19,0,605,7,2,3,36,1,2,3,6643,17213,0,13,3,2,0,0,0,2,0,0,0,0,2.5,2,0.0,False,True,True,False,True,False,False,False,False,True,False,False,False,False,False,False,True,False,False,True,True,True,False,False,False,False,False
51,0,426,29,4,4,98,2,3,1,9708,3030,2,15,3,3,0,17,1,2,16,6,4,3,2.5,13,0.8888888888888888,False,True,True,False,False,False,False,False,False,False,False,False,True,False,False,False,False,False,False,True,True,False,True,False,False,False,True
19,0,1394,4,1,3,70,4,1,3,2578,23773,0,23,3,3,2,5,3,4,5,2,1,1,3.25,4,0.8333333333333334,False,True,True,False,True,False,False,False,False,True,False,False,False,False,False,False,True,False,False,True,False,False,False,False,True,False,False
26,0,960,9,2,2,44,3,2,3,4771,24979,2,15,3,2,0,9,3,2,4,2,1,2,2.25,5,0.4,False,True,False,True,False,True,False,False,False,True,False,False,False,False,False,False,False,False,True,False,False,True,False,False,True,False,False
43,0,533,9,1,1,42,2,3,2,6857,6317,2,24,3,4,3,18,2,4,17,15,7,12,2.75,25,0.8947368421052632,False,True,True,False,False,False,True,False,False,False,False,False,False,False,False,False,False,False,True,False,False,True,False,False,False,False,True
58,1,107,16,2,3,35,4,4,1,14304,14590,0,12,3,3,1,15,1,4,10,4,1,5,2.75,9,0.625,False,True,True,False,True,False,False,False,False,False,False,False,False,False,True,False,False,False,False,True,False,False,False,True,False,True,False
35,0,616,11,4,4,67,2,4,3,14975,12435,1,18,3,1,1,5,4,4,5,3,0,1,3.0,7,0.8333333333333334,False,True,True,False,True,False,False,False,False,False,False,False,False,False,False,False,False,True,True,False,False,False,False,True,True,False,False
23,0,545,3,2,1,49,4,1,3,3182,21433,1,25,3,4,2,3,5,3,1,0,0,0,2.75,1,0.25,False,True,True,False,True,False,False,False,False,False,False,False,True,False,False,False,False,False,True,False,False,False,False,False,False,False,False
28,0,728,8,1,3,52,3,2,2,4390,7445,0,20,3,2,0,6,4,2,5,2,0,1,2.25,4,0.7142857142857143,False,True,False,True,False,True,False,False,False,False,False,True,False,False,False,False,False,False,False,False,False,True,False,False,True,False,False
56,0,376,7,2,2,68,3,4,1,16144,11978,3,18,3,3,3,18,6,1,14,7,5,8,1.75,16,0.7368421052631579,False,True,True,False,False,False,False,False,True,True,False,False,False,False,False,False,True,False,False,True,True,False,False,True,False,False,True
49,1,850,19,1,2,98,1,4,1,11476,11385,2,16,4,2,2,14,2,4,11,5,3,5,2.25,12,0.7333333333333333,False,True,True,False,True,False,False,False,False,True,False,False,False,False,False,False,False,False,False,True,True,False,True,False,False,False,True
22,0,833,29,4,3,91,1,2,1,6554,22800,1,19,3,1,3,2,3,3,2,1,0,0,2.0,3,0.6666666666666666,False,True,True,False,True,False,False,False,False,False,False,True,False,False,False,False,False,False,True,False,False,True,False,False,False,False,False
34,0,1110,26,5,1,37,4,4,3,14260,15007,1,14,3,3,3,10,2,4,7,3,1,4,2.75,8,0.6363636363636364,False,True,False,True,True,False,False,False,False,False,False,False,False,False,False,False,True,False,True,False,False,False,False,True,False,True,False
29,1,936,11,1,1,55,4,1,1,3562,21636,0,18,3,3,0,2,6,3,2,1,0,2,2.0,2,0.6666666666666666,False,True,True,False,True,False,False,False,False,False,True,False,False,False,False,False,False,False,False,False,False,False,False,False,False,False,False
25,1,1114,23,4,1,45,2,2,1,4556,3967,0,11,4,3,3,13,2,4,2,1,1,1,2.25,4,0.14285714285714285,False,True,True,False,False,False,True,False,False,True,False,False,False,False,False,True,False,False,True,False,True,True,False,False,False,False,False
54,0,366,23,2,3,54,4,5,4,18817,4467,7,14,3,3,0,18,2,1,13,6,3,3,2.75,14,0.6842105263157895,True,False,True,False,True,False,False,False,False,False,False,False,False,False,False,False,True,False,False,False,False,False,False,True,False,False,True
44,0,293,29,1,4,94,2,4,2,14352,25632,2,21,3,3,3,17,5,1,5,4,2,3,2.5,10,0.2777777777777778,False,False,True,False,True,False,False,False,False,True,True,False,False,False,False,False,False,False,False,True,False,False,False,True,True,False,False
25,1,851,1,4,2,54,2,2,1,5397,3370,0,24,3,3,1,3,2,1,3,2,1,2,1.75,5,0.75,False,False,True,False,False,False,False,False,True,False,False,False,False,True,False,False,False,False,True,False,True,True,False,False,True,False,False
45,0,1485,8,2,3,75,2,3,4,6347,18774,2,17,3,1,1,16,2,2,15,8,4,3,2.5,15,0.8823529411764706,False,True,False,True,False,True,False,False,False,False,False,False,True,False,False,False,False,False,False,False,False,True,False,False,False,False,True
35,0,656,18,3,4,89,2,3,2,10555,5817,4,21,3,3,3,10,5,1,6,2,0,2,2.5,5,0.5454545454545454,False,True,True,False,False,True,False,False,False,True,False,False,False,False,False,False,True,False,False,True,False,False,True,False,False,True,False
20,0,1121,6,3,4,49,4,2,1,6280,14973,0,17,3,4,1,5,0,1,5,1,1,3,2.5,4,0.8333333333333334,False,True,True,False,True,False,False,False,False,False,False,True,False,False,False,False,False,False,False,False,True,True,False,False,True,False,False
37,0,1486,3,3,1,63,1,4,2,14042,22586,1,12,4,4,3,9,0,4,9,7,2,3,2.75,13,0.9,False,True,False,False,False,False,False,False,True,False,False,False,False,False,False,False,False,False,False,True,False,False,False,True,False,True,False
25,0,234,4,1,4,87,4,2,1,5619,13917,1,25,3,1,0,10,6,1,4,3,1,3,1.75,6,0.36363636363636365,False,True,False,True,False,False,True,False,False,False,False,False,False,False,False,True,False,False,True,False,True,True,False,False,True,False,False
28,1,192,15,2,2,53,2,2,2,7520,8806,1,17,3,4,0,1,1,4,1,0,1,1,3.0,3,0.5,False,True,False,True,False,False,True,False,False,True,False,False,True,False,False,False,False,False,False,True,True,True,False,False,False,False,False
55,0,1024,7,4,4,77,4,3,4,7609,6174,1,12,3,1,1,21,5,3,19,9,3,5,3.0,15,0.8636363636363636,False,True,True,False,True,False,False,False,False,True,False,False,False,False,False,True,False,False,True,False,True,True,False,False,False,False,True
48,0,1276,4,5,4,42,4,3,4,7338,11951,2,11,3,1,1,15,4,3,4,2,1,3,3.0,6,0.25,False,True,False,True,False,False,False,False,True,True,False,False,False,False,False,False,True,False,False,False,True,True,False,False,True,False,False
23,1,1037,29,1,1,95,3,1,2,4020,25614,0,14,4,1,3,0,1,1,0,0,0,0,1.25,1,0.0,False,True,True,False,False,False,True,False,False,True,False,False,False,False,False,False,True,False,False,True,True,True,False,False,False,False,False
54,0,1498,15,3,4,38,1,4,2,14555,16498,1,21,3,3,3,25,1,1,16,5,8,8,2.5,17,0.6153846153846154,False,True,True,False,False,True,False,False,False,False,False,False,False,False,False,True,False,False,False,True,False,False,False,True,False,False,True
42,0,154,28,5,1,78,3,4,3,12788,13664,2,15,3,1,1,19,6,1,10,9,3,3,1.5,16,0.5,False,False,False,True,False,False,True,False,False,True,False,False,False,False,False,True,False,False,True,False,True,False,False,True,False,True,False
55,0,858,8,2,2,99,4,3,3,9806,18329,4,18,3,3,2,11,6,2,4,1,1,2,2.5,5,0.3333333333333333,False,True,True,False,False,True,False,False,False,False,False,False,False,False,False,False,False,True,False,True,True,False,True,False,True,False,False
50,0,1090,21,3,3,40,4,4,4,14354,15310,2,13,3,2,1,17,1,4,12,11,1,9,3.25,16,0.6666666666666666,False,True,True,False,False,False,True,False,False,True,False,False,False,True,False,False,False,False,True,False,False,False,False,True,False,False,True
32,0,1052,5,5,1,64,1,2,3,4422,12712,0,24,3,4,1,10,3,2,10,2,5,2,2.5,9,0.9090909090909091,False,False,True,False,False,False,False,False,False,True,False,False,False,False,False,False,True,False,False,False,False,True,False,False,False,True,False
40,1,149,7,5,1,97,3,4,1,14588,6227,2,25,4,1,1,13,6,1,4,2,1,2,1.0,7,0.2857142857142857,False,True,True,False,True,False,False,False,False,False,False,False,False,True,False,False,False,False,False,True,False,False,False,True,True,False,False
40,0,280,8,4,2,35,2,3,4,8909,13280,1,25,4,2,0,17,1,2,4,2,1,3,2.5,6,0.2222222222222222,False,True,False,True,True,False,False,False,False,True,False,False,False,False,False,True,False,False,True,False,False,False,True,False,True,False,False
48,1,1494,7,4,3,51,3,4,2,13894,8844,4,20,3,3,2,20,4,2,17,6,3,7,2.5,13,0.8095238095238095,False,True,False,True,False,False,True,False,False,False,False,True,False,False,False,False,False,False,True,False,False,False,False,True,False,False,True
28,0,592,4,4,3,94,3,2,4,5961,10266,1,12,3,1,0,7,2,3,1,1,0,0,2.75,3,0.125,False,True,True,False,False,False,True,False,False,True,False,False,False,False,True,False,False,False,False,True,False,True,False,False,False,False,False
32,0,358,7,2,4,39,4,3,4,9251,9635,4,12,3,2,1,16,6,4,8,4,3,2,3.5,10,0.47058823529411764,False,True,True,False,False,False,True,False,False,False,False,False,True,False,False,False,False,False,False,True,False,False,True,False,False,True,False
28,0,355,3,5,2,97,1,3,1,9597,4435,1,12,3,3,0,9,1,1,5,1,0,3,1.75,4,0.5,True,False,True,False,False,False,True,False,False,True,False,False,False,False,False,False,False,False,True,False,True,False,True,False,True,False,False
30,0,342,12,1,3,82,3,2,3,5629,15068,1,18,3,3,1,6,3,4,0,0,0,0,3.25,2,0.0,True,False,True,False,False,False,True,False,False,True,False,False,False,False,False,True,False,False,True,False,False,True,False,False,False,False,False
24,0,916,24,1,1,46,3,1,4,2675,5787,0,24,3,2,2,2,4,1,0,0,0,0,2.0,1,0.0,True,False,False,True,False,True,False,False,False,False,False,False,False,False,False,False,True,False,False,False,False,False,False,False,False,False,False
19,0,805,6,4,2,44,2,1,2,3287,12269,1,22,3,1,2,6,4,2,5,1,2,2,1.75,4,0.7142857142857143,False,False,True,False,True,False,False,False,False,True,False,False,True,False,False,False,False,False,True,False,False,False,False,False,True,False,False
58,0,1418,10,5,3,52,2,5,4,19999,24256,4,18,3,2,2,17,0,3,11,2,2,6,3.0,9,0.6111111111111112,False,True,False,True,False,False,False,False,True,True,False,False,False,True,False,False,False,False,True,False,True,False,False,True,False,False,True
21,0,768,23,5,2,67,2,1,3,3756,23135,0,22,3,1,2,1,0,1,0,0,0,0,1.75,1,0.0,True,False,False,True,True,False,False,False,False,True,False,False,False,False,False,False,False,False,False,False,False,False,False,False,False,False,False
56,0,143,29,4,1,98,3,4,4,13608,26372,3,18,3,4,1,18,5,2,18,15,5,5,2.75,24,0.9473684210526315,False,True,True,False,False,False,True,False,False,False,True,False,False,False,False,False,False,False,False,False,False,False,False,True,False,False,True
18,0,841,22,2,1,86,1,2,4,5567,5806,1,20,3,3,3,3,5,3,3,1,1,1,2.75,4,0.75,False,True,True,False,False,False,False,False,True,True,False,False,False,False,False,True,False,False,False,False,False,True,False,False,True,False,False
51,0,792,12,2,4,31,4,4,4,15999,22651,1,19,3,2,2,16,1,3,9,6,2,5,3.25,12,0.5294117647058824,True,False,True,False,True,False,False,False,False,True,False,False,False,False,False,False,False,True,False,True,False,False,False,True,False,True,False
32,0,559,17,3,4,71,1,2,1,6399,22373,0,20,3,2,0,3,4,1,2,1,1,0,2.0,4,0.5,True,False,True,False,True,False,False,False,False,True,False,False,False,True,False,False,False,False,False,False,False,True,False,False,False,False,False
40,0,1112,18,2,1,53,2,3,3,8682,9709,1,17,3,1,0,15,1,4,13,5,3,4,2.25,11,0.8125,True,False,True,False,True,False,False,False,False,False,False,False,False,False,False,True,False,False,False,False,False,False,True,False,False,False,True
30,1,1416,17,3,1,67,4,3,4,9868,11156,1,22,3,2,2,5,2,2,5,3,1,4,2.25,7,0.8333333333333334,False,True,True,False,False,False,True,False,False,False,False,False,False,False,False,False,True,False,False,False,False,False,True,False,True,False,False
39,0,703,7,1,4,60,1,3,2,7848,6535,2,20,3,1,0,18,4,3,13,9,2,10,2.5,14,0.6842105263157895,False,True,True,False,True,False,False,False,False,True,False,False,False,False,False,False,False,False,True,False,False,True,False,False,False,False,True
37,0,1115,20,2,1,71,2,3,1,8895,26165,0,15,3,3,0,11,4,1,1,1,0,0,1.5,4,0.08333333333333333,False,True,True,False,True,False,False,False,False,False,False,False,False,False,False,True,False,False,False,False,False,False,True,False,False,False,False
40,0,854,24,5,3,84,4,2,2,7751,14775,2,25,3,1,0,16,2,4,12,4,5,9,2.5,11,0.7058823529411765,False,True,True,False,False,False,False,False,True,True,False,False,True,False,False,False,False,False,True,False,False,True,False,False,False,False,True
34,1,1116,1,4,2,46,2,2,3,6284,9282,2,18,4,1,3,11,5,4,5,1,1,3,2.5,4,0.4166666666666667,True,False,True,False,True,False,False,False,False,True,False,False,True,False,False,False,False,False,True,False,True,True,False,False,True,False,False
41,0,734,8,1,4,56,2,3,4,10445,4450,2,20,3,1,0,16,3,3,5,4,2,4,3.0,9,0.29411764705882354,True,False,False,True,False,False,True,False,False,False,False,True,False,False,False,False,False,False,True,False,False,False,True,False,True,False,False
53,0,464,16,2,3,33,1,4,4,13899,14553,3,18,3,1,0,19,5,1,13,8,6,11,2.25,18,0.65,False,True,False,True,False,False,True,False,False,False,False,False,False,True,False,False,False,False,True,False,True,False,False,True,False,False,True
36,0,936,13,2,4,54,1,3,4,7929,24881,0,15,3,2,3,10,3,4,8,4,3,5,3.5,10,0.7272727272727273,False,True,True,False,True,False,False,False,False,True,False,False,False,False,False,False,False,False,True,False,True,True,False,False,False,True,False
33,0,649,16,2,1,100,1,2,4,6892,11605,0,12,3,1,0,12,2,2,9,3,1,4,2.0,6,0.6923076923076923,False,True,True,False,True,False,False,False,False,False,False,True,False,False,False,False,False,False,False,True,False,True,False,False,False,True,False
23,0,197,5,4,1,81,4,1,1,1009,21221,0,14,3,1,0,12,1,3,11,8,4,3,1.5,13,0.8461538461538461,False,True,True,False,False,False,False,True,False,True,False,False,False,False,True,False,False,False,True,False,False,False,False,False,False,False,True
33,0,1137,1,5,4,78,3,2,4,5716,10507,0,25,3,1,3,7,0,3,7,2,3,4,3.0,7,0.875,False,True,False,True,False,False,True,False,False,True,False,False,False,False,False,False,True,False,True,False,True,True,False,False,False,True,False
23,0,865,13,4,1,90,1,1,3,4237,26341,1,25,3,3,0,7,3,4,1,1,0,0,2.75,2,0.125,False,False,True,False,True,False,False,False,False,True,True,False,False,False,False,False,False,False,True,False,False,True,False,False,False,False,False
25,0,953,11,3,2,70,4,2,1,6175,17919,0,13,3,1,0,5,3,4,1,1,0,1,2.0,3,0.16666666666666666,False,True,True,False,False,True,False,False,False,False,False,False,False,False,False,False,True,False,True,False,True,True,False,False,False,False,False
58,0,816,24,1,1,36,3,4,1,11477,23410,2,19,4,2,3,21,6,2,6,2,1,1,1.5,7,0.2727272727272727,False,False,False,True,False,False,True,False,False,True,False,False,False,False,False,False,True,False,False,False,False,False,True,False,False,True,False
21,0,1340,16,1,1,76,2,2,2,3885,17047,0,14,3,2,0,3,1,1,3,2,1,2,1.5,5,0.75,False,True,True,False,True,False,False,False,False,True,False,False,True,False,False,False,False,False,False,False,False,False,False,False,True,False,False
38,0,356,1,5,3,40,2,4,2,13863,12275,0,19,3,3,1,3,0,2,1,1,0,1,2.5,5,0.25,True,False,True,False,False,False,True,False,False,False,False,False,False,False,False,False,True,False,True,False,True,False,False,True,False,False,False
53,0,214,16,4,1,43,1,4,1,14570,3263,1,20,3,1,1,17,6,2,4,2,1,1,1.25,7,0.2222222222222222,False,True,True,False,False,False,True,False,False,True,False,False,False,False,False,True,False,False,False,True,False,False,False,True,True,False,False
58,0,849,29,3,1,76,3,4,2,14617,9919,3,11,3,4,0,23,4,2,19,16,7,11,2.25,27,0.7916666666666666,False,True,False,True,True,False,False,False,False,True,False,False,False,False,False,False,True,False,True,False,True,False,False,True,False,False,True
24,0,1317,23,3,4,95,3,2,3,5493,7734,1,25,3,1,1,2,0,2,2,1,1,1,2.5,4,0.6666666666666666,False,True,True,False,False,False,False,False,True,True,False,False,True,False,False,False,False,False,False,False,True,True,False,False,False,False,False
25,0,749,16,5,3,52,3,1,2,3876,22870,0,24,3,4,0,8,2,3,4,1,1,2,3.0,3,0.4444444444444444,False,True,False,True,True,False,False,False,False,True,False,False,False,True,False,False,False,False,True,False,False,False,False,False,True,False,False
34,1,687,7,5,1,51,2,2,3,6024,16226,1,25,3,2,3,9,6,3,7,3,4,6,2.25,9,0.7,False,False,True,False,True,False,False,False,False,False,False,False,False,False,False,False,True,False,False,False,True,True,False,False,False,True,False
41,0,930,10,1,4,77,3,2,3,5346,16735,2,18,3,2,0,11,6,2,7,4,1,4,2.75,7,0.5833333333333334,False,True,True,False,True,False,False,False,False,False,False,True,False,False,False,False,False,False,False,False,False,True,False,False,False,True,False
59,0,580,9,2,4,52,4,3,2,9145,26382,2,21,3,1,1,23,3,3,10,4,1,3,2.5,8,0.4166666666666667,False,True,True,False,False,True,False,False,False,False,False,False,False,False,False,False,True,False,True,False,False,False,True,False,False,True,False
26,0,889,18,1,2,42,3,2,1,4723,23977,2,25,4,2,0,7,0,4,0,0,0,0,2.25,2,0.0,False,True,False,True,False,False,True,False,False,False,True,False,False,False,False,False,False,False,True,False,False,True,False,False,False,False,False
25,0,1450,17,2,2,46,3,1,2,3764,18825,2,13,3,4,0,6,4,3,2,1,0,1,2.75,2,0.2857142857142857,False,True,True,False,False,False,False,False,True,True,False,False,False,False,False,False,True,False,True,False,False,False,False,False,False,False,False
28,0,667,12,4,3,87,1,2,3,4484,10193,2,13,3,3,2,10,0,3,3,1,1,1,3.0,4,0.2727272727272727,False,True,False,True,True,False,False,False,False,False,False,False,False,True,False,False,False,False,True,False,False,True,False,False,True,False,False
55,0,777,22,2,1,73,2,5,2,19585,4800,5,23,3,3,1,19,2,2,14,5,1,10,2.0,11,0.7,False,True,True,False,False,True,False,False,False,True,False,True,False,False,False,False,False,False,False,True,False,False,False,True,False,False,True
19,0,1193,6,1,4,52,1,2,3,6055,15703,1,15,3,2,1,0,2,2,0,0,0,0,2.75,2,0.0,False,True,False,False,False,False,True,False,False,False,False,False,False,True,False,False,False,False,False,True,True,True,False,False,False,False,False
34,0,1041,21,3,1,100,2,3,4,8141,26715,1,13,3,4,1,7,5,1,5,3,2,2,2.5,8,0.625,False,True,True,False,True,False,False,False,False,False,True,False,False,False,False,False,False,False,False,True,False,False,True,False,True,False,False
23,1,601,29,3,4,53,4,2,4,6262,13608,2,14,3,4,0,0,4,3,0,0,0,0,3.75,2,0.0,True,False,True,False,True,False,False,False,False,True,False,False,False,False,False,True,False,False,True,False,True,True,False,False,False,False,False
24,0,834,27,4,3,78,3,2,3,7351,26537,0,21,3,2,3,7,3,1,1,0,0,0,2.25,2,0.125,True,False,True,False,False,True,False,False,False,False,False,False,True,False,False,False,False,False,False,True,True,True,False,False,False,False,False
57,0,764,21,1,1,42,4,4,1,12776,6657,4,16,3,3,3,22,0,4,21,18,7,10,2.25,29,0.9130434782608695,False,True,True,False,True,False,False,False,False,True,False,True,False,False,False,False,False,False,True,False,False,False,False,True,False,False,True
18,0,658,7,2,2,96,2,1,3,4145,3628,0,15,3,2,1,5,0,4,4,3,2,2,2.75,6,0.6666666666666666,False,True,True,False,False,False,True,False,False,True,False,False,False,False,False,False,False,False,True,False,False,True,False,False,True,False,False
31,0,697,14,4,2,45,4,3,2,9804,15569,2,25,3,1,0,9,5,4,5,2,1,2,2.25,6,0.5,True,False,True,False,False,False,True,False,False,True,False,False,False,False,False,True,False,False,True,False,False,False,True,False,True,False,False
57,0,124,18,4,4,60,3,4,2,13751,11404,4,25,3,3,3,22,4,1,22,16,8,16,2.5,28,0.9565217391304348,False,True,False,True,True,False,False,False,False,False,False,False,False,False,False,True,False,False,False,False,False,False,False,True,False,False,True
44,0,780,14,5,3,72,3,4,3,14961,4171,3,17,3,2,1,8,2,3,2,2,0,2,2.75,6,0.2222222222222222,False,False,True,False,False,False,False,True,False,True,False,False,False,False,False,False,True,False,True,False,False,False,False,True,False,False,False
21,1,540,18,5,2,66,4,2,4,5195,25576,1,14,3,1,0,2,5,2,2,1,0,1,2.25,3,0.6666666666666666,False,True,False,True,False,True,False,False,False,False,False,False,False,False,False,False,True,False,False,True,False,True,False,False,False,False,False
37,0,1219,29,5,2,71,2,2,3,7007,11433,0,23,3,4,0,5,6,1,0,0,0,0,2.5,2,0.0,False,True,False,False,False,False,True,False,False,True,True,False,False,False,False,False,False,False,False,False,False,True,False,False,False,False,False
59,0,982,26,3,1,84,2,5,2,15713,8428,1,22,3,3,3,19,0,3,4,2,1,3,2.25,8,0.2,False,True,False,True,False,False,True,False,False,True,False,False,False,False,False,False,False,True,False,False,False,False,False,True,True,False,False
35,0,1093,29,5,3,88,3,4,2,15734,15379,3,22,3,3,0,15,6,4,12,6,3,3,3.0,13,0.75,False,True,False,True,False,False,True,False,False,False,False,False,False,False,False,True,False,False,True,False,False,False,False,True,False,False,True
40,0,473,25,3,3,54,2,4,2,12665,23146,3,14,3,4,1,15,1,2,9,7,1,3,2.75,12,0.5625,False,True,True,False,False,True,False,False,False,False,False,True,False,False,False,False,False,False,True,False,False,False,False,True,False,True,False
40,0,161,10,5,4,74,3,3,2,8608,5711,1,15,4,3,2,14,5,4,10,6,5,2,3.25,14,0.6666666666666666,False,True,False,True,True,False,False,False,False,False,False,False,True,False,False,False,False,False,False,True,True,False,True,False,False,True,False
46,0,639,5,2,3,70,4,3,4,7523,11202,0,12,4,4,1,13,4,1,10,3,2,5,3.0,8,0.7142857142857143,False,True,True,False,False,False,True,False,False,False,False,False,False,False,False,True,False,False,True,False,False,True,False,False,False,True,False
26,0,792,10,3,2,60,1,2,4,7296,20863,0,19,3,3,0,2,5,4,2,1,0,1,3.25,3,0.6666666666666666,False,False,True,False,True,False,False,False,False,True,False,True,False,False,False,False,False,False,False,True,False,True,False,False,False,False,False
54,0,705,13,4,2,65,3,4,2,13725,18700,1,11,3,1,2,18,0,3,5,3,2,3,2.0,9,0.2631578947368421,False,True,False,True,False,False,True,False,False,True,False,False,True,False,False,False,False,False,True,False,False,False,False,True,True,False,False
60,0,276,24,2,2,87,2,5,2,18349,6846,5,23,4,2,0,24,4,3,9,2,1,4,2.25,8,0.36,False,True,False,True,False,False,True,False,False,True,False,False,False,False,False,True,False,False,False,True,False,False,False,True,False,True,False
24,0,384,21,1,3,78,1,2,4,6844,2777,1,15,3,3,3,6,6,3,6,3,1,2,3.25,6,0.8571428571428571,False,True,True,False,True,False,False,False,False,False,False,True,False,False,False,False,False,False,True,False,False,True,False,False,False,True,False
53,0,1120,6,5,1,31,1,3,1,9379,20238,3,20,3,2,1,12,5,1,8,2,3,3,1.25,8,0.6153846153846154,False,True,False,True,False,False,False,True,False,True,False,False,False,False,False,False,True,False,False,True,False,False,True,False,False,True,False
53,0,1363,14,3,1,34,4,5,2,18600,7311,0,13,3,2,2,18,5,2,8,6,4,1,1.75,15,0.42105263157894735,False,True,False,True,True,False,False,False,False,False,False,False,False,False,False,False,True,False,False,True,False,False,False,True,False,True,False
49,1,1480,29,5,4,79,2,4,4,12811,2690,1,14,3,3,3,9,1,4,1,0,0,1,3.75,4,0.1,False,True,False,True,True,False,False,False,False,True,False,False,True,False,False,False,False,False,False,True,True,False,False,True,False,False,False
33,1,810,6,2,1,67,1,2,4,4149,23992,2,15,3,2,3,11,1,2,9,2,1,3,2.25,5,0.75,False,True,True,False,True,False,False,False,False,False,False,False,True,False,False,False,False,False,True,False,False,True,False,False,False,True,False
38,0,966,11,5,1,68,3,3,4,10030,19250,0,23,3,1,1,8,5,1,5,4,1,1,1.75,8,0.5555555555555556,False,True,True,False,False,False,True,False,False,False,True,False,False,False,False,False,False,False,False,True,False,False,True,False,True,False,False
54,0,949,9,4,3,90,1,5,4,19503,13407,2,25,3,3,0,13,2,2,11,3,5,2,3.0,13,0.7857142857142857,False,True,False,True,True,False,False,False,False,True,False,False,False,False,False,False,True,False,True,False,False,False,False,True,False,False,True
24,0,632,23,4,1,45,2,2,1,5708,12066,2,19,3,3,0,7,3,1,3,2,1,2,1.5,5,0.375,False,True,True,False,False,False,True,False,False,False,False,False,True,False,False,False,False,False,True,False,False,True,False,False,True,False,False
53,0,561,29,4,3,48,1,4,1,14591,23791,3,12,3,4,1,19,1,2,2,1,1,1,2.5,6,0.1,True,False,True,False,False,True,False,False,False,True,True,False,False,False,False,False,False,False,True,False,False,False,False,True,False,False,False
57,0,203,9,2,3,75,3,5,4,16662,21771,2,25,3,1,1,20,5,3,17,13,5,10,2.75,23,0.8095238095238095,False,True,False,True,True,False,False,False,False,True,False,False,False,False,False,False,False,False,False,True,False,False,False,True,False,False,True
47,0,152,7,5,1,85,4,3,2,8111,15238,4,15,3,2,3,22,3,1,18,6,9,13,1.5,18,0.782608695652174,False,True,True,False,False,False,False,True,False,False,True,False,False,False,False,False,False,False,False,False,True,False,True,False,False,False,True
32,0,566,4,5,2,100,4,1,2,2642,16089,1,20,4,4,1,10,3,2,8,2,2,4,2.5,5,0.7272727272727273,False,False,True,False,True,False,False,False,False,True,True,False,False,False,False,False,False,False,True,False,False,False,False,False,False,True,False
42,0,616,13,4,4,95,1,3,2,9678,15455,4,14,4,2,3,10,6,3,8,3,4,2,2.75,10,0.7272727272727273,False,True,True,False,False,False,True,False,False,True,False,False,False,False,False,False,False,True,False,True,False,False,True,False,False,True,False
20,0,835,23,5,2,54,4,2,4,3737,11558,1,17,3,3,1,4,4,4,1,1,0,1,3.25,3,0.2,False,True,True,False,True,False,False,False,False,True,True,False,False,False,False,False,False,False,False,True,True,False,False,False,False,False,False
58,0,1458,2,5,3,42,3,3,2,9764,14559,4,11,3,2,3,18,3,1,13,10,5,3,2.0,18,0.6842105263157895,True,False,True,False,False,False,True,False,False,True,False,False,False,False,False,False,False,False,False,True,False,False,True,False,False,False,True
32,1,1332,11,4,3,75,4,2,3,7653,18625,2,17,3,1,1,12,2,3,9,4,1,6,2.5,7,0.6923076923076923,False,True,False,True,False,False,False,False,True,True,False,True,False,False,False,False,False,False,True,False,False,True,False,False,False,True,False
20,0,373,16,3,2,43,1,1,3,1009,18202,0,21,3,3,3,3,4,3,3,1,1,2,2.75,3,0.75,True,False,True,False,True,False,False,False,False,True,True,False,False,False,False,False,False,False,False,True,False,False,False,False,True,False,False
52,1,818,21,5,3,61,4,4,2,14020,11754,2,24,3,4,2,18,2,1,11,3,2,5,2.5,9,0.5789473684210527,False,True,True,False,True,False,False,False,False,True,False,False,False,False,False,False,False,True,False,False,False,False,False,True,False,False,True
46,1,879,15,1,2,51,2,3,4,9099,22696,0,25,3,4,0,9,1,1,8,3,0,3,2.75,6,0.8,False,False,True,False,True,False,False,False,False,True,False,False,False,False,False,False,True,False,True,False,False,False,True,False,False,True,False
44,0,1477,5,3,1,57,2,2,4,6548,10965,5,25,3,3,3,13,2,3,11,4,3,7,2.75,9,0.7857142857142857,False,False,False,True,True,False,False,False,False,False,False,False,False,False,False,True,False,False,False,True,False,True,False,False,False,False,True
20,0,667,8,5,2,92,4,1,2,1009,20474,1,25,3,2,0,2,2,4,1,1,0,1,2.5,2,0.3333333333333333,False,True,True,False,False,False,False,True,False,False,False,False,False,False,False,True,False,False,True,False,False,False,False,False,False,False,False
50,0,617,29,5,2,51,3,5,4,19405,12694,3,17,4,3,3,12,5,4,6,1,3,2,3.25,9,0.46153846153846156,True,False,False,True,False,False,True,False,False,True,False,False,False,False,True,False,False,False,False,True,True,False,False,True,False,True,False
45,0,1165,19,2,4,90,3,3,3,8238,25583,2,14,3,1,3,13,3,4,3,2,1,2,3.0,6,0.21428571428571427,False,True,True,False,False,False,True,False,False,False,False,False,False,False,False,True,False,False,False,True,False,False,True,False,True,False,False
52,0,102,9,1,3,46,3,4,1,13660,19786,0,13,3,2,0,18,1,4,6,1,3,2,2.5,8,0.3157894736842105,False,True,True,False,False,False,False,True,False,False,False,False,False,False,False,True,False,False,False,True,False,False,False,True,False,True,False
53,0,236,11,2,3,51,2,5,4,19999,19948,3,13,3,1,2,17,1,3,8,6,2,6,2.75,13,0.4444444444444444,False,True,True,False,False,False,False,False,True,False,False,True,False,False,False,False,False,False,False,True,False,False,False,True,False,True,False
27,1,980,5,5,2,46,4,1,3,2741,17409,0,11,3,3,3,1,6,1,1,0,0,1,2.25,1,0.5,False,True,False,True,False,True,False,False,False,True,False,False,False,False,False,False,True,False,False,True,False,False,False,False,False,False,False
27,0,566,2,3,3,83,1,2,4,6040,6546,0,21,4,3,3,5,6,3,0,0,0,0,3.25,2,0.0,False,True,True,False,True,False,False,False,False,False,True,False,False,False,False,False,False,False,False,False,False,True,False,False,False,False,False
57,0,408,12,1,4,84,3,5,4,18856,24919,0,15,3,3,1,17,5,2,6,5,1,2,3.25,11,0.3333333333333333,False,True,False,True,True,False,False,False,False,True,False,True,False,False,False,False,False,False,True,False,False,False,False,True,False,True,False
40,0,1256,7,1,4,32,1,4,4,14289,19631,1,18,3,1,1,12,5,2,6,2,2,3,2.75,8,0.46153846153846156,False,True,False,True,True,False,False,False,False,True,False,False,False,False,False,False,True,False,False,False,False,False,False,True,False,True,False
36,0,442,16,2,1,52,2,2,3,6163,2103,0,16,3,2,3,10,6,1,1,1,0,1,1.75,3,0.09090909090909091,False,True,True,False,True,False,False,False,False,True,False,False,False,False,False,True,False,False,False,True,False,True,False,False,False,False,False
30,0,138,29,2,2,96,3,2,1,6572,9553,1,19,3,1,1,5,4,1,5,4,1,1,1.25,7,0.8333333333333334,False,False,True,False,True,False,False,False,False,False,False,False,False,False,False,False,False,True,False,False,False,True,False,False,True,False,False
45,0,126,15,1,2,67,4,4,2,13068,6102,4,17,3,3,2,12,6,4,9,8,0,3,2.75,12,0.6923076923076923,False,True,True,False,True,False,False,False,False,True,False,False,False,False,False,False,False,False,True,False,False,False,False,True,False,True,False
50,0,1371,15,3,3,42,4,5,1,19183,5448,2,19,3,3,0,16,6,1,16,13,2,10,2.0,20,0.9411764705882353,True,False,True,False,True,False,False,False,False,True,False,True,False,False,False,False,False,False,False,True,True,False,False,True,False,False,True
18,1,844,23,3,3,45,3,1,1,3226,14397,0,13,3,1,2,5,3,3,5,2,1,1,2.0,4,0.8333333333333334,True,False,False,True,False,False,True,False,False,True,False,False,False,False,False,True,False,False,False,False,False,False,False,False,True,False,False
41,0,121,4,1,4,63,4,3,3,6522,21880,1,24,3,3,1,13,1,2,7,3,0,1,3.0,6,0.5,True,False,False,True,True,False,False,False,False,True,True,False,False,False,False,False,False,False,False,True,True,True,False,False,False,True,False
60,0,447,18,2,3,45,1,5,4,17856,18771,3,18,4,4,1,25,6,2,15,10,4,10,3.25,19,0.5769230769230769,False,True,True,False,True,False,False,False,False,False,False,False,False,False,False,False,False,True,True,False,False,False,False,True,False,False,True
30,0,560,5,4,4,60,3,3,4,9569,25347,1,21,3,1,3,11,5,2,7,3,1,4,2.75,7,0.5833333333333334,True,False,True,False,True,False,False,False,False,True,False,False,True,False,False,False,False,False,False,False,False,False,True,False,False,True,False
30,0,1491,23,5,1,71,3,3,2,7946,4326,2,25,3,4,2,12,3,2,9,5,1,5,2.25,9,0.6923076923076923,True,False,True,False,False,False,True,False,False,False,False,True,False,False,False,False,False,False,True,False,False,True,False,False,False,True,False
